{
    "timestamp": 33128275225, 
    "id": 506110, 
    "fingers": [
        {
            "type": 0, 
            "bone": [
                {
                    "length": 0.0, 
                    "direction": [
                        0.0, 
                        0.0, 
                        0.0
                    ], 
                    "center": [
                        -5.178899765014648, 
                        224.0880126953125, 
                        56.9769287109375
                    ]
                }, 
                {
                    "length": 47.73451232910156, 
                    "direction": [
                        -0.5817331671714783, 
                        -0.15050175786018372, 
                        0.7993345856666565
                    ], 
                    "center": [
                        8.705473899841309, 
                        227.68008422851562, 
                        37.89900588989258
                    ]
                }, 
                {
                    "length": 32.60446548461914, 
                    "direction": [
                        -0.2357180416584015, 
                        0.036275845021009445, 
                        0.9711441397666931
                    ], 
                    "center": [
                        26.432579040527344, 
                        230.68075561523438, 
                        2.9892663955688477
                    ]
                }, 
                {
                    "length": 22.380069732666016, 
                    "direction": [
                        0.3645924925804138, 
                        0.3019621968269348, 
                        0.8808468580245972
                    ], 
                    "center": [
                        26.195507049560547, 
                        226.71041870117188, 
                        -22.69925880432129
                    ]
                }
            ]
        }, 
        {
            "type": 1, 
            "bone": [
                {
                    "length": 70.35211181640625, 
                    "direction": [
                        -0.22906140983104706, 
                        -0.03612830117344856, 
                        0.9727412462234497
                    ], 
                    "center": [
                        -5.684083938598633, 
                        245.0087890625, 
                        15.385977745056152
                    ]
                }, 
                {
                    "length": 41.083499908447266, 
                    "direction": [
                        -0.06787517666816711, 
                        0.99141925573349, 
                        0.11171774566173553
                    ], 
                    "center": [
                        3.7676684856414795, 
                        225.91415405273438, 
                        -21.126102447509766
                    ]
                }, 
                {
                    "length": 23.11332893371582, 
                    "direction": [
                        0.25046706199645996, 
                        0.36906757950782776, 
                        -0.8950170278549194
                    ], 
                    "center": [
                        2.2673795223236084, 
                        201.28347778320312, 
                        -13.077569007873535
                    ]
                }, 
                {
                    "length": 16.33837890625, 
                    "direction": [
                        0.28385260701179504, 
                        -0.1678754687309265, 
                        -0.9440579414367676
                    ], 
                    "center": [
                        -2.9460301399230957, 
                        198.38970947265625, 
                        4.978029727935791
                    ]
                }
            ]
        }, 
        {
            "type": 2, 
            "bone": [
                {
                    "length": 66.7167739868164, 
                    "direction": [
                        -0.09386801719665527, 
                        -0.02947499230504036, 
                        0.995148241519928
                    ], 
                    "center": [
                        -21.87877655029297, 
                        245.949951171875, 
                        13.219670295715332
                    ]
                }, 
                {
                    "length": 46.092403411865234, 
                    "direction": [
                        -0.2258864790201187, 
                        0.966266930103302, 
                        0.12370718270540237
                    ], 
                    "center": [
                        -13.541666030883789, 
                        224.66441345214844, 
                        -22.827850341796875
                    ]
                }, 
                {
                    "length": 27.192766189575195, 
                    "direction": [
                        0.046529944986104965, 
                        0.38941922783851624, 
                        -0.9198845624923706
                    ], 
                    "center": [
                        -8.968480110168457, 
                        197.10093688964844, 
                        -13.171728134155273
                    ]
                }, 
                {
                    "length": 17.97015380859375, 
                    "direction": [
                        0.16895000636577606, 
                        -0.14186307787895203, 
                        -0.9753618836402893
                    ], 
                    "center": [
                        -11.119148254394531, 
                        193.08090209960938, 
                        8.099076271057129
                    ]
                }
            ]
        }, 
        {
            "type": 3, 
            "bone": [
                {
                    "length": 59.900508880615234, 
                    "direction": [
                        0.056685853749513626, 
                        -0.018259188160300255, 
                        0.9982250332832336
                    ], 
                    "center": [
                        -38.18836212158203, 
                        243.92193603515625, 
                        14.600723266601562
                    ]
                }, 
                {
                    "length": 42.7255744934082, 
                    "direction": [
                        -0.2790569067001343, 
                        0.947964608669281, 
                        0.15326546132564545
                    ], 
                    "center": [
                        -33.924686431884766, 
                        224.2176513671875, 
                        -18.57054901123047
                    ]
                }, 
                {
                    "length": 26.490482330322266, 
                    "direction": [
                        -0.1249413713812828, 
                        0.37735119462013245, 
                        -0.9176031947135925
                    ], 
                    "center": [
                        -26.308374404907227, 
                        198.96836853027344, 
                        -9.690850257873535
                    ]
                }, 
                {
                    "length": 17.86687660217285, 
                    "direction": [
                        0.029050037264823914, 
                        -0.14513243734836578, 
                        -0.9889855980873108
                    ], 
                    "center": [
                        -24.913013458251953, 
                        195.26678466796875, 
                        11.298068046569824
                    ]
                }
            ]
        }, 
        {
            "type": 4, 
            "bone": [
                {
                    "length": 55.44927978515625, 
                    "direction": [
                        0.1985032558441162, 
                        -0.047093719244003296, 
                        0.9789682030677795
                    ], 
                    "center": [
                        -52.880210876464844, 
                        236.51568603515625, 
                        17.581504821777344
                    ]
                }, 
                {
                    "length": 33.81279373168945, 
                    "direction": [
                        -0.3767693340778351, 
                        0.8931877017021179, 
                        0.24548009037971497
                    ], 
                    "center": [
                        -52.01382827758789, 
                        222.7207489013672, 
                        -13.710217475891113
                    ]
                }, 
                {
                    "length": 18.70342254638672, 
                    "direction": [
                        -0.47585636377334595, 
                        0.3074221909046173, 
                        -0.82404625415802
                    ], 
                    "center": [
                        -41.193946838378906, 
                        204.7452392578125, 
                        -10.154158592224121
                    ]
                }, 
                {
                    "length": 16.48296546936035, 
                    "direction": [
                        -0.2628105878829956, 
                        -0.18598395586013794, 
                        -0.9467527270317078
                    ], 
                    "center": [
                        -34.57792663574219, 
                        203.40310668945312, 
                        5.35473108291626
                    ]
                }
            ]
        }
    ], 
    "hand": {
        "grab_strength": 1.0, 
        "wrist_position": [
            -32.93651580810547, 
            233.00189208984375, 
            53.720436096191406
        ], 
        "palm_width": 87.01065063476562, 
        "palm_velocity": [
            -1.8774223327636719, 
            -0.9285199046134949, 
            -0.05002104863524437
        ], 
        "palm_normal": [
            0.07667150348424911, 
            -0.9822962284088135, 
            -0.17092585563659668
        ], 
        "is_left": true, 
        "palm_position": [
            -22.588333129882812, 
            238.47613525390625, 
            2.7334816455841064
        ], 
        "pinch_strength": 0.22120851278305054, 
        "is_right": false
    }
}