{
    "timestamp": 33128344299, 
    "id": 506116, 
    "fingers": [
        {
            "type": 0, 
            "bone": [
                {
                    "length": 0.0, 
                    "direction": [
                        0.0, 
                        0.0, 
                        0.0
                    ], 
                    "center": [
                        -5.337923049926758, 
                        224.02809143066406, 
                        57.03228759765625
                    ]
                }, 
                {
                    "length": 47.73451232910156, 
                    "direction": [
                        -0.5826027989387512, 
                        -0.1502808779478073, 
                        0.7987424731254578
                    ], 
                    "center": [
                        8.567206382751465, 
                        227.61488342285156, 
                        37.96849822998047
                    ]
                }, 
                {
                    "length": 32.60446548461914, 
                    "direction": [
                        -0.2354070544242859, 
                        0.03640922158956528, 
                        0.9712146520614624
                    ], 
                    "center": [
                        26.30999755859375, 
                        230.60812377929688, 
                        3.071737766265869
                    ]
                }, 
                {
                    "length": 22.380067825317383, 
                    "direction": [
                        0.361823707818985, 
                        0.2998499870300293, 
                        0.8827080726623535
                    ], 
                    "center": [
                        26.098838806152344, 
                        226.65924072265625, 
                        -22.638763427734375
                    ]
                }
            ]
        }, 
        {
            "type": 1, 
            "bone": [
                {
                    "length": 70.35211181640625, 
                    "direction": [
                        -0.229730486869812, 
                        -0.03625670075416565, 
                        0.9725787043571472
                    ], 
                    "center": [
                        -5.784786224365234, 
                        244.97012329101562, 
                        15.451369285583496
                    ]
                }, 
                {
                    "length": 41.08348846435547, 
                    "direction": [
                        -0.06636496633291245, 
                        0.991487443447113, 
                        0.11201917380094528
                    ], 
                    "center": [
                        3.659478187561035, 
                        225.8786163330078, 
                        -21.06118392944336
                    ]
                }, 
                {
                    "length": 23.11332893371582, 
                    "direction": [
                        0.25144162774086, 
                        0.3689236640930176, 
                        -0.8948030471801758
                    ], 
                    "center": [
                        2.116903781890869, 
                        201.24819946289062, 
                        -13.02131462097168
                    ]
                }, 
                {
                    "length": 16.33837890625, 
                    "direction": [
                        0.2839970588684082, 
                        -0.16802583634853363, 
                        -0.9439878463745117
                    ], 
                    "center": [
                        -3.1089487075805664, 
                        198.35731506347656, 
                        5.0312395095825195
                    ]
                }
            ]
        }, 
        {
            "type": 2, 
            "bone": [
                {
                    "length": 66.7167739868164, 
                    "direction": [
                        -0.09454119950532913, 
                        -0.029821718111634254, 
                        0.9950741529464722
                    ], 
                    "center": [
                        -21.976648330688477, 
                        245.93719482421875, 
                        13.275317192077637
                    ]
                }, 
                {
                    "length": 46.0924186706543, 
                    "direction": [
                        -0.22494015097618103, 
                        0.9659187197685242, 
                        0.12807399034500122
                    ], 
                    "center": [
                        -13.638888359069824, 
                        224.67123413085938, 
                        -22.870372772216797
                    ]
                }, 
                {
                    "length": 27.19276237487793, 
                    "direction": [
                        0.0465778186917305, 
                        0.3944358229637146, 
                        -0.9177422523498535
                    ], 
                    "center": [
                        -9.088159561157227, 
                        197.04757690429688, 
                        -13.344018936157227
                    ]
                }, 
                {
                    "length": 17.970151901245117, 
                    "direction": [
                        0.16871888935565948, 
                        -0.13756738603115082, 
                        -0.9760169386863708
                    ], 
                    "center": [
                        -11.237401962280273, 
                        192.9207305908203, 
                        7.903541564941406
                    ]
                }
            ]
        }, 
        {
            "type": 3, 
            "bone": [
                {
                    "length": 59.900508880615234, 
                    "direction": [
                        0.05602768063545227, 
                        -0.018838457763195038, 
                        0.9982514381408691
                    ], 
                    "center": [
                        -38.29019546508789, 
                        243.93350219726562, 
                        14.645086288452148
                    ]
                }, 
                {
                    "length": 42.72559356689453, 
                    "direction": [
                        -0.2774110734462738, 
                        0.947552502155304, 
                        0.1587052345275879
                    ], 
                    "center": [
                        -34.041961669921875, 
                        224.25535583496094, 
                        -18.6431884765625
                    ]
                }, 
                {
                    "length": 26.4904842376709, 
                    "direction": [
                        -0.1252511888742447, 
                        0.3831988573074341, 
                        -0.9151343107223511
                    ], 
                    "center": [
                        -26.456703186035156, 
                        198.9374237060547, 
                        -9.912400245666504
                    ]
                }, 
                {
                    "length": 17.86687469482422, 
                    "direction": [
                        0.02824448049068451, 
                        -0.14049594104290009, 
                        -0.9896783828735352
                    ], 
                    "center": [
                        -25.05004119873047, 
                        195.11697387695312, 
                        11.050004005432129
                    ]
                }
            ]
        }, 
        {
            "type": 4, 
            "bone": [
                {
                    "length": 55.44927978515625, 
                    "direction": [
                        0.19781281054019928, 
                        -0.04788102209568024, 
                        0.979069709777832
                    ], 
                    "center": [
                        -52.99524688720703, 
                        236.54830932617188, 
                        17.612945556640625
                    ]
                }, 
                {
                    "length": 33.812801361083984, 
                    "direction": [
                        -0.37474992871284485, 
                        0.8934871554374695, 
                        0.2474738210439682
                    ], 
                    "center": [
                        -52.14386749267578, 
                        222.7701416015625, 
                        -13.715303421020508
                    ]
                }, 
                {
                    "length": 18.703418731689453, 
                    "direction": [
                        -0.4757571220397949, 
                        0.3105884790420532, 
                        -0.8229154944419861
                    ], 
                    "center": [
                        -41.35905075073242, 
                        204.75994873046875, 
                        -10.203527450561523
                    ]
                }, 
                {
                    "length": 16.482967376708984, 
                    "direction": [
                        -0.2637399733066559, 
                        -0.183373361825943, 
                        -0.9470034241676331
                    ], 
                    "center": [
                        -34.736297607421875, 
                        203.36669921875, 
                        5.296852111816406
                    ]
                }
            ]
        }
    ], 
    "hand": {
        "grab_strength": 1.0, 
        "wrist_position": [
            -33.07978439331055, 
            232.98611450195312, 
            53.76270294189453
        ], 
        "palm_width": 87.01065063476562, 
        "palm_velocity": [
            -1.4610638618469238, 
            -0.1293478012084961, 
            0.7554731369018555
        ], 
        "palm_normal": [
            0.07527364790439606, 
            -0.9823281764984131, 
            -0.17136284708976746
        ], 
        "is_left": true, 
        "palm_position": [
            -22.6910400390625, 
            238.46963500976562, 
            2.784991502761841
        ], 
        "pinch_strength": 0.2200975865125656, 
        "is_right": false
    }
}