{
    "timestamp": 33136927035, 
    "id": 506837, 
    "fingers": [
        {
            "type": 0, 
            "bone": [
                {
                    "length": 0.0, 
                    "direction": [
                        0.0, 
                        0.0, 
                        0.0
                    ], 
                    "center": [
                        -2.4236977100372314, 
                        166.12652587890625, 
                        90.8624267578125
                    ]
                }, 
                {
                    "length": 47.73451232910156, 
                    "direction": [
                        -0.5665392279624939, 
                        -0.19606730341911316, 
                        0.8003692626953125
                    ], 
                    "center": [
                        11.098037719726562, 
                        170.80612182617188, 
                        71.75981140136719
                    ]
                }, 
                {
                    "length": 32.604469299316406, 
                    "direction": [
                        -0.2284180223941803, 
                        -0.0518493689596653, 
                        0.9721814393997192
                    ], 
                    "center": [
                        28.34349822998047, 
                        176.33096313476562, 
                        36.80846405029297
                    ]
                }, 
                {
                    "length": 22.380067825317383, 
                    "direction": [
                        0.43707409501075745, 
                        0.2137117236852646, 
                        0.8736667633056641
                    ], 
                    "center": [
                        27.176349639892578, 
                        174.7847900390625, 
                        11.183371543884277
                    ]
                }
            ]
        }, 
        {
            "type": 1, 
            "bone": [
                {
                    "length": 70.35211181640625, 
                    "direction": [
                        -0.20557892322540283, 
                        -0.14874844253063202, 
                        0.9672699570655823
                    ], 
                    "center": [
                        -3.2865569591522217, 
                        192.01132202148438, 
                        52.171661376953125
                    ]
                }, 
                {
                    "length": 41.083492279052734, 
                    "direction": [
                        -0.04870828986167908, 
                        0.9572126269340515, 
                        0.28525683283805847
                    ], 
                    "center": [
                        4.945452690124512, 
                        177.58087158203125, 
                        12.287245750427246
                    ]
                }, 
                {
                    "length": 23.11333465576172, 
                    "direction": [
                        0.24821563065052032, 
                        0.5131514668464661, 
                        -0.8216230869293213
                    ], 
                    "center": [
                        3.077460289001465, 
                        151.98773193359375, 
                        15.922797203063965
                    ]
                }, 
                {
                    "length": 16.33837890625, 
                    "direction": [
                        0.2699682414531708, 
                        -0.028817130252718925, 
                        -0.9624378085136414
                    ], 
                    "center": [
                        -1.9965068101882935, 
                        146.29283142089844, 
                        33.280357360839844
                    ]
                }
            ]
        }, 
        {
            "type": 2, 
            "bone": [
                {
                    "length": 66.7167739868164, 
                    "direction": [
                        -0.06971888244152069, 
                        -0.1489027440547943, 
                        0.9863909482955933
                    ], 
                    "center": [
                        -19.490890502929688, 
                        193.69027709960938, 
                        50.60725402832031
                    ]
                }, 
                {
                    "length": 46.092403411865234, 
                    "direction": [
                        -0.19899217784404755, 
                        0.9238137006759644, 
                        0.32706305384635925
                    ], 
                    "center": [
                        -12.579168319702148, 
                        177.36703491210938, 
                        10.165281295776367
                    ]
                }, 
                {
                    "length": 27.192764282226562, 
                    "direction": [
                        0.02684997208416462, 
                        0.5645930171012878, 
                        -0.8249326348304749
                    ], 
                    "center": [
                        -8.358217239379883, 
                        148.4002227783203, 
                        13.843818664550781
                    ]
                }, 
                {
                    "length": 17.970151901245117, 
                    "direction": [
                        0.1397799253463745, 
                        0.0221280287951231, 
                        -0.9899352788925171
                    ], 
                    "center": [
                        -9.97921371459961, 
                        140.5249786376953, 
                        33.954559326171875
                    ]
                }
            ]
        }, 
        {
            "type": 3, 
            "bone": [
                {
                    "length": 59.900508880615234, 
                    "direction": [
                        0.08115224540233612, 
                        -0.14260731637477875, 
                        0.9864467978477478
                    ], 
                    "center": [
                        -35.81846237182617, 
                        191.99087524414062, 
                        52.202659606933594
                    ]
                }, 
                {
                    "length": 42.725582122802734, 
                    "direction": [
                        -0.23881836235523224, 
                        0.9068336486816406, 
                        0.34730181097984314
                    ], 
                    "center": [
                        -33.14716720581055, 
                        176.88951110839844, 
                        15.23898696899414
                    ]
                }, 
                {
                    "length": 26.490488052368164, 
                    "direction": [
                        -0.14347122609615326, 
                        0.5498362183570862, 
                        -0.822858452796936
                    ], 
                    "center": [
                        -26.14502716064453, 
                        150.2342987060547, 
                        18.718612670898438
                    ]
                }, 
                {
                    "length": 17.86687660217285, 
                    "direction": [
                        -0.0038654315285384655, 
                        0.01960076577961445, 
                        -0.9998005032539368
                    ], 
                    "center": [
                        -24.210186004638672, 
                        142.7764892578125, 
                        38.54922866821289
                    ]
                }
            ]
        }, 
        {
            "type": 4, 
            "bone": [
                {
                    "length": 55.44927978515625, 
                    "direction": [
                        0.22141464054584503, 
                        -0.1730341613292694, 
                        0.9597055315971375
                    ], 
                    "center": [
                        -50.6663818359375, 
                        184.7117919921875, 
                        54.68104553222656
                    ]
                }, 
                {
                    "length": 33.812801361083984, 
                    "direction": [
                        -0.31354427337646484, 
                        0.8543663024902344, 
                        0.41442516446113586
                    ], 
                    "center": [
                        -51.504119873046875, 
                        175.06484985351562, 
                        21.067115783691406
                    ]
                }, 
                {
                    "length": 18.70341682434082, 
                    "direction": [
                        -0.5091592669487, 
                        0.4561038613319397, 
                        -0.7298809289932251
                    ], 
                    "center": [
                        -41.44170379638672, 
                        156.35523986816406, 
                        20.886310577392578
                    ]
                }, 
                {
                    "length": 16.48296546936035, 
                    "direction": [
                        -0.3192754089832306, 
                        -0.03873998299241066, 
                        -0.9468699097633362
                    ], 
                    "center": [
                        -34.048892974853516, 
                        152.40916442871094, 
                        35.51555633544922
                    ]
                }
            ]
        }
    ], 
    "hand": {
        "grab_strength": 1.0, 
        "wrist_position": [
            -29.946142196655273, 
            176.1901397705078, 
            89.52603149414062
        ], 
        "palm_width": 87.01065063476562, 
        "palm_velocity": [
            -24.971294403076172, 
            48.37610626220703, 
            -78.20035552978516
        ], 
        "palm_normal": [
            0.039985522627830505, 
            -0.955636739730835, 
            -0.291821151971817
        ], 
        "is_left": true, 
        "palm_position": [
            -20.70958137512207, 
            187.58770751953125, 
            39.311458587646484
        ], 
        "pinch_strength": 0.30453187227249146, 
        "is_right": false
    }
}