{
    "timestamp": 33136915611, 
    "id": 506836, 
    "fingers": [
        {
            "type": 0, 
            "bone": [
                {
                    "length": 0.0, 
                    "direction": [
                        0.0, 
                        0.0, 
                        0.0
                    ], 
                    "center": [
                        -2.2579381465911865, 
                        165.36611938476562, 
                        91.7904281616211
                    ]
                }, 
                {
                    "length": 47.73451614379883, 
                    "direction": [
                        -0.5695669651031494, 
                        -0.19244329631328583, 
                        0.7990988492965698
                    ], 
                    "center": [
                        11.336063385009766, 
                        169.95921325683594, 
                        72.71813201904297
                    ]
                }, 
                {
                    "length": 32.60446548461914, 
                    "direction": [
                        -0.22812239825725555, 
                        -0.05023806169629097, 
                        0.9723354578018188
                    ], 
                    "center": [
                        28.648969650268555, 
                        175.37130737304688, 
                        37.794593811035156
                    ]
                }, 
                {
                    "length": 22.38007164001465, 
                    "direction": [
                        0.4426255226135254, 
                        0.21096470952033997, 
                        0.871536910533905
                    ], 
                    "center": [
                        27.414878845214844, 
                        173.82958984375, 
                        12.190824508666992
                    ]
                }
            ]
        }, 
        {
            "type": 1, 
            "bone": [
                {
                    "length": 70.35210418701172, 
                    "direction": [
                        -0.20717163383960724, 
                        -0.14861269295215607, 
                        0.9669510126113892
                    ], 
                    "center": [
                        -2.9009151458740234, 
                        191.31591796875, 
                        53.138946533203125
                    ]
                }, 
                {
                    "length": 41.08348083496094, 
                    "direction": [
                        -0.040679387748241425, 
                        0.957854688167572, 
                        0.28435835242271423
                    ], 
                    "center": [
                        5.222190856933594, 
                        176.86752319335938, 
                        13.284208297729492
                    ]
                }, 
                {
                    "length": 23.11333465576172, 
                    "direction": [
                        0.25297605991363525, 
                        0.510310709476471, 
                        -0.8219403624534607
                    ], 
                    "center": [
                        3.1342556476593018, 
                        151.2940216064453, 
                        16.941884994506836
                    ]
                }, 
                {
                    "length": 16.33837890625, 
                    "direction": [
                        0.2702237665653229, 
                        -0.03104640357196331, 
                        -0.9622967839241028
                    ], 
                    "center": [
                        -1.9968140125274658, 
                        145.650146484375, 
                        34.301963806152344
                    ]
                }
            ]
        }, 
        {
            "type": 2, 
            "bone": [
                {
                    "length": 66.7167739868164, 
                    "direction": [
                        -0.07132556289434433, 
                        -0.149858757853508, 
                        0.9861313700675964
                    ], 
                    "center": [
                        -19.090919494628906, 
                        193.12396240234375, 
                        51.56999969482422
                    ]
                }, 
                {
                    "length": 46.092403411865234, 
                    "direction": [
                        -0.19173413515090942, 
                        0.9255202412605286, 
                        0.32657328248023987
                    ], 
                    "center": [
                        -12.292869567871094, 
                        176.79327392578125, 
                        11.147976875305176
                    ]
                }, 
                {
                    "length": 27.192773818969727, 
                    "direction": [
                        0.03196657449007034, 
                        0.5640254616737366, 
                        -0.8251383900642395
                    ], 
                    "center": [
                        -8.308755874633789, 
                        147.79483032226562, 
                        14.84060287475586
                    ]
                }, 
                {
                    "length": 17.970151901245117, 
                    "direction": [
                        0.1405140906572342, 
                        0.0212525874376297, 
                        -0.9898504614830017
                    ], 
                    "center": [
                        -10.005914688110352, 
                        139.9351806640625, 
                        34.95338439941406
                    ]
                }
            ]
        }, 
        {
            "type": 3, 
            "bone": [
                {
                    "length": 59.900508880615234, 
                    "direction": [
                        0.0795900821685791, 
                        -0.14474353194236755, 
                        0.9862629771232605
                    ], 
                    "center": [
                        -35.4319953918457, 
                        191.54986572265625, 
                        53.15564727783203
                    ]
                }, 
                {
                    "length": 42.72559356689453, 
                    "direction": [
                        -0.23189131915569305, 
                        0.9081894755363464, 
                        0.34845128655433655
                    ], 
                    "center": [
                        -32.86189270019531, 
                        176.4835205078125, 
                        16.172924041748047
                    ]
                }, 
                {
                    "length": 26.490480422973633, 
                    "direction": [
                        -0.13874489068984985, 
                        0.5520672798156738, 
                        -0.8221749067306519
                    ], 
                    "center": [
                        -26.070335388183594, 
                        149.769775390625, 
                        19.618932723999023
                    ]
                }, 
                {
                    "length": 17.866878509521484, 
                    "direction": [
                        -0.0032103925477713346, 
                        0.02103467471897602, 
                        -0.9997735619544983
                    ], 
                    "center": [
                        -24.20394515991211, 
                        142.2696075439453, 
                        39.44025421142578
                    ]
                }
            ]
        }, 
        {
            "type": 4, 
            "bone": [
                {
                    "length": 55.44927978515625, 
                    "direction": [
                        0.21962229907512665, 
                        -0.176225483417511, 
                        0.9595367312431335
                    ], 
                    "center": [
                        -50.337501525878906, 
                        184.38336181640625, 
                        55.61637496948242
                    ]
                }, 
                {
                    "length": 33.812801361083984, 
                    "direction": [
                        -0.30769509077072144, 
                        0.8564101457595825, 
                        0.41459059715270996
                    ], 
                    "center": [
                        -51.22443389892578, 
                        174.79034423828125, 
                        22.004331588745117
                    ]
                }, 
                {
                    "length": 18.70342254638672, 
                    "direction": [
                        -0.5044364333152771, 
                        0.4605426490306854, 
                        -0.7303726077079773
                    ], 
                    "center": [
                        -41.30506896972656, 
                        156.00466918945312, 
                        21.82533073425293
                    ]
                }, 
                {
                    "length": 16.482967376708984, 
                    "direction": [
                        -0.31815072894096375, 
                        -0.03520646318793297, 
                        -0.9473862051963806
                    ], 
                    "center": [
                        -33.96569061279297, 
                        151.98794555664062, 
                        36.46343231201172
                    ]
                }
            ]
        }
    ], 
    "hand": {
        "grab_strength": 1.0, 
        "wrist_position": [
            -29.700237274169922, 
            175.64671325683594, 
            90.45736694335938
        ], 
        "palm_width": 87.01065063476562, 
        "palm_velocity": [
            -21.79653549194336, 
            48.96112823486328, 
            -75.57929992675781
        ], 
        "palm_normal": [
            0.032642435282468796, 
            -0.9554736018180847, 
            -0.29326561093330383
        ], 
        "is_left": true, 
        "palm_position": [
            -20.352205276489258, 
            187.04833984375, 
            40.264347076416016
        ], 
        "pinch_strength": 0.3057890236377716, 
        "is_right": false
    }
}