{
    "timestamp": 33136881152, 
    "id": 506833, 
    "fingers": [
        {
            "type": 0, 
            "bone": [
                {
                    "length": 0.0, 
                    "direction": [
                        0.0, 
                        0.0, 
                        0.0
                    ], 
                    "center": [
                        -2.0062882900238037, 
                        162.974609375, 
                        93.99419403076172
                    ]
                }, 
                {
                    "length": 47.73451232910156, 
                    "direction": [
                        -0.5780799984931946, 
                        -0.19198237359523773, 
                        0.7930738925933838
                    ], 
                    "center": [
                        11.790894508361816, 
                        167.55670166015625, 
                        75.0656967163086
                    ]
                }, 
                {
                    "length": 32.60446548461914, 
                    "direction": [
                        -0.22998502850532532, 
                        -0.055272772908210754, 
                        0.9716233015060425
                    ], 
                    "center": [
                        29.33734703063965, 
                        173.03985595703125, 
                        40.297569274902344
                    ]
                }, 
                {
                    "length": 22.38007164001465, 
                    "direction": [
                        0.4552164673805237, 
                        0.19918587803840637, 
                        0.8678150773048401
                    ], 
                    "center": [
                        27.99272918701172, 
                        171.7120361328125, 
                        14.74705982208252
                    ]
                }
            ]
        }, 
        {
            "type": 1, 
            "bone": [
                {
                    "length": 70.35211181640625, 
                    "direction": [
                        -0.21217839419841766, 
                        -0.1564936488866806, 
                        0.9646191000938416
                    ], 
                    "center": [
                        -2.1369247436523438, 
                        189.37469482421875, 
                        55.643699645996094
                    ]
                }, 
                {
                    "length": 41.083492279052734, 
                    "direction": [
                        -0.024267693981528282, 
                        0.9574525356292725, 
                        0.28756850957870483
                    ], 
                    "center": [
                        5.8251752853393555, 
                        175.21176147460938, 
                        15.805042266845703
                    ]
                }, 
                {
                    "length": 23.11333465576172, 
                    "direction": [
                        0.26416370272636414, 
                        0.5087144374847412, 
                        -0.8194064497947693
                    ], 
                    "center": [
                        3.2708239555358887, 
                        149.66497802734375, 
                        19.36749267578125
                    ]
                }, 
                {
                    "length": 16.338380813598633, 
                    "direction": [
                        0.27231496572494507, 
                        -0.02935039810836315, 
                        -0.9617604613304138
                    ], 
                    "center": [
                        -2.0066208839416504, 
                        144.02569580078125, 
                        36.693904876708984
                    ]
                }
            ]
        }, 
        {
            "type": 2, 
            "bone": [
                {
                    "length": 66.7167739868164, 
                    "direction": [
                        -0.07642265409231186, 
                        -0.1600768268108368, 
                        0.9841417074203491
                    ], 
                    "center": [
                        -18.292381286621094, 
                        191.4526824951172, 
                        54.053096771240234
                    ]
                }, 
                {
                    "length": 46.09241485595703, 
                    "direction": [
                        -0.17757382988929749, 
                        0.9271044135093689, 
                        0.33006805181503296
                    ], 
                    "center": [
                        -11.650640487670898, 
                        175.4263458251953, 
                        13.616897583007812
                    ]
                }, 
                {
                    "length": 27.192764282226562, 
                    "direction": [
                        0.04439425468444824, 
                        0.5669761300086975, 
                        -0.8225371241569519
                    ], 
                    "center": [
                        -8.16183853149414, 
                        146.35128784179688, 
                        17.1936092376709
                    ]
                }, 
                {
                    "length": 17.970151901245117, 
                    "direction": [
                        0.14420032501220703, 
                        0.025563562288880348, 
                        -0.9892182946205139
                    ], 
                    "center": [
                        -10.061090469360352, 
                        138.4127655029297, 
                        37.26533889770508
                    ]
                }
            ]
        }, 
        {
            "type": 3, 
            "bone": [
                {
                    "length": 59.900508880615234, 
                    "direction": [
                        0.07455332577228546, 
                        -0.1573149859905243, 
                        0.9847303032875061
                    ], 
                    "center": [
                        -34.66035461425781, 
                        190.11520385742188, 
                        55.57736587524414
                    ]
                }, 
                {
                    "length": 42.7255859375, 
                    "direction": [
                        -0.21874910593032837, 
                        0.9077546000480652, 
                        0.35795316100120544
                    ], 
                    "center": [
                        -32.22015380859375, 
                        175.43466186523438, 
                        18.43756103515625
                    ]
                }, 
                {
                    "length": 26.490482330322266, 
                    "direction": [
                        -0.127763032913208, 
                        0.5632458329200745, 
                        -0.8163520097732544
                    ], 
                    "center": [
                        -25.854808807373047, 
                        148.5821533203125, 
                        21.60346221923828
                    ]
                }, 
                {
                    "length": 17.86687660217285, 
                    "direction": [
                        -1.249013985216152e-05, 
                        0.03227708488702774, 
                        -0.9994789361953735
                    ], 
                    "center": [
                        -24.162445068359375, 
                        140.83348083496094, 
                        41.34502410888672
                    ]
                }
            ]
        }, 
        {
            "type": 4, 
            "bone": [
                {
                    "length": 55.449283599853516, 
                    "direction": [
                        0.21415381133556366, 
                        -0.19066466391086578, 
                        0.9580109715461731
                    ], 
                    "center": [
                        -49.682342529296875, 
                        183.15390014648438, 
                        57.91579818725586
                    ]
                }, 
                {
                    "length": 33.81279754638672, 
                    "direction": [
                        -0.29840028285980225, 
                        0.8575853705406189, 
                        0.41893264651298523
                    ], 
                    "center": [
                        -50.574806213378906, 
                        173.94134521484375, 
                        24.27264404296875
                    ]
                }, 
                {
                    "length": 18.703420639038086, 
                    "direction": [
                        -0.4919092655181885, 
                        0.47344014048576355, 
                        -0.7306706309318542
                    ], 
                    "center": [
                        -40.92974090576172, 
                        155.0151824951172, 
                        24.023021697998047
                    ]
                }, 
                {
                    "length": 16.482967376708984, 
                    "direction": [
                        -0.3119528591632843, 
                        -0.02160470373928547, 
                        -0.949851930141449
                    ], 
                    "center": [
                        -33.75859451293945, 
                        150.76576232910156, 
                        38.68423080444336
                    ]
                }
            ]
        }
    ], 
    "hand": {
        "grab_strength": 1.0, 
        "wrist_position": [
            -29.281572341918945, 
            173.69613647460938, 
            92.7077407836914
        ], 
        "palm_width": 87.01065063476562, 
        "palm_velocity": [
            -20.833402633666992, 
            59.76472473144531, 
            -87.175048828125
        ], 
        "palm_normal": [
            0.018608812242746353, 
            -0.9524252414703369, 
            -0.304203599691391
        ], 
        "is_left": true, 
        "palm_position": [
            -19.61614227294922, 
            185.528076171875, 
            42.6746826171875
        ], 
        "pinch_strength": 0.30695757269859314, 
        "is_right": false
    }
}