{
    "timestamp": 33129124271, 
    "id": 506184, 
    "fingers": [
        {
            "type": 0, 
            "bone": [
                {
                    "length": 0.0, 
                    "direction": [
                        0.0, 
                        0.0, 
                        0.0
                    ], 
                    "center": [
                        -1.5750374794006348, 
                        213.0045928955078, 
                        55.32918167114258
                    ]
                }, 
                {
                    "length": 47.73450469970703, 
                    "direction": [
                        -0.5595775842666626, 
                        -0.0942675992846489, 
                        0.8233994841575623
                    ], 
                    "center": [
                        11.78054141998291, 
                        215.25450134277344, 
                        35.67689895629883
                    ]
                }, 
                {
                    "length": 32.60446548461914, 
                    "direction": [
                        -0.24246405065059662, 
                        0.0474427193403244, 
                        0.9689996838569641
                    ], 
                    "center": [
                        29.088825225830078, 
                        216.73098754882812, 
                        0.22775554656982422
                    ]
                }, 
                {
                    "length": 22.380069732666016, 
                    "direction": [
                        0.35806185007095337, 
                        0.26539576053619385, 
                        0.8951853513717651
                    ], 
                    "center": [
                        29.034805297851562, 
                        212.98777770996094, 
                        -25.586257934570312
                    ]
                }
            ]
        }, 
        {
            "type": 1, 
            "bone": [
                {
                    "length": 70.35211181640625, 
                    "direction": [
                        -0.204751119017601, 
                        -0.09294243156909943, 
                        0.9743914604187012
                    ], 
                    "center": [
                        -2.5281519889831543, 
                        236.59765625, 
                        15.201874732971191
                    ]
                }, 
                {
                    "length": 41.08349609375, 
                    "direction": [
                        -0.047498177736997604, 
                        0.9750509262084961, 
                        0.2168399840593338
                    ], 
                    "center": [
                        5.649880409240723, 
                        219.83775329589844, 
                        -23.527645111083984
                    ]
                }, 
                {
                    "length": 23.11332893371582, 
                    "direction": [
                        0.2452830821275711, 
                        0.4591217339038849, 
                        -0.8538404107093811
                    ], 
                    "center": [
                        3.790921688079834, 
                        194.50259399414062, 
                        -18.11437225341797
                    ]
                }, 
                {
                    "length": 16.33837890625, 
                    "direction": [
                        0.267622709274292, 
                        -0.08354222029447556, 
                        -0.9598950743675232
                    ], 
                    "center": [
                        -1.229993224143982, 
                        189.879150390625, 
                        -0.4052588939666748
                    ]
                }
            ]
        }, 
        {
            "type": 2, 
            "bone": [
                {
                    "length": 66.71678161621094, 
                    "direction": [
                        -0.0688832476735115, 
                        -0.09160106629133224, 
                        0.9934104084968567
                    ], 
                    "center": [
                        -18.737882614135742, 
                        238.13697814941406, 
                        13.552053451538086
                    ]
                }, 
                {
                    "length": 46.092403411865234, 
                    "direction": [
                        -0.19777515530586243, 
                        0.9505957961082458, 
                        0.23927505314350128
                    ], 
                    "center": [
                        -11.882081985473633, 
                        219.28501892089844, 
                        -25.10089874267578
                    ]
                }, 
                {
                    "length": 27.192764282226562, 
                    "direction": [
                        0.025966081768274307, 
                        0.49124154448509216, 
                        -0.8706362843513489
                    ], 
                    "center": [
                        -7.677160263061523, 
                        190.6982879638672, 
                        -18.77777671813965
                    ]
                }, 
                {
                    "length": 17.970151901245117, 
                    "direction": [
                        0.13605660200119019, 
                        -0.04840654879808426, 
                        -0.9895177483558655
                    ], 
                    "center": [
                        -9.252683639526367, 
                        184.45411682128906, 
                        1.9506192207336426
                    ]
                }
            ]
        }, 
        {
            "type": 3, 
            "bone": [
                {
                    "length": 59.900508880615234, 
                    "direction": [
                        0.08196918666362762, 
                        -0.08488424867391586, 
                        0.9930133819580078
                    ], 
                    "center": [
                        -35.05984878540039, 
                        236.4866943359375, 
                        15.252861022949219
                    ]
                }, 
                {
                    "length": 42.7255859375, 
                    "direction": [
                        -0.24022142589092255, 
                        0.9272580742835999, 
                        0.28720399737358093
                    ], 
                    "center": [
                        -32.3830451965332, 
                        219.2201690673828, 
                        -20.623624801635742
                    ]
                }, 
                {
                    "length": 26.490478515625, 
                    "direction": [
                        -0.15366846323013306, 
                        0.49897241592407227, 
                        -0.8528848886489868
                    ], 
                    "center": [
                        -25.215869903564453, 
                        192.80233764648438, 
                        -15.46243953704834
                    ]
                }, 
                {
                    "length": 17.86687469482422, 
                    "direction": [
                        -0.014969274401664734, 
                        -0.03464359790086746, 
                        -0.9992876648902893
                    ], 
                    "center": [
                        -23.046768188476562, 
                        186.5028076171875, 
                        4.761299133300781
                    ]
                }
            ]
        }, 
        {
            "type": 4, 
            "bone": [
                {
                    "length": 55.44927978515625, 
                    "direction": [
                        0.2223072052001953, 
                        -0.11641354858875275, 
                        0.9680017828941345
                    ], 
                    "center": [
                        -49.885799407958984, 
                        229.3215789794922, 
                        18.158126831054688
                    ]
                }, 
                {
                    "length": 33.81280517578125, 
                    "direction": [
                        -0.3137343227863312, 
                        0.8754808306694031, 
                        0.36756518483161926
                    ], 
                    "center": [
                        -50.74506759643555, 
                        217.74786376953125, 
                        -14.893579483032227
                    ]
                }, 
                {
                    "length": 18.703414916992188, 
                    "direction": [
                        -0.5147913694381714, 
                        0.42026209831237793, 
                        -0.7472413778305054
                    ], 
                    "center": [
                        -40.62677001953125, 
                        199.0164794921875, 
                        -14.11980152130127
                    ]
                }, 
                {
                    "length": 16.482967376708984, 
                    "direction": [
                        -0.3277594745159149, 
                        -0.08266682922840118, 
                        -0.9411375522613525
                    ], 
                    "center": [
                        -33.111366271972656, 
                        195.76760864257812, 
                        0.6245501041412354
                    ]
                }
            ]
        }
    ], 
    "hand": {
        "grab_strength": 1.0, 
        "wrist_position": [
            -29.126787185668945, 
            222.89549255371094, 
            53.42693328857422
        ], 
        "palm_width": 87.01065063476562, 
        "palm_velocity": [
            22.058984756469727, 
            -2.465669870376587, 
            -2.4389889240264893
        ], 
        "palm_normal": [
            0.042605724185705185, 
            -0.9708452224731445, 
            -0.23589041829109192
        ], 
        "is_left": true, 
        "palm_position": [
            -19.943737030029297, 
            231.3856658935547, 
            2.6301770210266113
        ], 
        "pinch_strength": 0.30059853196144104, 
        "is_right": false
    }
}