{
    "timestamp": 33136972950, 
    "id": 506841, 
    "fingers": [
        {
            "type": 0, 
            "bone": [
                {
                    "length": 0.0, 
                    "direction": [
                        0.0, 
                        0.0, 
                        0.0
                    ], 
                    "center": [
                        -3.1378417015075684, 
                        169.17417907714844, 
                        87.11415100097656
                    ]
                }, 
                {
                    "length": 47.7345085144043, 
                    "direction": [
                        -0.5567725896835327, 
                        -0.20812326669692993, 
                        0.8041697144508362
                    ], 
                    "center": [
                        10.150790214538574, 
                        174.14151000976562, 
                        67.92082977294922
                    ]
                }, 
                {
                    "length": 32.60446548461914, 
                    "direction": [
                        -0.22976617515087128, 
                        -0.05392540991306305, 
                        0.9717507362365723
                    ], 
                    "center": [
                        27.185123443603516, 
                        179.98794555664062, 
                        32.88579559326172
                    ]
                }, 
                {
                    "length": 22.380067825317383, 
                    "direction": [
                        0.42064300179481506, 
                        0.23140108585357666, 
                        0.8772189617156982
                    ], 
                    "center": [
                        26.22381591796875, 
                        178.2776641845703, 
                        7.227980613708496
                    ]
                }
            ]
        }, 
        {
            "type": 1, 
            "bone": [
                {
                    "length": 70.35211944580078, 
                    "direction": [
                        -0.20128056406974792, 
                        -0.14862610399723053, 
                        0.9681922793388367
                    ], 
                    "center": [
                        -4.848968982696533, 
                        194.73114013671875, 
                        48.23413848876953
                    ]
                }, 
                {
                    "length": 41.0834846496582, 
                    "direction": [
                        -0.08356785029172897, 
                        0.9550063014030457, 
                        0.28456905484199524
                    ], 
                    "center": [
                        3.9479169845581055, 
                        180.3417205810547, 
                        8.331404685974121
                    ]
                }, 
                {
                    "length": 23.11333656311035, 
                    "direction": [
                        0.23081348836421967, 
                        0.5215012431144714, 
                        -0.8214386701583862
                    ], 
                    "center": [
                        2.9971110820770264, 
                        154.69741821289062, 
                        11.978955268859863
                    ]
                }, 
                {
                    "length": 16.338380813598633, 
                    "direction": [
                        0.27230873703956604, 
                        -0.021648334339261055, 
                        -0.961966335773468
                    ], 
                    "center": [
                        -1.894865870475769, 
                        148.84744262695312, 
                        29.330535888671875
                    ]
                }
            ]
        }, 
        {
            "type": 2, 
            "bone": [
                {
                    "length": 66.7167739868164, 
                    "direction": [
                        -0.06551267206668854, 
                        -0.14399462938308716, 
                        0.9874074459075928
                    ], 
                    "center": [
                        -21.099761962890625, 
                        195.84347534179688, 
                        46.646305084228516
                    ]
                }, 
                {
                    "length": 46.09241485595703, 
                    "direction": [
                        -0.23089466989040375, 
                        0.918249249458313, 
                        0.32172343134880066
                    ], 
                    "center": [
                        -13.593118667602539, 
                        179.4847412109375, 
                        6.293478012084961
                    ]
                }, 
                {
                    "length": 27.192766189575195, 
                    "direction": [
                        0.007855667732656002, 
                        0.5608025193214417, 
                        -0.8279123902320862
                    ], 
                    "center": [
                        -8.378681182861328, 
                        150.69769287109375, 
                        10.135586738586426
                    ]
                }, 
                {
                    "length": 17.970151901245117, 
                    "direction": [
                        0.1396009773015976, 
                        0.021278060972690582, 
                        -0.9899792075157166
                    ], 
                    "center": [
                        -9.739814758300781, 
                        142.88162231445312, 
                        30.28723907470703
                    ]
                }
            ]
        }, 
        {
            "type": 3, 
            "bone": [
                {
                    "length": 59.900508880615234, 
                    "direction": [
                        0.08505473285913467, 
                        -0.1325424611568451, 
                        0.9875211715698242
                    ], 
                    "center": [
                        -37.361167907714844, 
                        193.59835815429688, 
                        48.24287796020508
                    ]
                }, 
                {
                    "length": 42.725582122802734, 
                    "direction": [
                        -0.2698119282722473, 
                        0.8999394774436951, 
                        0.3425059914588928
                    ], 
                    "center": [
                        -34.1446418762207, 
                        178.3428192138672, 
                        11.349480628967285
                    ]
                }, 
                {
                    "length": 26.490488052368164, 
                    "direction": [
                        -0.16193480789661407, 
                        0.5404863953590393, 
                        -0.8256218433380127
                    ], 
                    "center": [
                        -26.23583984375, 
                        151.95872497558594, 
                        14.968159675598145
                    ]
                }, 
                {
                    "length": 17.86687469482422, 
                    "direction": [
                        -0.0040450976230204105, 
                        0.013846335932612419, 
                        -0.9998959302902222
                    ], 
                    "center": [
                        -24.05483627319336, 
                        144.6761474609375, 
                        34.83623123168945
                    ]
                }
            ]
        }, 
        {
            "type": 4, 
            "bone": [
                {
                    "length": 55.44928741455078, 
                    "direction": [
                        0.22630059719085693, 
                        -0.1583491861820221, 
                        0.9611002206802368
                    ], 
                    "center": [
                        -51.953819274902344, 
                        185.83401489257812, 
                        50.76431655883789
                    ]
                }, 
                {
                    "length": 33.81281661987305, 
                    "direction": [
                        -0.33968251943588257, 
                        0.8452078104019165, 
                        0.41260087490081787
                    ], 
                    "center": [
                        -52.48511505126953, 
                        175.9347686767578, 
                        17.142559051513672
                    ]
                }, 
                {
                    "length": 18.703411102294922, 
                    "direction": [
                        -0.5283936262130737, 
                        0.43588531017303467, 
                        -0.7285630702972412
                    ], 
                    "center": [
                        -41.80091857910156, 
                        157.56906127929688, 
                        16.980268478393555
                    ]
                }, 
                {
                    "length": 16.482967376708984, 
                    "direction": [
                        -0.3225363790988922, 
                        -0.05475882440805435, 
                        -0.9449717998504639
                    ], 
                    "center": [
                        -34.20136260986328, 
                        153.944091796875, 
                        31.581544876098633
                    ]
                }
            ]
        }
    ], 
    "hand": {
        "grab_strength": 1.0, 
        "wrist_position": [
            -30.98703956604004, 
            178.28060913085938, 
            85.6850814819336
        ], 
        "palm_width": 87.01065063476562, 
        "palm_velocity": [
            -29.411901473999023, 
            43.698486328125, 
            -82.33309173583984
        ], 
        "palm_normal": [
            0.07291315495967865, 
            -0.955815315246582, 
            -0.28478187322616577
        ], 
        "is_left": true, 
        "palm_position": [
            -22.098461151123047, 
            189.62046813964844, 
            35.39469909667969
        ], 
        "pinch_strength": 0.3051503896713257, 
        "is_right": false
    }
}