{
    "timestamp": 33136984431, 
    "id": 506842, 
    "fingers": [
        {
            "type": 0, 
            "bone": [
                {
                    "length": 0.0, 
                    "direction": [
                        0.0, 
                        0.0, 
                        0.0
                    ], 
                    "center": [
                        -3.3709781169891357, 
                        169.8894805908203, 
                        86.16084289550781
                    ]
                }, 
                {
                    "length": 47.73451232910156, 
                    "direction": [
                        -0.5547276735305786, 
                        -0.2086944878101349, 
                        0.8054339289665222
                    ], 
                    "center": [
                        9.868849754333496, 
                        174.87045288085938, 
                        66.93734741210938
                    ]
                }, 
                {
                    "length": 32.60446548461914, 
                    "direction": [
                        -0.2303747534751892, 
                        -0.05230988562107086, 
                        0.9716949462890625
                    ], 
                    "center": [
                        26.864299774169922, 
                        180.7041778564453, 
                        31.873050689697266
                    ]
                }, 
                {
                    "length": 22.380069732666016, 
                    "direction": [
                        0.41739213466644287, 
                        0.23701025545597076, 
                        0.877274215221405
                    ], 
                    "center": [
                        25.949291229248047, 
                        178.90478515625, 
                        6.215524196624756
                    ]
                }
            ]
        }, 
        {
            "type": 1, 
            "bone": [
                {
                    "length": 70.35211181640625, 
                    "direction": [
                        -0.20035189390182495, 
                        -0.14650490880012512, 
                        0.9687081575393677
                    ], 
                    "center": [
                        -5.258113384246826, 
                        195.2911376953125, 
                        47.18731689453125
                    ]
                }, 
                {
                    "length": 41.08348846435547, 
                    "direction": [
                        -0.0904584676027298, 
                        0.9553504586219788, 
                        0.28128761053085327
                    ], 
                    "center": [
                        3.647651195526123, 
                        180.82003784179688, 
                        7.333844184875488
                    ]
                }, 
                {
                    "length": 23.11333656311035, 
                    "direction": [
                        0.22726620733737946, 
                        0.5203651189804077, 
                        -0.8231464624404907
                    ], 
                    "center": [
                        2.8793857097625732, 
                        155.18179321289062, 
                        11.068536758422852
                    ]
                }, 
                {
                    "length": 16.33837890625, 
                    "direction": [
                        0.27268192172050476, 
                        -0.02301279827952385, 
                        -0.961828887462616
                    ], 
                    "center": [
                        -1.9746450185775757, 
                        149.35610961914062, 
                        28.438730239868164
                    ]
                }
            ]
        }, 
        {
            "type": 2, 
            "bone": [
                {
                    "length": 66.7167739868164, 
                    "direction": [
                        -0.0646229088306427, 
                        -0.1408395767211914, 
                        0.9879211187362671
                    ], 
                    "center": [
                        -21.51617431640625, 
                        196.2823486328125, 
                        45.59364700317383
                    ]
                }, 
                {
                    "length": 46.092403411865234, 
                    "direction": [
                        -0.23745174705982208, 
                        0.9177005887031555, 
                        0.31849998235702515
                    ], 
                    "center": [
                        -13.888097763061523, 
                        179.83102416992188, 
                        5.297978401184082
                    ]
                }, 
                {
                    "length": 27.192764282226562, 
                    "direction": [
                        0.0039054236840456724, 
                        0.5579884648323059, 
                        -0.8298395872116089
                    ], 
                    "center": [
                        -8.468835830688477, 
                        151.09487915039062, 
                        9.240579605102539
                    ]
                }, 
                {
                    "length": 17.970151901245117, 
                    "direction": [
                        0.13951145112514496, 
                        0.01882665604352951, 
                        -0.9900414347648621
                    ], 
                    "center": [
                        -9.775456428527832, 
                        143.33909606933594, 
                        29.41899299621582
                    ]
                }
            ]
        }, 
        {
            "type": 3, 
            "bone": [
                {
                    "length": 59.90050506591797, 
                    "direction": [
                        0.08585958182811737, 
                        -0.12831947207450867, 
                        0.9880092144012451
                    ], 
                    "center": [
                        -37.76145935058594, 
                        193.9277801513672, 
                        47.1966552734375
                    ]
                }, 
                {
                    "length": 42.72557830810547, 
                    "direction": [
                        -0.2762160897254944, 
                        0.8992674350738525, 
                        0.3391498625278473
                    ], 
                    "center": [
                        -34.432228088378906, 
                        178.56011962890625, 
                        10.360340118408203
                    ]
                }, 
                {
                    "length": 26.490488052368164, 
                    "direction": [
                        -0.16575533151626587, 
                        0.5362585186958313, 
                        -0.8276182413101196
                    ], 
                    "center": [
                        -26.336009979248047, 
                        152.2463836669922, 
                        14.077157974243164
                    ]
                }, 
                {
                    "length": 17.86687660217285, 
                    "direction": [
                        -0.004125802777707577, 
                        0.010132172144949436, 
                        -0.9999402165412903
                    ], 
                    "center": [
                        -24.103683471679688, 
                        145.05299377441406, 
                        33.972068786621094
                    ]
                }
            ]
        }, 
        {
            "type": 4, 
            "bone": [
                {
                    "length": 55.449275970458984, 
                    "direction": [
                        0.22728848457336426, 
                        -0.1532197892665863, 
                        0.9616983532905579
                    ], 
                    "center": [
                        -52.299007415771484, 
                        186.06939697265625, 
                        49.74491500854492
                    ]
                }, 
                {
                    "length": 33.812808990478516, 
                    "direction": [
                        -0.34487244486808777, 
                        0.8440361022949219, 
                        0.4106898605823517
                    ], 
                    "center": [
                        -52.76994323730469, 
                        176.04776000976562, 
                        16.13888931274414
                    ]
                }, 
                {
                    "length": 18.703413009643555, 
                    "direction": [
                        -0.5325206518173218, 
                        0.430283784866333, 
                        -0.7288880348205566
                    ], 
                    "center": [
                        -41.959415435791016, 
                        157.75424194335938, 
                        16.011947631835938
                    ]
                }, 
                {
                    "length": 16.482967376708984, 
                    "direction": [
                        -0.32346048951148987, 
                        -0.059907738119363785, 
                        -0.9443433284759521
                    ], 
                    "center": [
                        -34.31364440917969, 
                        154.22409057617188, 
                        30.611083984375
                    ]
                }
            ]
        }
    ], 
    "hand": {
        "grab_strength": 1.0, 
        "wrist_position": [
            -31.283884048461914, 
            178.79283142089844, 
            84.69539642333984
        ], 
        "palm_width": 87.01065063476562, 
        "palm_velocity": [
            -30.378976821899414, 
            40.45264434814453, 
            -84.8102035522461
        ], 
        "palm_normal": [
            0.079730324447155, 
            -0.9563102126121521, 
            -0.28127190470695496
        ], 
        "is_left": true, 
        "palm_position": [
            -22.469181060791016, 
            190.0112762451172, 
            34.36479568481445
        ], 
        "pinch_strength": 0.30444464087486267, 
        "is_right": false
    }
}