{
    "timestamp": 33137007338, 
    "id": 506844, 
    "fingers": [
        {
            "type": 0, 
            "bone": [
                {
                    "length": 0.0, 
                    "direction": [
                        0.0, 
                        0.0, 
                        0.0
                    ], 
                    "center": [
                        -3.805297613143921, 
                        171.19613647460938, 
                        84.38445281982422
                    ]
                }, 
                {
                    "length": 47.73451232910156, 
                    "direction": [
                        -0.5502233505249023, 
                        -0.20604674518108368, 
                        0.8091965317726135
                    ], 
                    "center": [
                        9.32702350616455, 
                        176.11390686035156, 
                        65.07115173339844
                    ]
                }, 
                {
                    "length": 32.604461669921875, 
                    "direction": [
                        -0.23114867508411407, 
                        -0.04738562926650047, 
                        0.9717638492584229
                    ], 
                    "center": [
                        26.227584838867188, 
                        181.80416870117188, 
                        29.915931701660156
                    ]
                }, 
                {
                    "length": 22.380067825317383, 
                    "direction": [
                        0.41413307189941406, 
                        0.2471616417169571, 
                        0.8760164976119995
                    ], 
                    "center": [
                        25.36166000366211, 
                        179.8109130859375, 
                        4.27135705947876
                    ]
                }
            ]
        }, 
        {
            "type": 1, 
            "bone": [
                {
                    "length": 70.35211944580078, 
                    "direction": [
                        -0.19759589433670044, 
                        -0.1405271589756012, 
                        0.9701587557792664
                    ], 
                    "center": [
                        -5.982740879058838, 
                        196.2642364501953, 
                        45.21059799194336
                    ]
                }, 
                {
                    "length": 41.083492279052734, 
                    "direction": [
                        -0.09906861186027527, 
                        0.9565165638923645, 
                        0.2743382155895233
                    ], 
                    "center": [
                        3.002945899963379, 
                        181.55889892578125, 
                        5.448853015899658
                    ]
                }, 
                {
                    "length": 23.113330841064453, 
                    "direction": [
                        0.22138769924640656, 
                        0.5164623260498047, 
                        -0.8271965980529785
                    ], 
                    "center": [
                        2.4794845581054688, 
                        155.94180297851562, 
                        9.373101234436035
                    ]
                }, 
                {
                    "length": 16.338380813598633, 
                    "direction": [
                        0.27174481749534607, 
                        -0.027645055204629898, 
                        -0.961972177028656
                    ], 
                    "center": [
                        -2.2989542484283447, 
                        150.19906616210938, 
                        26.791269302368164
                    ]
                }
            ]
        }, 
        {
            "type": 2, 
            "bone": [
                {
                    "length": 66.7167739868164, 
                    "direction": [
                        -0.061897341161966324, 
                        -0.1334575116634369, 
                        0.9891197085380554
                    ], 
                    "center": [
                        -22.251529693603516, 
                        197.09280395507812, 
                        43.63365173339844
                    ]
                }, 
                {
                    "length": 46.092403411865234, 
                    "direction": [
                        -0.2454492449760437, 
                        0.91795814037323, 
                        0.31162089109420776
                    ], 
                    "center": [
                        -14.530061721801758, 
                        180.3892822265625, 
                        3.4565329551696777
                    ]
                }, 
                {
                    "length": 27.192766189575195, 
                    "direction": [
                        -0.0025336609687656164, 
                        0.5515342354774475, 
                        -0.8341484069824219
                    ], 
                    "center": [
                        -8.838940620422363, 
                        151.73495483398438, 
                        7.616255760192871
                    ]
                }, 
                {
                    "length": 17.970149993896484, 
                    "direction": [
                        0.13781645894050598, 
                        0.012423454783856869, 
                        -0.9903799295425415
                    ], 
                    "center": [
                        -10.042783737182617, 
                        144.12445068359375, 
                        27.856294631958008
                    ]
                }
            ]
        }, 
        {
            "type": 3, 
            "bone": [
                {
                    "length": 59.900516510009766, 
                    "direction": [
                        0.0884632095694542, 
                        -0.11955221742391586, 
                        0.9888788461685181
                    ], 
                    "center": [
                        -38.472084045410156, 
                        194.60174560546875, 
                        45.28018569946289
                    ]
                }, 
                {
                    "length": 42.72559356689453, 
                    "direction": [
                        -0.2839847505092621, 
                        0.8994421362876892, 
                        0.3321993052959442
                    ], 
                    "center": [
                        -35.054874420166016, 
                        178.9677734375, 
                        8.566300392150879
                    ]
                }, 
                {
                    "length": 26.4904842376709, 
                    "direction": [
                        -0.17202472686767578, 
                        0.5279000997543335, 
                        -0.8317025303840637
                    ], 
                    "center": [
                        -26.70965576171875, 
                        152.76101684570312, 
                        12.485695838928223
                    ]
                }, 
                {
                    "length": 17.86687660217285, 
                    "direction": [
                        -0.005829372443258762, 
                        0.0019514509476721287, 
                        -0.9999811053276062
                    ], 
                    "center": [
                        -24.379070281982422, 
                        145.75140380859375, 
                        32.43506622314453
                    ]
                }
            ]
        }, 
        {
            "type": 4, 
            "bone": [
                {
                    "length": 55.449283599853516, 
                    "direction": [
                        0.2300775647163391, 
                        -0.143360435962677, 
                        0.9625548720359802
                    ], 
                    "center": [
                        -52.9328727722168, 
                        186.63064575195312, 
                        47.913658142089844
                    ]
                }, 
                {
                    "length": 33.81280517578125, 
                    "direction": [
                        -0.3506321907043457, 
                        0.8437432646751404, 
                        0.40639200806617737
                    ], 
                    "center": [
                        -53.38376235961914, 
                        176.34059143066406, 
                        14.356542587280273
                    ]
                }, 
                {
                    "length": 18.70341682434082, 
                    "direction": [
                        -0.5394002199172974, 
                        0.4206618070602417, 
                        -0.72944575548172
                    ], 
                    "center": [
                        -42.411521911621094, 
                        158.14202880859375, 
                        14.307479858398438
                    ]
                }, 
                {
                    "length": 16.48296546936035, 
                    "direction": [
                        -0.32656195759773254, 
                        -0.06978344172239304, 
                        -0.9425962567329407
                    ], 
                    "center": [
                        -34.67584991455078, 
                        154.78323364257812, 
                        28.89743423461914
                    ]
                }
            ]
        }
    ], 
    "hand": {
        "grab_strength": 1.0, 
        "wrist_position": [
            -31.801191329956055, 
            179.82997131347656, 
            82.88968658447266
        ], 
        "palm_width": 87.01065063476562, 
        "palm_velocity": [
            -30.501920700073242, 
            34.96754455566406, 
            -84.14726257324219
        ], 
        "palm_normal": [
            0.08813872188329697, 
            -0.9577725529670715, 
            -0.27368471026420593
        ], 
        "is_left": true, 
        "palm_position": [
            -23.16286277770996, 
            190.72286987304688, 
            32.45710372924805
        ], 
        "pinch_strength": 0.3033428490161896, 
        "is_right": false
    }
}