{
    "timestamp": 33137018860, 
    "id": 506845, 
    "fingers": [
        {
            "type": 0, 
            "bone": [
                {
                    "length": 0.0, 
                    "direction": [
                        0.0, 
                        0.0, 
                        0.0
                    ], 
                    "center": [
                        -4.231860160827637, 
                        172.23231506347656, 
                        83.12287902832031
                    ]
                }, 
                {
                    "length": 47.73450469970703, 
                    "direction": [
                        -0.5496959090232849, 
                        -0.2005527913570404, 
                        0.8109334111213684
                    ], 
                    "center": [
                        8.887870788574219, 
                        177.01895141601562, 
                        63.76812744140625
                    ]
                }, 
                {
                    "length": 32.60446548461914, 
                    "direction": [
                        -0.23475338518619537, 
                        -0.04006287455558777, 
                        0.971229076385498
                    ], 
                    "center": [
                        25.834606170654297, 
                        182.45870971679688, 
                        28.58017349243164
                    ]
                }, 
                {
                    "length": 22.380069732666016, 
                    "direction": [
                        0.40998587012290955, 
                        0.25752773880958557, 
                        0.874980628490448
                    ], 
                    "center": [
                        25.0738525390625, 
                        180.23008728027344, 
                        2.9559082984924316
                    ]
                }
            ]
        }, 
        {
            "type": 1, 
            "bone": [
                {
                    "length": 70.35211181640625, 
                    "direction": [
                        -0.19859129190444946, 
                        -0.13210612535476685, 
                        0.9711381793022156
                    ], 
                    "center": [
                        -6.474820137023926, 
                        196.90353393554688, 
                        43.70155334472656
                    ]
                }, 
                {
                    "length": 41.0834846496582, 
                    "direction": [
                        -0.10490991175174713, 
                        0.9585049748420715, 
                        0.26507022976875305
                    ], 
                    "center": [
                        2.6658709049224854, 
                        181.86114501953125, 
                        4.0957350730896
                    ]
                }, 
                {
                    "length": 23.113330841064453, 
                    "direction": [
                        0.22023823857307434, 
                        0.5099107623100281, 
                        -0.8315564393997192
                    ], 
                    "center": [
                        2.275683641433716, 
                        156.27891540527344, 
                        8.260751724243164
                    ]
                }, 
                {
                    "length": 16.338380813598633, 
                    "direction": [
                        0.2738882601261139, 
                        -0.03522103652358055, 
                        -0.961116373538971
                    ], 
                    "center": [
                        -2.506981372833252, 
                        150.67376708984375, 
                        25.722312927246094
                    ]
                }
            ]
        }, 
        {
            "type": 2, 
            "bone": [
                {
                    "length": 66.7167739868164, 
                    "direction": [
                        -0.06296807527542114, 
                        -0.12410807609558105, 
                        0.9902687668800354
                    ], 
                    "center": [
                        -22.744993209838867, 
                        197.6275177001953, 
                        42.08782196044922
                    ]
                }, 
                {
                    "length": 46.092403411865234, 
                    "direction": [
                        -0.2510230839252472, 
                        0.9196077585220337, 
                        0.3021738827228546
                    ], 
                    "center": [
                        -14.859350204467773, 
                        180.5740966796875, 
                        2.0900962352752686
                    ]
                }, 
                {
                    "length": 27.19276237487793, 
                    "direction": [
                        -0.004040271509438753, 
                        0.5433608293533325, 
                        -0.8394895195960999
                    ], 
                    "center": [
                        -9.019289016723633, 
                        151.99288940429688, 
                        6.540154457092285
                    ]
                }, 
                {
                    "length": 17.970151901245117, 
                    "direction": [
                        0.13953129947185516, 
                        0.0035578066017478704, 
                        -0.9902112483978271
                    ], 
                    "center": [
                        -10.21805477142334, 
                        144.57318115234375, 
                        26.85129737854004
                    ]
                }
            ]
        }, 
        {
            "type": 3, 
            "bone": [
                {
                    "length": 59.900508880615234, 
                    "direction": [
                        0.08731455355882645, 
                        -0.10938242077827454, 
                        0.9901573657989502
                    ], 
                    "center": [
                        -38.95467758178711, 
                        195.06390380859375, 
                        43.73002624511719
                    ]
                }, 
                {
                    "length": 42.72559356689453, 
                    "direction": [
                        -0.28949615359306335, 
                        0.9011521339416504, 
                        0.32267138361930847
                    ], 
                    "center": [
                        -35.38532257080078, 
                        179.08880615234375, 
                        7.181395053863525
                    ]
                }, 
                {
                    "length": 26.490478515625, 
                    "direction": [
                        -0.17344355583190918, 
                        0.5186195373535156, 
                        -0.8372282385826111
                    ], 
                    "center": [
                        -26.903575897216797, 
                        152.96844482421875, 
                        11.377520561218262
                    ]
                }, 
                {
                    "length": 17.86687660217285, 
                    "direction": [
                        -0.0041016764007508755, 
                        -0.007974901236593723, 
                        -0.9999597668647766
                    ], 
                    "center": [
                        -24.569631576538086, 
                        146.17044067382812, 
                        31.399887084960938
                    ]
                }
            ]
        }, 
        {
            "type": 4, 
            "bone": [
                {
                    "length": 55.449283599853516, 
                    "direction": [
                        0.2291044443845749, 
                        -0.13267116248607635, 
                        0.9643180966377258
                    ], 
                    "center": [
                        -53.376502990722656, 
                        187.03985595703125, 
                        46.41590881347656
                    ]
                }, 
                {
                    "length": 33.812801361083984, 
                    "direction": [
                        -0.3553289473056793, 
                        0.8455367088317871, 
                        0.3985084891319275
                    ], 
                    "center": [
                        -53.72100830078125, 
                        176.4231414794922, 
                        12.943191528320312
                    ]
                }, 
                {
                    "length": 18.703413009643555, 
                    "direction": [
                        -0.5410284996032715, 
                        0.4114454686641693, 
                        -0.7334854006767273
                    ], 
                    "center": [
                        -42.65413284301758, 
                        158.2804412841797, 
                        13.065187454223633
                    ]
                }, 
                {
                    "length": 16.482967376708984, 
                    "direction": [
                        -0.32537975907325745, 
                        -0.08004237711429596, 
                        -0.942189633846283
                    ], 
                    "center": [
                        -34.91297912597656, 
                        155.09239196777344, 
                        27.68956756591797
                    ]
                }
            ]
        }
    ], 
    "hand": {
        "grab_strength": 1.0, 
        "wrist_position": [
            -32.27170181274414, 
            180.69764709472656, 
            81.4941635131836
        ], 
        "palm_width": 87.01065063476562, 
        "palm_velocity": [
            -33.04309844970703, 
            35.48967742919922, 
            -99.20771789550781
        ], 
        "palm_normal": [
            0.09386418759822845, 
            -0.9599080085754395, 
            -0.26413288712501526
        ], 
        "is_left": true, 
        "palm_position": [
            -23.601192474365234, 
            191.14361572265625, 
            30.972623825073242
        ], 
        "pinch_strength": 0.3022320568561554, 
        "is_right": false
    }
}