{
    "timestamp": 33137099163, 
    "id": 506852, 
    "fingers": [
        {
            "type": 0, 
            "bone": [
                {
                    "length": 0.0, 
                    "direction": [
                        0.0, 
                        0.0, 
                        0.0
                    ], 
                    "center": [
                        -5.7838311195373535, 
                        175.50592041015625, 
                        76.97429656982422
                    ]
                }, 
                {
                    "length": 47.7345085144043, 
                    "direction": [
                        -0.5480480194091797, 
                        -0.20367521047592163, 
                        0.8112704753875732
                    ], 
                    "center": [
                        7.296570777893066, 
                        180.36709594726562, 
                        57.61149597167969
                    ]
                }, 
                {
                    "length": 32.60446548461914, 
                    "direction": [
                        -0.252445787191391, 
                        -0.03552751615643501, 
                        0.9669585824012756
                    ], 
                    "center": [
                        24.492401123046875, 
                        185.80743408203125, 
                        22.48511505126953
                    ]
                }, 
                {
                    "length": 22.38007164001465, 
                    "direction": [
                        0.3860366940498352, 
                        0.28579115867614746, 
                        0.8770970106124878
                    ], 
                    "center": [
                        24.288066864013672, 
                        183.1885986328125, 
                        -3.0932154655456543
                    ]
                }
            ]
        }, 
        {
            "type": 1, 
            "bone": [
                {
                    "length": 70.35211181640625, 
                    "direction": [
                        -0.20642217993736267, 
                        -0.1243056207895279, 
                        0.9705349206924438
                    ], 
                    "center": [
                        -8.413963317871094, 
                        199.46224975585938, 
                        37.13816452026367
                    ]
                }, 
                {
                    "length": 41.08348846435547, 
                    "direction": [
                        -0.1430988907814026, 
                        0.9590511918067932, 
                        0.2444247156381607
                    ], 
                    "center": [
                        1.786656379699707, 
                        184.13424682617188, 
                        -2.0223381519317627
                    ]
                }, 
                {
                    "length": 23.11333465576172, 
                    "direction": [
                        0.21558736264705658, 
                        0.5017977952957153, 
                        -0.8376877903938293
                    ], 
                    "center": [
                        2.2346856594085693, 
                        158.63455200195312, 
                        2.6376311779022217
                    ]
                }, 
                {
                    "length": 16.338380813598633, 
                    "direction": [
                        0.29059165716171265, 
                        -0.04180052503943443, 
                        -0.9559336304664612
                    ], 
                    "center": [
                        -2.6306843757629395, 
                        153.1769256591797, 
                        20.127714157104492
                    ]
                }
            ]
        }, 
        {
            "type": 2, 
            "bone": [
                {
                    "length": 66.71676635742188, 
                    "direction": [
                        -0.0714520812034607, 
                        -0.11098174005746841, 
                        0.9912505745887756
                    ], 
                    "center": [
                        -24.676973342895508, 
                        199.5565185546875, 
                        35.30720138549805
                    ]
                }, 
                {
                    "length": 46.09241485595703, 
                    "direction": [
                        -0.28837594389915466, 
                        0.9159961342811584, 
                        0.27890917658805847
                    ], 
                    "center": [
                        -15.647475242614746, 
                        182.1484375, 
                        -4.187115669250488
                    ]
                }, 
                {
                    "length": 27.19276237487793, 
                    "direction": [
                        -0.011895238421857357, 
                        0.5257833003997803, 
                        -0.8505353331565857
                    ], 
                    "center": [
                        -8.839771270751953, 
                        153.88946533203125, 
                        0.9492883682250977
                    ]
                }, 
                {
                    "length": 17.970151901245117, 
                    "direction": [
                        0.15268121659755707, 
                        -0.009133967570960522, 
                        -0.988233208656311
                    ], 
                    "center": [
                        -10.049890518188477, 
                        146.82278442382812, 
                        21.39284324645996
                    ]
                }
            ]
        }, 
        {
            "type": 3, 
            "bone": [
                {
                    "length": 59.900508880615234, 
                    "direction": [
                        0.07817260175943375, 
                        -0.09068967401981354, 
                        0.9928063154220581
                    ], 
                    "center": [
                        -40.801265716552734, 
                        196.4185791015625, 
                        36.78484344482422
                    ]
                }, 
                {
                    "length": 42.725589752197266, 
                    "direction": [
                        -0.3273029029369354, 
                        0.8972240686416626, 
                        0.29641494154930115
                    ], 
                    "center": [
                        -36.15045166015625, 
                        179.96755981445312, 
                        0.7177886962890625
                    ]
                }, 
                {
                    "length": 26.490482330322266, 
                    "direction": [
                        -0.1810631901025772, 
                        0.492093026638031, 
                        -0.8515048027038574
                    ], 
                    "center": [
                        -26.760120391845703, 
                        154.28244018554688, 
                        5.663923740386963
                    ]
                }, 
                {
                    "length": 17.86687660217285, 
                    "direction": [
                        0.00880458764731884, 
                        -0.028284508734941483, 
                        -0.9995611310005188
                    ], 
                    "center": [
                        -24.440549850463867, 
                        148.01724243164062, 
                        25.871828079223633
                    ]
                }
            ]
        }, 
        {
            "type": 4, 
            "bone": [
                {
                    "length": 55.44928741455078, 
                    "direction": [
                        0.22105556726455688, 
                        -0.10909582674503326, 
                        0.9691400527954102
                    ], 
                    "center": [
                        -54.951271057128906, 
                        187.90724182128906, 
                        39.41592788696289
                    ]
                }, 
                {
                    "length": 33.812801361083984, 
                    "direction": [
                        -0.3907369375228882, 
                        0.837727427482605, 
                        0.3814936578273773
                    ], 
                    "center": [
                        -54.4739990234375, 
                        176.7689208984375, 
                        6.097179889678955
                    ]
                }, 
                {
                    "length": 18.70341682434082, 
                    "direction": [
                        -0.5474494099617004, 
                        0.38041695952415466, 
                        -0.7453738451004028
                    ], 
                    "center": [
                        -42.74845886230469, 
                        159.04843139648438, 
                        6.618013858795166
                    ]
                }, 
                {
                    "length": 16.48296546936035, 
                    "direction": [
                        -0.3114517331123352, 
                        -0.10605265200138092, 
                        -0.9443255662918091
                    ], 
                    "center": [
                        -35.062049865722656, 
                        156.36489868164062, 
                        21.37117576599121
                    ]
                }
            ]
        }
    ], 
    "hand": {
        "grab_strength": 1.0, 
        "wrist_position": [
            -34.09310531616211, 
            182.89801025390625, 
            74.85551452636719
        ], 
        "palm_width": 87.01065063476562, 
        "palm_velocity": [
            -17.56766128540039, 
            18.32035255432129, 
            -77.35920715332031
        ], 
        "palm_normal": [
            0.1327352374792099, 
            -0.959743320941925, 
            -0.24753612279891968
        ], 
        "is_left": true, 
        "palm_position": [
            -25.14588165283203, 
            192.87362670898438, 
            24.28718376159668
        ], 
        "pinch_strength": 0.29714420437812805, 
        "is_right": false
    }
}