{
    "timestamp": 33137122117, 
    "id": 506854, 
    "fingers": [
        {
            "type": 0, 
            "bone": [
                {
                    "length": 0.0, 
                    "direction": [
                        0.0, 
                        0.0, 
                        0.0
                    ], 
                    "center": [
                        -5.978754997253418, 
                        176.2128143310547, 
                        75.2802505493164
                    ]
                }, 
                {
                    "length": 47.7345085144043, 
                    "direction": [
                        -0.5449565649032593, 
                        -0.20582523941993713, 
                        0.8128089308738708
                    ], 
                    "center": [
                        7.027862071990967, 
                        181.12530517578125, 
                        55.880733489990234
                    ]
                }, 
                {
                    "length": 32.60446548461914, 
                    "direction": [
                        -0.25448063015937805, 
                        -0.036132168024778366, 
                        0.9664025902748108
                    ], 
                    "center": [
                        24.183082580566406, 
                        186.62681579589844, 
                        20.726696014404297
                    ]
                }, 
                {
                    "length": 22.380069732666016, 
                    "direction": [
                        0.38146719336509705, 
                        0.2918824255466461, 
                        0.8770903944969177
                    ], 
                    "center": [
                        24.063053131103516, 
                        183.94967651367188, 
                        -4.842495918273926
                    ]
                }
            ]
        }, 
        {
            "type": 1, 
            "bone": [
                {
                    "length": 70.35211944580078, 
                    "direction": [
                        -0.20572739839553833, 
                        -0.12442489713430405, 
                        0.9706671237945557
                    ], 
                    "center": [
                        -8.838836669921875, 
                        200.05389404296875, 
                        35.3908576965332
                    ]
                }, 
                {
                    "length": 41.08349609375, 
                    "direction": [
                        -0.1534844934940338, 
                        0.9581087231636047, 
                        0.24180588126182556
                    ], 
                    "center": [
                        1.5506823062896729, 
                        184.74945068359375, 
                        -3.720501661300659
                    ]
                }, 
                {
                    "length": 23.113332748413086, 
                    "direction": [
                        0.21128392219543457, 
                        0.5020084381103516, 
                        -0.8386576175689697
                    ], 
                    "center": [
                        2.261784315109253, 
                        159.2666778564453, 
                        1.0044689178466797
                    ]
                }, 
                {
                    "length": 16.338380813598633, 
                    "direction": [
                        0.29215365648269653, 
                        -0.04084418714046478, 
                        -0.9554987549781799
                    ], 
                    "center": [
                        -2.5666122436523438, 
                        153.79879760742188, 
                        18.502206802368164
                    ]
                }
            ]
        }, 
        {
            "type": 2, 
            "bone": [
                {
                    "length": 66.7167739868164, 
                    "direction": [
                        -0.07092174887657166, 
                        -0.10961037874221802, 
                        0.9914412498474121
                    ], 
                    "center": [
                        -25.10069465637207, 
                        199.96987915039062, 
                        33.549190521240234
                    ]
                }, 
                {
                    "length": 46.0924072265625, 
                    "direction": [
                        -0.2980407476425171, 
                        0.9148091673851013, 
                        0.272572785615921
                    ], 
                    "center": [
                        -15.866151809692383, 
                        182.54342651367188, 
                        -5.805456161499023
                    ]
                }, 
                {
                    "length": 27.192768096923828, 
                    "direction": [
                        -0.016058675944805145, 
                        0.5205438733100891, 
                        -0.8536838293075562
                    ], 
                    "center": [
                        -8.779104232788086, 
                        154.38304138183594, 
                        -0.4802103042602539
                    ]
                }, 
                {
                    "length": 17.970151901245117, 
                    "direction": [
                        0.15369205176830292, 
                        -0.01182312611490488, 
                        -0.9880481362342834
                    ], 
                    "center": [
                        -9.941699028015137, 
                        147.41175842285156, 
                        20.00448989868164
                    ]
                }
            ]
        }, 
        {
            "type": 3, 
            "bone": [
                {
                    "length": 59.900508880615234, 
                    "direction": [
                        0.07847574353218079, 
                        -0.08771257847547531, 
                        0.9930498003959656
                    ], 
                    "center": [
                        -41.19141387939453, 
                        196.66249084472656, 
                        35.02317810058594
                    ]
                }, 
                {
                    "length": 42.72559356689453, 
                    "direction": [
                        -0.3373510241508484, 
                        0.895121157169342, 
                        0.291465699672699
                    ], 
                    "center": [
                        -36.33502197265625, 
                        180.16720581054688, 
                        -0.9454424381256104
                    ]
                }, 
                {
                    "length": 26.4904842376709, 
                    "direction": [
                        -0.18526151776313782, 
                        0.4861624240875244, 
                        -0.8540048599243164
                    ], 
                    "center": [
                        -26.674427032470703, 
                        154.6055908203125, 
                        4.139534950256348
                    ]
                }, 
                {
                    "length": 17.86687660217285, 
                    "direction": [
                        0.009965210221707821, 
                        -0.03172452747821808, 
                        -0.9994469285011292
                    ], 
                    "center": [
                        -24.309616088867188, 
                        148.44964599609375, 
                        24.379531860351562
                    ]
                }
            ]
        }, 
        {
            "type": 4, 
            "bone": [
                {
                    "length": 55.449275970458984, 
                    "direction": [
                        0.2215636819601059, 
                        -0.10463675856590271, 
                        0.9695157408714294
                    ], 
                    "center": [
                        -55.25114059448242, 
                        188.00563049316406, 
                        37.6634635925293
                    ]
                }, 
                {
                    "length": 33.812801361083984, 
                    "direction": [
                        -0.4001891613006592, 
                        0.834403395652771, 
                        0.37897157669067383
                    ], 
                    "center": [
                        -54.62815475463867, 
                        176.79989624023438, 
                        4.376946449279785
                    ]
                }, 
                {
                    "length": 18.703414916992188, 
                    "direction": [
                        -0.5509142279624939, 
                        0.37259727716445923, 
                        -0.7467696070671082
                    ], 
                    "center": [
                        -42.71040725708008, 
                        159.20870971679688, 
                        4.9534711837768555
                    ]
                }, 
                {
                    "length": 16.48296546936035, 
                    "direction": [
                        -0.3096076548099518, 
                        -0.1115737110376358, 
                        -0.9442957639694214
                    ], 
                    "center": [
                        -35.00679016113281, 
                        156.64382934570312, 
                        19.719440460205078
                    ]
                }
            ]
        }
    ], 
    "hand": {
        "grab_strength": 1.0, 
        "wrist_position": [
            -34.36420822143555, 
            183.29644775390625, 
            73.12724304199219
        ], 
        "palm_width": 87.01065063476562, 
        "palm_velocity": [
            -16.34052276611328, 
            17.005685806274414, 
            -74.95551300048828
        ], 
        "palm_normal": [
            0.14317944645881653, 
            -0.9587951898574829, 
            -0.24538005888462067
        ], 
        "is_left": true, 
        "palm_position": [
            -25.490577697753906, 
            193.25868225097656, 
            22.54330825805664
        ], 
        "pinch_strength": 0.2969193160533905, 
        "is_right": false
    }
}