{
    "timestamp": 33137087671, 
    "id": 506851, 
    "fingers": [
        {
            "type": 0, 
            "bone": [
                {
                    "length": 0.0, 
                    "direction": [
                        0.0, 
                        0.0, 
                        0.0
                    ], 
                    "center": [
                        -5.6192216873168945, 
                        175.1859588623047, 
                        77.70008087158203
                    ]
                }, 
                {
                    "length": 47.73450469970703, 
                    "direction": [
                        -0.5488619208335876, 
                        -0.20294705033302307, 
                        0.8109027147293091
                    ], 
                    "center": [
                        7.4806036949157715, 
                        180.02975463867188, 
                        58.34606170654297
                    ]
                }, 
                {
                    "length": 32.60446548461914, 
                    "direction": [
                        -0.2506745159626007, 
                        -0.035715650767087936, 
                        0.9674123525619507
                    ], 
                    "center": [
                        24.66698455810547, 
                        185.45578002929688, 
                        23.221059799194336
                    ]
                }, 
                {
                    "length": 22.380067825317383, 
                    "direction": [
                        0.3893675208091736, 
                        0.2825212776660919, 
                        0.8766838908195496
                    ], 
                    "center": [
                        24.396503448486328, 
                        182.87660217285156, 
                        -2.36004376411438
                    ]
                }
            ]
        }, 
        {
            "type": 1, 
            "bone": [
                {
                    "length": 70.35211181640625, 
                    "direction": [
                        -0.20586994290351868, 
                        -0.12479622662067413, 
                        0.9705892205238342
                    ], 
                    "center": [
                        -8.173360824584961, 
                        199.22012329101562, 
                        37.905914306640625
                    ]
                }, 
                {
                    "length": 41.083473205566406, 
                    "direction": [
                        -0.13780908286571503, 
                        0.9593148827552795, 
                        0.24642165005207062
                    ], 
                    "center": [
                        1.899170160293579, 
                        183.9039764404297, 
                        -1.2975165843963623
                    ]
                }, 
                {
                    "length": 23.113338470458984, 
                    "direction": [
                        0.21682193875312805, 
                        0.5022182464599609, 
                        -0.8371170163154602
                    ], 
                    "center": [
                        2.224268674850464, 
                        158.39401245117188, 
                        3.3148396015167236
                    ]
                }, 
                {
                    "length": 16.33837890625, 
                    "direction": [
                        0.28886154294013977, 
                        -0.04164736345410347, 
                        -0.9564645886421204
                    ], 
                    "center": [
                        -2.641235589981079, 
                        152.93026733398438, 
                        20.80266571044922
                    ]
                }
            ]
        }, 
        {
            "type": 2, 
            "bone": [
                {
                    "length": 66.7167739868164, 
                    "direction": [
                        -0.0708065927028656, 
                        -0.11221127212047577, 
                        0.9911584258079529
                    ], 
                    "center": [
                        -24.43790626525879, 
                        199.40228271484375, 
                        36.09532928466797
                    ]
                }, 
                {
                    "length": 46.092411041259766, 
                    "direction": [
                        -0.28329184651374817, 
                        0.916856586933136, 
                        0.28128233551979065
                    ], 
                    "center": [
                        -15.547109603881836, 
                        182.01539611816406, 
                        -3.450606346130371
                    ]
                }, 
                {
                    "length": 27.192768096923828, 
                    "direction": [
                        -0.010247851721942425, 
                        0.5275574922561646, 
                        -0.8494574427604675
                    ], 
                    "center": [
                        -8.878973960876465, 
                        153.71246337890625, 
                        1.6164531707763672
                    ]
                }, 
                {
                    "length": 17.970151901245117, 
                    "direction": [
                        0.15145212411880493, 
                        -0.008185502141714096, 
                        -0.9884306192398071
                    ], 
                    "center": [
                        -10.100448608398438, 
                        146.61312866210938, 
                        22.047128677368164
                    ]
                }
            ]
        }, 
        {
            "type": 3, 
            "bone": [
                {
                    "length": 59.900508880615234, 
                    "direction": [
                        0.07892382144927979, 
                        -0.09270310401916504, 
                        0.992560863494873
                    ], 
                    "center": [
                        -40.576534271240234, 
                        196.34622192382812, 
                        37.58796310424805
                    ]
                }, 
                {
                    "length": 42.725582122802734, 
                    "direction": [
                        -0.3219431936740875, 
                        0.8973777890205383, 
                        0.30177101492881775
                    ], 
                    "center": [
                        -36.06271743774414, 
                        179.95220947265625, 
                        1.4138386249542236
                    ]
                }, 
                {
                    "length": 26.4904842376709, 
                    "direction": [
                        -0.18015871942043304, 
                        0.4972943961620331, 
                        -0.8486703038215637
                    ], 
                    "center": [
                        -26.798866271972656, 
                        154.19491577148438, 
                        6.208009719848633
                    ]
                }, 
                {
                    "length": 17.86687660217285, 
                    "direction": [
                        0.007122155278921127, 
                        -0.0246113408356905, 
                        -0.9996717572212219
                    ], 
                    "center": [
                        -24.476245880126953, 
                        147.8280029296875, 
                        26.379358291625977
                    ]
                }
            ]
        }, 
        {
            "type": 4, 
            "bone": [
                {
                    "length": 55.44927978515625, 
                    "direction": [
                        0.22167937457561493, 
                        -0.11181686818599701, 
                        0.9686873555183411
                    ], 
                    "center": [
                        -54.76755142211914, 
                        187.90463256835938, 
                        40.22291564941406
                    ]
                }, 
                {
                    "length": 33.812801361083984, 
                    "direction": [
                        -0.38590097427368164, 
                        0.8391327261924744, 
                        0.383323073387146
                    ], 
                    "center": [
                        -54.38933563232422, 
                        176.8179931640625, 
                        6.8857927322387695
                    ]
                }, 
                {
                    "length": 18.703414916992188, 
                    "direction": [
                        -0.5463031530380249, 
                        0.38445860147476196, 
                        -0.744140088558197
                    ], 
                    "center": [
                        -42.75627136230469, 
                        159.03594970703125, 
                        7.36415958404541
                    ]
                }, 
                {
                    "length": 16.482967376708984, 
                    "direction": [
                        -0.3130626976490021, 
                        -0.1029338464140892, 
                        -0.9441378712654114
                    ], 
                    "center": [
                        -35.06730270385742, 
                        156.28892517089844, 
                        22.104236602783203
                    ]
                }
            ]
        }
    ], 
    "hand": {
        "grab_strength": 1.0, 
        "wrist_position": [
            -33.892086029052734, 
            182.7292022705078, 
            75.62842559814453
        ], 
        "palm_width": 87.01065063476562, 
        "palm_velocity": [
            -18.067472457885742, 
            21.701223373413086, 
            -82.25503540039062
        ], 
        "palm_normal": [
            0.12741369009017944, 
            -0.9600215554237366, 
            -0.2492474913597107
        ], 
        "is_left": true, 
        "palm_position": [
            -24.95532989501953, 
            192.73977661132812, 
            25.065147399902344
        ], 
        "pinch_strength": 0.29755261540412903, 
        "is_right": false
    }
}