{
    "timestamp": 33137180919, 
    "id": 506859, 
    "fingers": [
        {
            "type": 0, 
            "bone": [
                {
                    "length": 0.0, 
                    "direction": [
                        0.0, 
                        0.0, 
                        0.0
                    ], 
                    "center": [
                        -6.863002777099609, 
                        178.15760803222656, 
                        71.01705169677734
                    ]
                }, 
                {
                    "length": 47.73451232910156, 
                    "direction": [
                        -0.5414373874664307, 
                        -0.19818216562271118, 
                        0.8170492053031921
                    ], 
                    "center": [
                        6.059621810913086, 
                        182.88766479492188, 
                        51.516326904296875
                    ]
                }, 
                {
                    "length": 32.60446548461914, 
                    "direction": [
                        -0.2602892816066742, 
                        -0.023700766265392303, 
                        0.9652397632598877
                    ], 
                    "center": [
                        23.225543975830078, 
                        188.00411987304688, 
                        16.28004264831543
                    ]
                }, 
                {
                    "length": 22.38006591796875, 
                    "direction": [
                        0.37334349751472473, 
                        0.31613895297050476, 
                        0.8721644878387451
                    ], 
                    "center": [
                        23.291114807128906, 
                        184.85287475585938, 
                        -9.215069770812988
                    ]
                }
            ]
        }, 
        {
            "type": 1, 
            "bone": [
                {
                    "length": 70.35211181640625, 
                    "direction": [
                        -0.20583657920360565, 
                        -0.11063623428344727, 
                        0.9723120927810669
                    ], 
                    "center": [
                        -10.077933311462402, 
                        201.20654296875, 
                        30.691469192504883
                    ]
                }, 
                {
                    "length": 41.08348083496094, 
                    "direction": [
                        -0.17134957015514374, 
                        0.960717499256134, 
                        0.21831460297107697
                    ], 
                    "center": [
                        0.6824036836624146, 
                        185.36349487304688, 
                        -7.995199203491211
                    ]
                }, 
                {
                    "length": 23.113338470458984, 
                    "direction": [
                        0.20661655068397522, 
                        0.4864678382873535, 
                        -0.8489160537719727
                    ], 
                    "center": [
                        1.8144224882125854, 
                        160.00672912597656, 
                        -2.669119358062744
                    ]
                }, 
                {
                    "length": 16.338380813598633, 
                    "direction": [
                        0.2974400520324707, 
                        -0.05499592423439026, 
                        -0.9531552195549011
                    ], 
                    "center": [
                        -3.0032215118408203, 
                        154.83404541015625, 
                        14.928028106689453
                    ]
                }
            ]
        }, 
        {
            "type": 2, 
            "bone": [
                {
                    "length": 66.7167739868164, 
                    "direction": [
                        -0.07139700651168823, 
                        -0.09283999353647232, 
                        0.9931178689002991
                    ], 
                    "center": [
                        -26.330245971679688, 
                        200.77432250976562, 
                        28.81468391418457
                    ]
                }, 
                {
                    "length": 46.0924186706543, 
                    "direction": [
                        -0.3151821792125702, 
                        0.9184682965278625, 
                        0.23890583217144012
                    ], 
                    "center": [
                        -16.684803009033203, 
                        182.7041015625, 
                        -9.820001602172852
                    ]
                }, 
                {
                    "length": 27.192764282226562, 
                    "direction": [
                        -0.019699491560459137, 
                        0.49124717712402344, 
                        -0.8707975149154663
                    ], 
                    "center": [
                        -9.153205871582031, 
                        154.85769653320312, 
                        -3.4861817359924316
                    ]
                }, 
                {
                    "length": 17.970151901245117, 
                    "direction": [
                        0.15816472470760345, 
                        -0.03630830720067024, 
                        -0.9867449402809143
                    ], 
                    "center": [
                        -10.306486129760742, 
                        148.50474548339844, 
                        17.219491958618164
                    ]
                }
            ]
        }, 
        {
            "type": 3, 
            "bone": [
                {
                    "length": 59.900508880615234, 
                    "direction": [
                        0.07754518836736679, 
                        -0.06802992522716522, 
                        0.9946650266647339
                    ], 
                    "center": [
                        -42.357948303222656, 
                        197.1837158203125, 
                        30.312387466430664
                    ]
                }, 
                {
                    "length": 42.7255859375, 
                    "direction": [
                        -0.3568052053451538, 
                        0.8980505466461182, 
                        0.25728458166122437
                    ], 
                    "center": [
                        -37.05809020996094, 
                        180.03634643554688, 
                        -4.974402904510498
                    ]
                }, 
                {
                    "length": 26.4904842376709, 
                    "direction": [
                        -0.18887151777744293, 
                        0.4522198736667633, 
                        -0.8716793060302734
                    ], 
                    "center": [
                        -26.934085845947266, 
                        154.86172485351562, 
                        1.0748825073242188
                    ]
                }, 
                {
                    "length": 17.86687660217285, 
                    "direction": [
                        0.015102180652320385, 
                        -0.06068969517946243, 
                        -0.9980423450469971
                    ], 
                    "center": [
                        -24.567352294921875, 
                        149.41412353515625, 
                        21.536434173583984
                    ]
                }
            ]
        }, 
        {
            "type": 4, 
            "bone": [
                {
                    "length": 55.449275970458984, 
                    "direction": [
                        0.22099445760250092, 
                        -0.08260960876941681, 
                        0.9717701077461243
                    ], 
                    "center": [
                        -56.25484848022461, 
                        188.30612182617188, 
                        33.0787467956543
                    ]
                }, 
                {
                    "length": 33.81279754638672, 
                    "direction": [
                        -0.41970956325531006, 
                        0.8338524699211121, 
                        0.35851627588272095
                    ], 
                    "center": [
                        -55.28606414794922, 
                        176.49899291992188, 
                        0.07555198669433594
                    ]
                }, 
                {
                    "length": 18.703418731689453, 
                    "direction": [
                        -0.5537283420562744, 
                        0.3452644944190979, 
                        -0.7577449679374695
                    ], 
                    "center": [
                        -43.01197814941406, 
                        159.1727294921875, 
                        1.10054349899292
                    ]
                }, 
                {
                    "length": 16.482967376708984, 
                    "direction": [
                        -0.3023075461387634, 
                        -0.13639160990715027, 
                        -0.943402111530304
                    ], 
                    "center": [
                        -35.34220886230469, 
                        157.0679931640625, 
                        15.961787223815918
                    ]
                }
            ]
        }
    ], 
    "hand": {
        "grab_strength": 1.0, 
        "wrist_position": [
            -35.374141693115234, 
            184.6502685546875, 
            68.6701889038086
        ], 
        "palm_width": 87.01065063476562, 
        "palm_velocity": [
            -17.570674896240234, 
            8.318841934204102, 
            -79.5630111694336
        ], 
        "palm_normal": [
            0.1623034030199051, 
            -0.9601665139198303, 
            -0.2274596095085144
        ], 
        "is_left": true, 
        "palm_position": [
            -26.56160545349121, 
            193.8569793701172, 
            17.932653427124023
        ], 
        "pinch_strength": 0.2923983335494995, 
        "is_right": false
    }
}