{
    "timestamp": 33137156519, 
    "id": 506857, 
    "fingers": [
        {
            "type": 0, 
            "bone": [
                {
                    "length": 0.0, 
                    "direction": [
                        0.0, 
                        0.0, 
                        0.0
                    ], 
                    "center": [
                        -6.50775146484375, 
                        177.42066955566406, 
                        72.80400085449219
                    ]
                }, 
                {
                    "length": 47.73451232910156, 
                    "direction": [
                        -0.54236900806427, 
                        -0.20121125876903534, 
                        0.8156898617744446
                    ], 
                    "center": [
                        6.437108039855957, 
                        182.2230224609375, 
                        53.335723876953125
                    ]
                }, 
                {
                    "length": 32.60446548461914, 
                    "direction": [
                        -0.25806713104248047, 
                        -0.029699550941586494, 
                        0.9656703472137451
                    ], 
                    "center": [
                        23.589038848876953, 
                        187.50955200195312, 
                        18.124858856201172
                    ]
                }, 
                {
                    "length": 22.380069732666016, 
                    "direction": [
                        0.37635740637779236, 
                        0.30439895391464233, 
                        0.8750407695770264
                    ], 
                    "center": [
                        23.58465576171875, 
                        184.58749389648438, 
                        -7.409460067749023
                    ]
                }
            ]
        }, 
        {
            "type": 1, 
            "bone": [
                {
                    "length": 70.35211944580078, 
                    "direction": [
                        -0.20549041032791138, 
                        -0.11716054379940033, 
                        0.9716207981109619
                    ], 
                    "center": [
                        -9.569487571716309, 
                        200.84495544433594, 
                        32.68330001831055
                    ]
                }, 
                {
                    "length": 41.083492279052734, 
                    "direction": [
                        -0.16280868649482727, 
                        0.9597426652908325, 
                        0.22888275980949402
                    ], 
                    "center": [
                        1.0032305717468262, 
                        185.25140380859375, 
                        -6.19614315032959
                    ]
                }, 
                {
                    "length": 23.11333465576172, 
                    "direction": [
                        0.20880408585071564, 
                        0.4934215247631073, 
                        -0.8443552851676941
                    ], 
                    "center": [
                        1.934525728225708, 
                        159.83432006835938, 
                        -1.1398611068725586
                    ]
                }, 
                {
                    "length": 16.338380813598633, 
                    "direction": [
                        0.29487481713294983, 
                        -0.048568665981292725, 
                        -0.9543007016181946
                    ], 
                    "center": [
                        -2.8874423503875732, 
                        154.52877807617188, 
                        16.413936614990234
                    ]
                }
            ]
        }, 
        {
            "type": 2, 
            "bone": [
                {
                    "length": 66.7167739868164, 
                    "direction": [
                        -0.07086680084466934, 
                        -0.10075999051332474, 
                        0.992383599281311
                    ], 
                    "center": [
                        -25.827613830566406, 
                        200.57583618164062, 
                        30.826505661010742
                    ]
                }, 
                {
                    "length": 46.092411041259766, 
                    "direction": [
                        -0.3071247637271881, 
                        0.9170108437538147, 
                        0.25449037551879883
                    ], 
                    "center": [
                        -16.38555145263672, 
                        182.80340576171875, 
                        -8.142850875854492
                    ]
                }, 
                {
                    "length": 27.192764282226562, 
                    "direction": [
                        -0.017997082322835922, 
                        0.504943311214447, 
                        -0.8629648685455322
                    ], 
                    "center": [
                        -9.062795639038086, 
                        154.80438232421875, 
                        -2.274688720703125
                    ]
                }, 
                {
                    "length": 17.970151901245117, 
                    "direction": [
                        0.15603476762771606, 
                        -0.024821432307362556, 
                        -0.9874396324157715
                    ], 
                    "center": [
                        -10.220084190368652, 
                        148.16200256347656, 
                        18.330730438232422
                    ]
                }
            ]
        }, 
        {
            "type": 3, 
            "bone": [
                {
                    "length": 59.900508880615234, 
                    "direction": [
                        0.07829583436250687, 
                        -0.07731121778488159, 
                        0.9939278960227966
                    ], 
                    "center": [
                        -41.88507843017578, 
                        197.117431640625, 
                        32.31652069091797
                    ]
                }, 
                {
                    "length": 42.7255973815918, 
                    "direction": [
                        -0.3477601706981659, 
                        0.8971267938613892, 
                        0.2724454998970032
                    ], 
                    "center": [
                        -36.800926208496094, 
                        180.26779174804688, 
                        -3.27207088470459
                    ]
                }, 
                {
                    "length": 26.4904842376709, 
                    "direction": [
                        -0.18710677325725555, 
                        0.46740061044692993, 
                        -0.8640183806419373
                    ], 
                    "center": [
                        -26.89352035522461, 
                        154.91180419921875, 
                        2.351862907409668
                    ]
                }, 
                {
                    "length": 17.86687469482422, 
                    "direction": [
                        0.012705890461802483, 
                        -0.047732409089803696, 
                        -0.9987794160842896
                    ], 
                    "center": [
                        -24.52875518798828, 
                        149.14739990234375, 
                        22.718528747558594
                    ]
                }
            ]
        }, 
        {
            "type": 4, 
            "bone": [
                {
                    "length": 55.44927978515625, 
                    "direction": [
                        0.2215755581855774, 
                        -0.09298873692750931, 
                        0.9706994295120239
                    ], 
                    "center": [
                        -55.85792541503906, 
                        188.3422393798828, 
                        35.0264778137207
                    ]
                }, 
                {
                    "length": 33.81280517578125, 
                    "direction": [
                        -0.4097716510295868, 
                        0.8340011835098267, 
                        0.3694986402988434
                    ], 
                    "center": [
                        -55.07326126098633, 
                        176.8203582763672, 
                        1.8672914505004883
                    ]
                }, 
                {
                    "length": 18.703413009643555, 
                    "direction": [
                        -0.5533124804496765, 
                        0.3591010570526123, 
                        -0.7515928149223328
                    ], 
                    "center": [
                        -42.9710807800293, 
                        159.3621826171875, 
                        2.649074077606201
                    ]
                }, 
                {
                    "length": 16.482969284057617, 
                    "direction": [
                        -0.3067862093448639, 
                        -0.12410251796245575, 
                        -0.943652868270874
                    ], 
                    "center": [
                        -35.26829147338867, 
                        157.02676391601562, 
                        17.454849243164062
                    ]
                }
            ]
        }
    ], 
    "hand": {
        "grab_strength": 1.0, 
        "wrist_position": [
            -34.9621696472168, 
            184.1907501220703, 
            70.55467224121094
        ], 
        "palm_width": 87.01065063476562, 
        "palm_velocity": [
            -18.74321746826172, 
            15.256139755249023, 
            -80.7601089477539
        ], 
        "palm_normal": [
            0.15329433977603912, 
            -0.9595949053764343, 
            -0.2359628677368164
        ], 
        "is_left": true, 
        "palm_position": [
            -26.136545181274414, 
            193.75506591796875, 
            19.885604858398438
        ], 
        "pinch_strength": 0.2935555577278137, 
        "is_right": false
    }
}