{
    "timestamp": 33137203111, 
    "id": 506861, 
    "fingers": [
        {
            "type": 0, 
            "bone": [
                {
                    "length": 0.0, 
                    "direction": [
                        0.0, 
                        0.0, 
                        0.0
                    ], 
                    "center": [
                        -6.883739471435547, 
                        178.46363830566406, 
                        69.71036529541016
                    ]
                }, 
                {
                    "length": 47.73450469970703, 
                    "direction": [
                        -0.537423312664032, 
                        -0.19872593879699707, 
                        0.8195635080337524
                    ], 
                    "center": [
                        5.94307804107666, 
                        183.20668029785156, 
                        50.149635314941406
                    ]
                }, 
                {
                    "length": 32.60446548461914, 
                    "direction": [
                        -0.2581692636013031, 
                        -0.021072495728731155, 
                        0.9658699035644531
                    ], 
                    "center": [
                        22.97863006591797, 
                        188.29324340820312, 
                        14.843072891235352
                    ]
                }, 
                {
                    "length": 22.38007164001465, 
                    "direction": [
                        0.37259188294410706, 
                        0.3246825337409973, 
                        0.8693426251411438
                    ], 
                    "center": [
                        23.018051147460938, 
                        185.00357055664062, 
                        -10.630738258361816
                    ]
                }
            ]
        }, 
        {
            "type": 1, 
            "bone": [
                {
                    "length": 70.35211181640625, 
                    "direction": [
                        -0.2024010568857193, 
                        -0.10728243738412857, 
                        0.9734086394309998
                    ], 
                    "center": [
                        -10.419296264648438, 
                        201.2587127685547, 
                        29.267498016357422
                    ]
                }, 
                {
                    "length": 41.08348846435547, 
                    "direction": [
                        -0.17979243397712708, 
                        0.9605832099914551, 
                        0.21202434599399567
                    ], 
                    "center": [
                        0.39362525939941406, 
                        185.30043029785156, 
                        -9.328527450561523
                    ]
                }, 
                {
                    "length": 23.11333465576172, 
                    "direction": [
                        0.20059597492218018, 
                        0.4826943874359131, 
                        -0.8525064587593079
                    ], 
                    "center": [
                        1.7686543464660645, 
                        159.9900360107422, 
                        -3.831744432449341
                    ]
                }, 
                {
                    "length": 16.338380813598633, 
                    "direction": [
                        0.2961868941783905, 
                        -0.05796486511826515, 
                        -0.9533694982528687
                    ], 
                    "center": [
                        -2.9691739082336426, 
                        154.88522338867188, 
                        13.808646202087402
                    ]
                }
            ]
        }, 
        {
            "type": 2, 
            "bone": [
                {
                    "length": 66.7167739868164, 
                    "direction": [
                        -0.06809009611606598, 
                        -0.08807322382926941, 
                        0.9937841296195984
                    ], 
                    "center": [
                        -26.671157836914062, 
                        200.65908813476562, 
                        27.433319091796875
                    ]
                }, 
                {
                    "length": 46.092403411865234, 
                    "direction": [
                        -0.3230220079421997, 
                        0.9184643030166626, 
                        0.22821028530597687
                    ], 
                    "center": [
                        -16.955350875854492, 
                        182.42994689941406, 
                        -10.977094650268555
                    ]
                }, 
                {
                    "length": 27.192766189575195, 
                    "direction": [
                        -0.024766286835074425, 
                        0.4805580675601959, 
                        -0.8766131401062012
                    ], 
                    "center": [
                        -9.174188613891602, 
                        154.72897338867188, 
                        -4.317707061767578
                    ]
                }, 
                {
                    "length": 17.970151901245117, 
                    "direction": [
                        0.1569604128599167, 
                        -0.04459570348262787, 
                        -0.98659747838974
                    ], 
                    "center": [
                        -10.247757911682129, 
                        148.5958251953125, 
                        16.465713500976562
                    ]
                }
            ]
        }, 
        {
            "type": 3, 
            "bone": [
                {
                    "length": 59.900508880615234, 
                    "direction": [
                        0.08060825616121292, 
                        -0.061815910041332245, 
                        0.9948270916938782
                    ], 
                    "center": [
                        -42.659671783447266, 
                        196.92196655273438, 
                        28.990276336669922
                    ]
                }, 
                {
                    "length": 42.72557830810547, 
                    "direction": [
                        -0.365037202835083, 
                        0.8964935541152954, 
                        0.25109174847602844
                    ], 
                    "center": [
                        -37.27569580078125, 
                        179.62176513671875, 
                        -6.169071197509766
                    ]
                }, 
                {
                    "length": 26.49048614501953, 
                    "direction": [
                        -0.19498491287231445, 
                        0.4436827600002289, 
                        -0.8747150897979736
                    ], 
                    "center": [
                        -26.894861221313477, 
                        154.59347534179688, 
                        0.052721500396728516
                    ]
                }, 
                {
                    "length": 17.86687660217285, 
                    "direction": [
                        0.013424231670796871, 
                        -0.06743650883436203, 
                        -0.997633159160614
                    ], 
                    "center": [
                        -24.43216323852539, 
                        149.3192138671875, 
                        20.55082893371582
                    ]
                }
            ]
        }, 
        {
            "type": 4, 
            "bone": [
                {
                    "length": 55.449283599853516, 
                    "direction": [
                        0.22413605451583862, 
                        -0.07513392716646194, 
                        0.9716572761535645
                    ], 
                    "center": [
                        -56.463233947753906, 
                        187.92575073242188, 
                        31.839488983154297
                    ]
                }, 
                {
                    "length": 33.81279754638672, 
                    "direction": [
                        -0.4279530942440033, 
                        0.8319909572601318, 
                        0.3530540466308594
                    ], 
                    "center": [
                        -55.44218063354492, 
                        175.94284057617188, 
                        -1.0682334899902344
                    ]
                }, 
                {
                    "length": 18.703418731689453, 
                    "direction": [
                        -0.5581372976303101, 
                        0.3341316878795624, 
                        -0.7594990134239197
                    ], 
                    "center": [
                        -42.98749542236328, 
                        158.75216674804688, 
                        0.06550812721252441
                    ]
                }, 
                {
                    "length": 16.482967376708984, 
                    "direction": [
                        -0.3023903965950012, 
                        -0.14553968608379364, 
                        -0.9420075416564941
                    ], 
                    "center": [
                        -35.275814056396484, 
                        156.82691955566406, 
                        14.931661605834961
                    ]
                }
            ]
        }
    ], 
    "hand": {
        "grab_strength": 1.0, 
        "wrist_position": [
            -35.461997985839844, 
            184.6673583984375, 
            67.39860534667969
        ], 
        "palm_width": 87.01065063476562, 
        "palm_velocity": [
            -15.660934448242188, 
            -0.8937316536903381, 
            -69.75201416015625
        ], 
        "palm_normal": [
            0.17104046046733856, 
            -0.9597865343093872, 
            -0.22260944545269012
        ], 
        "is_left": true, 
        "palm_position": [
            -26.86188316345215, 
            193.68020629882812, 
            16.589862823486328
        ], 
        "pinch_strength": 0.2910536527633667, 
        "is_right": false
    }
}