{
    "timestamp": 33137168040, 
    "id": 506858, 
    "fingers": [
        {
            "type": 0, 
            "bone": [
                {
                    "length": 0.0, 
                    "direction": [
                        0.0, 
                        0.0, 
                        0.0
                    ], 
                    "center": [
                        -6.7458343505859375, 
                        177.8241729736328, 
                        71.8976058959961
                    ]
                }, 
                {
                    "length": 47.73450469970703, 
                    "direction": [
                        -0.5423358678817749, 
                        -0.1991753876209259, 
                        0.816211462020874
                    ], 
                    "center": [
                        6.1982316970825195, 
                        182.57794189453125, 
                        52.4168815612793
                    ]
                }, 
                {
                    "length": 32.60446548461914, 
                    "direction": [
                        -0.25973132252693176, 
                        -0.02644837647676468, 
                        0.9653186798095703
                    ], 
                    "center": [
                        23.37649917602539, 
                        187.76287841796875, 
                        17.19930648803711
                    ]
                }, 
                {
                    "length": 22.380067825317383, 
                    "direction": [
                        0.3748473525047302, 
                        0.31021884083747864, 
                        0.8736439347267151
                    ], 
                    "center": [
                        23.41614532470703, 
                        184.72268676757812, 
                        -8.313647270202637
                    ]
                }
            ]
        }, 
        {
            "type": 1, 
            "bone": [
                {
                    "length": 70.35211181640625, 
                    "direction": [
                        -0.2061547189950943, 
                        -0.11375968903303146, 
                        0.9718841910362244
                    ], 
                    "center": [
                        -9.852770805358887, 
                        201.06246948242188, 
                        31.672365188598633
                    ]
                }, 
                {
                    "length": 41.08348846435547, 
                    "direction": [
                        -0.1665748804807663, 
                        0.9603849053382874, 
                        0.223413348197937
                    ], 
                    "center": [
                        0.8206777572631836, 
                        185.3361053466797, 
                        -7.103989601135254
                    ]
                }, 
                {
                    "length": 23.11333465576172, 
                    "direction": [
                        0.20842236280441284, 
                        0.48973843455314636, 
                        -0.846591055393219
                    ], 
                    "center": [
                        1.8337483406066895, 
                        159.94837951660156, 
                        -1.9095182418823242
                    ]
                }, 
                {
                    "length": 16.33837890625, 
                    "direction": [
                        0.29657676815986633, 
                        -0.05202418193221092, 
                        -0.9535909295082092
                    ], 
                    "center": [
                        -2.997711658477783, 
                        154.713623046875, 
                        15.664318084716797
                    ]
                }
            ]
        }, 
        {
            "type": 2, 
            "bone": [
                {
                    "length": 66.7167739868164, 
                    "direction": [
                        -0.0716204047203064, 
                        -0.09674224257469177, 
                        0.9927293062210083
                    ], 
                    "center": [
                        -26.107561111450195, 
                        200.72161865234375, 
                        29.798215866088867
                    ]
                }, 
                {
                    "length": 46.092411041259766, 
                    "direction": [
                        -0.3107540011405945, 
                        0.9178987145423889, 
                        0.24676676094532013
                    ], 
                    "center": [
                        -16.556718826293945, 
                        182.79470825195312, 
                        -9.004669189453125
                    ]
                }, 
                {
                    "length": 27.19276237487793, 
                    "direction": [
                        -0.01810285449028015, 
                        0.49836963415145874, 
                        -0.8667755722999573
                    ], 
                    "center": [
                        -9.148885726928711, 
                        154.86459350585938, 
                        -2.9066948890686035
                    ]
                }, 
                {
                    "length": 17.970151901245117, 
                    "direction": [
                        0.15762749314308167, 
                        -0.03043919987976551, 
                        -0.9870293736457825
                    ], 
                    "center": [
                        -10.319046974182129, 
                        148.36207580566406, 
                        17.746850967407227
                    ]
                }
            ]
        }, 
        {
            "type": 3, 
            "bone": [
                {
                    "length": 59.9005126953125, 
                    "direction": [
                        0.07744750380516052, 
                        -0.0727027952671051, 
                        0.9943420886993408
                    ], 
                    "center": [
                        -42.153079986572266, 
                        197.20681762695312, 
                        31.28488540649414
                    ]
                }, 
                {
                    "length": 42.72559356689453, 
                    "direction": [
                        -0.35191935300827026, 
                        0.8980311155319214, 
                        0.2639939785003662
                    ], 
                    "center": [
                        -36.95466995239258, 
                        180.1998291015625, 
                        -4.135562419891357
                    ]
                }, 
                {
                    "length": 26.490482330322266, 
                    "direction": [
                        -0.18721643090248108, 
                        0.4593629539012909, 
                        -0.8682946562767029
                    ], 
                    "center": [
                        -26.95696258544922, 
                        154.93099975585938, 
                        1.7255597114562988
                    ]
                }, 
                {
                    "length": 17.86687660217285, 
                    "direction": [
                        0.014353839680552483, 
                        -0.05462183803319931, 
                        -0.9984039068222046
                    ], 
                    "center": [
                        -24.605464935302734, 
                        149.33457946777344, 
                        22.145511627197266
                    ]
                }
            ]
        }, 
        {
            "type": 4, 
            "bone": [
                {
                    "length": 55.44927978515625, 
                    "direction": [
                        0.22081425786018372, 
                        -0.08791901171207428, 
                        0.971345067024231
                    ], 
                    "center": [
                        -56.09461212158203, 
                        188.38876342773438, 
                        34.01688766479492
                    ]
                }, 
                {
                    "length": 33.812801361083984, 
                    "direction": [
                        -0.41450250148773193, 
                        0.8342310190200806, 
                        0.3636569380760193
                    ], 
                    "center": [
                        -55.2088623046875, 
                        176.72244262695312, 
                        0.9385638236999512
                    ]
                }, 
                {
                    "length": 18.70341682434082, 
                    "direction": [
                        -0.5528638362884521, 
                        0.35240140557289124, 
                        -0.7550859451293945
                    ], 
                    "center": [
                        -43.03089141845703, 
                        159.32302856445312, 
                        1.8517775535583496
                    ]
                }, 
                {
                    "length": 16.482967376708984, 
                    "direction": [
                        -0.30406320095062256, 
                        -0.1301586627960205, 
                        -0.9437183141708374
                    ], 
                    "center": [
                        -35.354740142822266, 
                        157.10018920898438, 
                        16.690759658813477
                    ]
                }
            ]
        }
    ], 
    "hand": {
        "grab_strength": 1.0, 
        "wrist_position": [
            -35.22390365600586, 
            184.47291564941406, 
            69.58653259277344
        ], 
        "palm_width": 87.01065063476562, 
        "palm_velocity": [
            -19.464258193969727, 
            12.962821960449219, 
            -82.76512145996094
        ], 
        "palm_normal": [
            0.15732087194919586, 
            -0.9599989056587219, 
            -0.23162955045700073
        ], 
        "is_left": true, 
        "palm_position": [
            -26.377138137817383, 
            193.8524169921875, 
            18.886615753173828
        ], 
        "pinch_strength": 0.29309239983558655, 
        "is_right": false
    }
}