{
    "timestamp": 33137133670, 
    "id": 506855, 
    "fingers": [
        {
            "type": 0, 
            "bone": [
                {
                    "length": 0.0, 
                    "direction": [
                        0.0, 
                        0.0, 
                        0.0
                    ], 
                    "center": [
                        -6.068151950836182, 
                        176.62779235839844, 
                        74.61986541748047
                    ]
                }, 
                {
                    "length": 47.7345085144043, 
                    "direction": [
                        -0.5429333448410034, 
                        -0.20429278910160065, 
                        0.8145476579666138
                    ], 
                    "center": [
                        6.890176773071289, 
                        181.50369262695312, 
                        55.17884826660156
                    ]
                }, 
                {
                    "length": 32.60446548461914, 
                    "direction": [
                        -0.2546326220035553, 
                        -0.0341034010052681, 
                        0.9664363265037537
                    ], 
                    "center": [
                        23.999584197998047, 
                        186.93557739257812, 
                        19.982763290405273
                    ]
                }, 
                {
                    "length": 22.38006591796875, 
                    "direction": [
                        0.38055771589279175, 
                        0.2959889769554138, 
                        0.876108705997467
                    ], 
                    "center": [
                        23.8922119140625, 
                        184.17941284179688, 
                        -5.575992584228516
                    ]
                }
            ]
        }, 
        {
            "type": 1, 
            "bone": [
                {
                    "length": 70.35211944580078, 
                    "direction": [
                        -0.20448234677314758, 
                        -0.12210112065076828, 
                        0.9712250828742981
                    ], 
                    "center": [
                        -9.046546936035156, 
                        200.33261108398438, 
                        34.65797424316406
                    ]
                }, 
                {
                    "length": 41.0834846496582, 
                    "direction": [
                        -0.15642863512039185, 
                        0.9586892127990723, 
                        0.2375819981098175
                    ], 
                    "center": [
                        1.3596532344818115, 
                        184.9344940185547, 
                        -4.386247634887695
                    ]
                }, 
                {
                    "length": 23.113338470458984, 
                    "direction": [
                        0.20946449041366577, 
                        0.49911874532699585, 
                        -0.8408358693122864
                    ], 
                    "center": [
                        2.1522579193115234, 
                        159.47320556640625, 
                        0.4506659507751465
                    ]
                }, 
                {
                    "length": 16.338380813598633, 
                    "direction": [
                        0.29199934005737305, 
                        -0.04338819533586502, 
                        -0.9554338455200195
                    ], 
                    "center": [
                        -2.6538522243499756, 
                        154.0594940185547, 
                        17.97304916381836
                    ]
                }
            ]
        }, 
        {
            "type": 2, 
            "bone": [
                {
                    "length": 66.7167739868164, 
                    "direction": [
                        -0.06971373409032822, 
                        -0.10673801600933075, 
                        0.9918401837348938
                    ], 
                    "center": [
                        -25.309505462646484, 
                        200.1844482421875, 
                        32.830116271972656
                    ]
                }, 
                {
                    "length": 46.092411041259766, 
                    "direction": [
                        -0.3009597063064575, 
                        0.9151467084884644, 
                        0.2681969702243805
                    ], 
                    "center": [
                        -16.04798698425293, 
                        182.65438842773438, 
                        -6.436995506286621
                    ]
                }, 
                {
                    "length": 27.19276237487793, 
                    "direction": [
                        -0.01826758310198784, 
                        0.5163815021514893, 
                        -0.856163740158081
                    ], 
                    "center": [
                        -8.863635063171387, 
                        154.54281616210938, 
                        -0.9771890640258789
                    ]
                }, 
                {
                    "length": 17.970151901245117, 
                    "direction": [
                        0.15301513671875, 
                        -0.015380083583295345, 
                        -0.9881041646003723
                    ], 
                    "center": [
                        -9.990114212036133, 
                        147.66009521484375, 
                        19.541730880737305
                    ]
                }
            ]
        }, 
        {
            "type": 3, 
            "bone": [
                {
                    "length": 59.900508880615234, 
                    "direction": [
                        0.07960548996925354, 
                        -0.08429912477731705, 
                        0.9932554960250854
                    ], 
                    "center": [
                        -41.38703536987305, 
                        196.8240203857422, 
                        34.32790756225586
                    ]
                }, 
                {
                    "length": 42.7255859375, 
                    "direction": [
                        -0.3404981195926666, 
                        0.8954045176506042, 
                        0.28690004348754883
                    ], 
                    "center": [
                        -36.497249603271484, 
                        180.220458984375, 
                        -1.5493369102478027
                    ]
                }, 
                {
                    "length": 26.490488052368164, 
                    "direction": [
                        -0.1873316615819931, 
                        0.4810790419578552, 
                        -0.8564284443855286
                    ], 
                    "center": [
                        -26.74200439453125, 
                        154.72010803222656, 
                        3.665281057357788
                    ]
                }, 
                {
                    "length": 17.86687660217285, 
                    "direction": [
                        0.009448097087442875, 
                        -0.036130450665950775, 
                        -0.9993023872375488
                    ], 
                    "center": [
                        -24.345155715942383, 
                        148.67086791992188, 
                        23.93609046936035
                    ]
                }
            ]
        }, 
        {
            "type": 4, 
            "bone": [
                {
                    "length": 55.449283599853516, 
                    "direction": [
                        0.2227337807416916, 
                        -0.10078442841768265, 
                        0.9696556329727173
                    ], 
                    "center": [
                        -55.413421630859375, 
                        188.12515258789062, 
                        37.00715255737305
                    ]
                }, 
                {
                    "length": 33.812808990478516, 
                    "direction": [
                        -0.40289345383644104, 
                        0.8341572880744934, 
                        0.37664127349853516
                    ], 
                    "center": [
                        -54.77716064453125, 
                        176.8167724609375, 
                        3.75614595413208
                    ]
                }, 
                {
                    "length": 18.70341682434082, 
                    "direction": [
                        -0.5528383255004883, 
                        0.3682668209075928, 
                        -0.7474953532218933
                    ], 
                    "center": [
                        -42.79569625854492, 
                        159.27024841308594, 
                        4.378854751586914
                    ]
                }, 
                {
                    "length": 16.482967376708984, 
                    "direction": [
                        -0.309967041015625, 
                        -0.11563394963741302, 
                        -0.943689227104187
                    ], 
                    "center": [
                        -35.07112503051758, 
                        156.77932739257812, 
                        19.1466121673584
                    ]
                }
            ]
        }
    ], 
    "hand": {
        "grab_strength": 1.0, 
        "wrist_position": [
            -34.48060607910156, 
            183.60275268554688, 
            72.46818542480469
        ], 
        "palm_width": 87.01065063476562, 
        "palm_velocity": [
            -16.485881805419922, 
            16.481733322143555, 
            -70.03258514404297
        ], 
        "palm_normal": [
            0.14641864597797394, 
            -0.9590442776679993, 
            -0.24247807264328003
        ], 
        "is_left": true, 
        "palm_position": [
            -25.6843318939209, 
            193.43722534179688, 
            21.845754623413086
        ], 
        "pinch_strength": 0.2955896556377411, 
        "is_right": false
    }
}