{
    "timestamp": 33129151146, 
    "id": 506186, 
    "fingers": [
        {
            "type": 0, 
            "bone": [
                {
                    "length": 0.0, 
                    "direction": [
                        0.0, 
                        0.0, 
                        0.0
                    ], 
                    "center": [
                        -0.8880583047866821, 
                        212.79490661621094, 
                        55.241451263427734
                    ]
                }, 
                {
                    "length": 47.7345085144043, 
                    "direction": [
                        -0.5585726499557495, 
                        -0.09115474671125412, 
                        0.8244315981864929
                    ], 
                    "center": [
                        12.443536758422852, 
                        214.97052001953125, 
                        35.56453323364258
                    ]
                }, 
                {
                    "length": 32.60446548461914, 
                    "direction": [
                        -0.24253319203853607, 
                        0.047646764665842056, 
                        0.968972384929657
                    ], 
                    "center": [
                        29.72896385192871, 
                        216.369384765625, 
                        0.09120035171508789
                    ]
                }, 
                {
                    "length": 22.380069732666016, 
                    "direction": [
                        0.3603697419166565, 
                        0.2625267207622528, 
                        0.8951053023338318
                    ], 
                    "center": [
                        29.650245666503906, 
                        212.6549530029297, 
                        -25.721473693847656
                    ]
                }
            ]
        }, 
        {
            "type": 1, 
            "bone": [
                {
                    "length": 70.35211181640625, 
                    "direction": [
                        -0.20366650819778442, 
                        -0.09251883625984192, 
                        0.9746589660644531
                    ], 
                    "center": [
                        -1.7689173221588135, 
                        236.42559814453125, 
                        15.134637832641602
                    ]
                }, 
                {
                    "length": 41.0834846496582, 
                    "direction": [
                        -0.041844598948955536, 
                        0.9747715592384338, 
                        0.21924751996994019
                    ], 
                    "center": [
                        6.254827976226807, 
                        219.65652465820312, 
                        -23.653751373291016
                    ]
                }, 
                {
                    "length": 23.113338470458984, 
                    "direction": [
                        0.24656854569911957, 
                        0.4599526822566986, 
                        -0.853022575378418
                    ], 
                    "center": [
                        4.264877796173096, 
                        194.3175048828125, 
                        -18.29937744140625
                    ]
                }, 
                {
                    "length": 16.338380813598633, 
                    "direction": [
                        0.26578301191329956, 
                        -0.08306030929088593, 
                        -0.9604479670524597
                    ], 
                    "center": [
                        -0.7558653354644775, 
                        189.68051147460938, 
                        -0.5951943397521973
                    ]
                }
            ]
        }, 
        {
            "type": 2, 
            "bone": [
                {
                    "length": 66.7167739868164, 
                    "direction": [
                        -0.06776149570941925, 
                        -0.09199514240026474, 
                        0.9934512376785278
                    ], 
                    "center": [
                        -17.972009658813477, 
                        238.06195068359375, 
                        13.513235092163086
                    ]
                }, 
                {
                    "length": 46.092411041259766, 
                    "direction": [
                        -0.19178444147109985, 
                        0.9515669345855713, 
                        0.24028955399990082
                    ], 
                    "center": [
                        -11.291691780090332, 
                        219.20074462890625, 
                        -25.16445541381836
                    ]
                }, 
                {
                    "length": 27.19277000427246, 
                    "direction": [
                        0.02762061543762684, 
                        0.49172234535217285, 
                        -0.8703138828277588
                    ], 
                    "center": [
                        -7.247328758239746, 
                        190.5850830078125, 
                        -18.869096755981445
                    ]
                }, 
                {
                    "length": 17.970151901245117, 
                    "direction": [
                        0.13433168828487396, 
                        -0.04847278073430061, 
                        -0.9897501468658447
                    ], 
                    "center": [
                        -8.829849243164062, 
                        184.33497619628906, 
                        1.8570055961608887
                    ]
                }
            ]
        }, 
        {
            "type": 3, 
            "bone": [
                {
                    "length": 59.900508880615234, 
                    "direction": [
                        0.08312711864709854, 
                        -0.08616913855075836, 
                        0.9928064942359924
                    ], 
                    "center": [
                        -34.30057144165039, 
                        236.50668334960938, 
                        15.24009895324707
                    ]
                }, 
                {
                    "length": 42.7255973815918, 
                    "direction": [
                        -0.23423311114311218, 
                        0.9283081889152527, 
                        0.2887537181377411
                    ], 
                    "center": [
                        -31.786373138427734, 
                        219.2562255859375, 
                        -20.66329574584961
                    ]
                }, 
                {
                    "length": 26.490478515625, 
                    "direction": [
                        -0.1521710604429245, 
                        0.50096595287323, 
                        -0.8519842028617859
                    ], 
                    "center": [
                        -24.766956329345703, 
                        192.78955078125, 
                        -15.547147750854492
                    ]
                }, 
                {
                    "length": 17.86687660217285, 
                    "direction": [
                        -0.016856031492352486, 
                        -0.033395860344171524, 
                        -0.9993000030517578
                    ], 
                    "center": [
                        -22.600833892822266, 
                        186.4524688720703, 
                        4.664772033691406
                    ]
                }
            ]
        }, 
        {
            "type": 4, 
            "bone": [
                {
                    "length": 55.44927978515625, 
                    "direction": [
                        0.22323444485664368, 
                        -0.1185060515999794, 
                        0.9675343036651611
                    ], 
                    "center": [
                        -49.16370391845703, 
                        229.42691040039062, 
                        18.16451072692871
                    ]
                }, 
                {
                    "length": 33.81280517578125, 
                    "direction": [
                        -0.3081475794315338, 
                        0.8771198391914368, 
                        0.36838260293006897
                    ], 
                    "center": [
                        -50.143131256103516, 
                        217.88351440429688, 
                        -14.888053894042969
                    ]
                }, 
                {
                    "length": 18.703414916992188, 
                    "direction": [
                        -0.5134987235069275, 
                        0.4235694706439972, 
                        -0.7462626695632935
                    ], 
                    "center": [
                        -40.13137435913086, 
                        199.09347534179688, 
                        -14.137248992919922
                    ]
                }, 
                {
                    "length": 16.482967376708984, 
                    "direction": [
                        -0.32974955439567566, 
                        -0.08017105609178543, 
                        -0.9406582117080688
                    ], 
                    "center": [
                        -32.61166000366211, 
                        195.7930908203125, 
                        0.5940001010894775
                    ]
                }
            ]
        }
    ], 
    "hand": {
        "grab_strength": 1.0, 
        "wrist_position": [
            -28.384048461914062, 
            222.849853515625, 
            53.393310546875
        ], 
        "palm_width": 87.01065063476562, 
        "palm_velocity": [
            23.940486907958984, 
            -2.301757335662842, 
            -1.9125407934188843
        ], 
        "palm_normal": [
            0.03647606819868088, 
            -0.9708890318870544, 
            -0.23673613369464874
        ], 
        "is_left": true, 
        "palm_position": [
            -19.235984802246094, 
            231.32669067382812, 
            2.5880138874053955
        ], 
        "pinch_strength": 0.30098244547843933, 
        "is_right": false
    }
}