{
    "timestamp": 33137250218, 
    "id": 506865, 
    "fingers": [
        {
            "type": 0, 
            "bone": [
                {
                    "length": 0.0, 
                    "direction": [
                        0.0, 
                        0.0, 
                        0.0
                    ], 
                    "center": [
                        -7.01148796081543, 
                        178.90774536132812, 
                        67.65074920654297
                    ]
                }, 
                {
                    "length": 47.7345085144043, 
                    "direction": [
                        -0.5301511883735657, 
                        -0.19805176556110382, 
                        0.8244484663009644
                    ], 
                    "center": [
                        5.6417646408081055, 
                        183.63470458984375, 
                        47.973426818847656
                    ]
                }, 
                {
                    "length": 32.60446548461914, 
                    "direction": [
                        -0.25408902764320374, 
                        -0.014741902239620686, 
                        0.9670684337615967
                    ], 
                    "center": [
                        22.437236785888672, 
                        188.6019744873047, 
                        12.530733108520508
                    ]
                }, 
                {
                    "length": 22.38007354736328, 
                    "direction": [
                        0.3720390796661377, 
                        0.34111669659614563, 
                        0.8632649779319763
                    ], 
                    "center": [
                        22.416324615478516, 
                        185.0251922607422, 
                        -12.894608497619629
                    ]
                }
            ]
        }, 
        {
            "type": 1, 
            "bone": [
                {
                    "length": 70.35211181640625, 
                    "direction": [
                        -0.1962287724018097, 
                        -0.09998468309640884, 
                        0.9754471778869629
                    ], 
                    "center": [
                        -11.108906745910645, 
                        201.19644165039062, 
                        26.97930335998535
                    ]
                }, 
                {
                    "length": 41.08348846435547, 
                    "direction": [
                        -0.1927279680967331, 
                        0.9619960784912109, 
                        0.19344118237495422
                    ], 
                    "center": [
                        -0.24738287925720215, 
                        184.9524383544922, 
                        -11.306703567504883
                    ]
                }, 
                {
                    "length": 23.113338470458984, 
                    "direction": [
                        0.19192776083946228, 
                        0.4689924418926239, 
                        -0.8620961308479309
                    ], 
                    "center": [
                        1.4935401678085327, 
                        159.7713623046875, 
                        -5.3173627853393555
                    ]
                }, 
                {
                    "length": 16.33837890625, 
                    "direction": [
                        0.29454538226127625, 
                        -0.06863774359226227, 
                        -0.9531693458557129
                    ], 
                    "center": [
                        -3.1307029724121094, 
                        154.91209411621094, 
                        12.432218551635742
                    ]
                }
            ]
        }, 
        {
            "type": 2, 
            "bone": [
                {
                    "length": 66.7167739868164, 
                    "direction": [
                        -0.06216887757182121, 
                        -0.07831256836652756, 
                        0.9949885010719299
                    ], 
                    "center": [
                        -27.356468200683594, 
                        200.30538940429688, 
                        25.227275848388672
                    ]
                }, 
                {
                    "length": 46.092403411865234, 
                    "direction": [
                        -0.3370145559310913, 
                        0.91663658618927, 
                        0.21493835747241974
                    ], 
                    "center": [
                        -17.515708923339844, 
                        181.79278564453125, 
                        -12.917449951171875
                    ]
                }, 
                {
                    "length": 27.192764282226562, 
                    "direction": [
                        -0.03548409044742584, 
                        0.4661611020565033, 
                        -0.8839880228042603
                    ], 
                    "center": [
                        -9.26634693145752, 
                        154.32968139648438, 
                        -5.851923942565918
                    ]
                }, 
                {
                    "length": 17.970151901245117, 
                    "direction": [
                        0.15380465984344482, 
                        -0.05610210821032524, 
                        -0.9865073561668396
                    ], 
                    "center": [
                        -10.165838241577148, 
                        148.49566650390625, 
                        15.03095817565918
                    ]
                }
            ]
        }, 
        {
            "type": 3, 
            "bone": [
                {
                    "length": 59.900508880615234, 
                    "direction": [
                        0.08607189357280731, 
                        -0.04956567659974098, 
                        0.9950551390647888
                    ], 
                    "center": [
                        -43.27301788330078, 
                        196.31900024414062, 
                        26.899030685424805
                    ]
                }, 
                {
                    "length": 42.725589752197266, 
                    "direction": [
                        -0.3788852393627167, 
                        0.8931455612182617, 
                        0.242357075214386
                    ], 
                    "center": [
                        -37.7568473815918, 
                        178.72341918945312, 
                        -8.080550193786621
                    ]
                }, 
                {
                    "length": 26.4904842376709, 
                    "direction": [
                        -0.20647843182086945, 
                        0.43003541231155396, 
                        -0.8788835406303406
                    ], 
                    "center": [
                        -26.92794418334961, 
                        153.94740295410156, 
                        -1.6169500350952148
                    ]
                }, 
                {
                    "length": 17.86687660217285, 
                    "direction": [
                        0.009824189357459545, 
                        -0.07871051132678986, 
                        -0.9968490600585938
                    ], 
                    "center": [
                        -24.28084945678711, 
                        148.9546356201172, 
                        18.929363250732422
                    ]
                }
            ]
        }, 
        {
            "type": 4, 
            "bone": [
                {
                    "length": 55.44927978515625, 
                    "direction": [
                        0.2296978384256363, 
                        -0.06073709949851036, 
                        0.9713649749755859
                    ], 
                    "center": [
                        -56.911075592041016, 
                        187.1251983642578, 
                        29.90998077392578
                    ]
                }, 
                {
                    "length": 33.81279754638672, 
                    "direction": [
                        -0.44059571623802185, 
                        0.8286492824554443, 
                        0.34527623653411865
                    ], 
                    "center": [
                        -55.83047866821289, 
                        174.7996368408203, 
                        -2.8581409454345703
                    ]
                }, 
                {
                    "length": 18.703418731689453, 
                    "direction": [
                        -0.5669451951980591, 
                        0.3157910406589508, 
                        -0.7608214020729065
                    ], 
                    "center": [
                        -43.07968521118164, 
                        157.83697509765625, 
                        -1.5805377960205078
                    ]
                }, 
                {
                    "length": 16.48296546936035, 
                    "direction": [
                        -0.3040144145488739, 
                        -0.16130489110946655, 
                        -0.9389122128486633
                    ], 
                    "center": [
                        -35.272247314453125, 
                        156.2131805419922, 
                        13.27247142791748
                    ]
                }
            ]
        }
    ], 
    "hand": {
        "grab_strength": 1.0, 
        "wrist_position": [
            -35.69969940185547, 
            184.60757446289062, 
            65.40447235107422
        ], 
        "palm_width": 87.01065063476562, 
        "palm_velocity": [
            -13.17120361328125, 
            -8.73520278930664, 
            -46.314979553222656
        ], 
        "palm_normal": [
            0.18610060214996338, 
            -0.9591753482818604, 
            -0.21295352280139923
        ], 
        "is_left": true, 
        "palm_position": [
            -27.478641510009766, 
            193.20599365234375, 
            14.46133804321289
        ], 
        "pinch_strength": 0.2840515971183777, 
        "is_right": false
    }
}