{
    "timestamp": 33137259776, 
    "id": 506866, 
    "fingers": [
        {
            "type": 0, 
            "bone": [
                {
                    "length": 0.0, 
                    "direction": [
                        0.0, 
                        0.0, 
                        0.0
                    ], 
                    "center": [
                        -7.182401657104492, 
                        179.03558349609375, 
                        67.09854125976562
                    ]
                }, 
                {
                    "length": 47.73450469970703, 
                    "direction": [
                        -0.529996395111084, 
                        -0.19696462154388428, 
                        0.8248083591461182
                    ], 
                    "center": [
                        5.467155456542969, 
                        183.73658752441406, 
                        47.41263198852539
                    ]
                }, 
                {
                    "length": 32.60446548461914, 
                    "direction": [
                        -0.25517740845680237, 
                        -0.011986336670815945, 
                        0.9668199419975281
                    ], 
                    "center": [
                        22.276674270629883, 
                        188.63299560546875, 
                        11.965396881103516
                    ]
                }, 
                {
                    "length": 22.380067825317383, 
                    "direction": [
                        0.3705349266529083, 
                        0.34685754776000977, 
                        0.8616227507591248
                    ], 
                    "center": [
                        22.29033660888672, 
                        184.94705200195312, 
                        -13.437514305114746
                    ]
                }
            ]
        }, 
        {
            "type": 1, 
            "bone": [
                {
                    "length": 70.35211181640625, 
                    "direction": [
                        -0.19674144685268402, 
                        -0.09733123332262039, 
                        0.9756123423576355
                    ], 
                    "center": [
                        -11.345499992370605, 
                        201.1541748046875, 
                        26.340988159179688
                    ]
                }, 
                {
                    "length": 41.08348846435547, 
                    "direction": [
                        -0.1972491443157196, 
                        0.962068498134613, 
                        0.18845923244953156
                    ], 
                    "center": [
                        -0.37307047843933105, 
                        184.81533813476562, 
                        -11.848487854003906
                    ]
                }, 
                {
                    "length": 23.113338470458984, 
                    "direction": [
                        0.19099941849708557, 
                        0.46567705273628235, 
                        -0.8640971779823303
                    ], 
                    "center": [
                        1.4714539051055908, 
                        159.67108154296875, 
                        -5.7336835861206055
                    ]
                }, 
                {
                    "length": 16.338380813598633, 
                    "direction": [
                        0.2960779070854187, 
                        -0.0714469775557518, 
                        -0.9524879455566406
                    ], 
                    "center": [
                        -3.1545798778533936, 
                        154.87307739257812, 
                        12.033456802368164
                    ]
                }
            ]
        }, 
        {
            "type": 2, 
            "bone": [
                {
                    "length": 66.7167739868164, 
                    "direction": [
                        -0.06280741095542908, 
                        -0.07494184374809265, 
                        0.9952079653739929
                    ], 
                    "center": [
                        -27.5867862701416, 
                        200.17840576171875, 
                        24.575958251953125
                    ]
                }, 
                {
                    "length": 46.092411041259766, 
                    "direction": [
                        -0.34160906076431274, 
                        0.915920078754425, 
                        0.21069779992103577
                    ], 
                    "center": [
                        -17.618839263916016, 
                        181.56985473632812, 
                        -13.47835922241211
                    ]
                }, 
                {
                    "length": 27.19275665283203, 
                    "direction": [
                        -0.03667061775922775, 
                        0.46226412057876587, 
                        -0.8859837055206299
                    ], 
                    "center": [
                        -9.247459411621094, 
                        154.17626953125, 
                        -6.2879743576049805
                    ]
                }, 
                {
                    "length": 17.970151901245117, 
                    "direction": [
                        0.15515704452991486, 
                        -0.05934998765587807, 
                        -0.9861054420471191
                    ], 
                    "center": [
                        -10.142969131469727, 
                        148.42440795898438, 
                        14.618428230285645
                    ]
                }
            ]
        }, 
        {
            "type": 3, 
            "bone": [
                {
                    "length": 59.9005126953125, 
                    "direction": [
                        0.08529316633939743, 
                        -0.04548124596476555, 
                        0.995317280292511
                    ], 
                    "center": [
                        -43.48567199707031, 
                        196.12158203125, 
                        26.24644660949707
                    ]
                }, 
                {
                    "length": 42.725589752197266, 
                    "direction": [
                        -0.3835846781730652, 
                        0.8926262855529785, 
                        0.23681452870368958
                    ], 
                    "center": [
                        -37.84577941894531, 
                        178.41476440429688, 
                        -8.622579574584961
                    ]
                }, 
                {
                    "length": 26.49048614501953, 
                    "direction": [
                        -0.2073630839586258, 
                        0.4241214692592621, 
                        -0.8815449476242065
                    ], 
                    "center": [
                        -26.904766082763672, 
                        153.72817993164062, 
                        -2.0053229331970215
                    ]
                }, 
                {
                    "length": 17.86687660217285, 
                    "direction": [
                        0.011313504539430141, 
                        -0.083589568734169, 
                        -0.9964360594749451
                    ], 
                    "center": [
                        -24.259260177612305, 
                        148.85733032226562, 
                        18.572553634643555
                    ]
                }
            ]
        }, 
        {
            "type": 4, 
            "bone": [
                {
                    "length": 55.44927978515625, 
                    "direction": [
                        0.22899529337882996, 
                        -0.0560479536652565, 
                        0.9718126058578491
                    ], 
                    "center": [
                        -57.08238983154297, 
                        186.87338256835938, 
                        29.277631759643555
                    ]
                }, 
                {
                    "length": 33.812801361083984, 
                    "direction": [
                        -0.4450313150882721, 
                        0.8278197646141052, 
                        0.34155726432800293
                    ], 
                    "center": [
                        -55.907325744628906, 
                        174.4318389892578, 
                        -3.4400267601013184
                    ]
                }, 
                {
                    "length": 18.703418731689453, 
                    "direction": [
                        -0.5676729083061218, 
                        0.3100369870662689, 
                        -0.7626430988311768
                    ], 
                    "center": [
                        -43.07473373413086, 
                        157.53701782226562, 
                        -2.0825142860412598
                    ]
                }, 
                {
                    "length": 16.482969284057617, 
                    "direction": [
                        -0.3022691011428833, 
                        -0.16637970507144928, 
                        -0.9385899901390076
                    ], 
                    "center": [
                        -35.27487564086914, 
                        156.00885009765625, 
                        12.78487777709961
                    ]
                }
            ]
        }
    ], 
    "hand": {
        "grab_strength": 1.0, 
        "wrist_position": [
            -35.89540481567383, 
            184.58885192871094, 
            64.80245208740234
        ], 
        "palm_width": 87.01065063476562, 
        "palm_velocity": [
            -14.962416648864746, 
            -11.263129234313965, 
            -51.82990646362305
        ], 
        "palm_normal": [
            0.1909320205450058, 
            -0.9590466022491455, 
            -0.20922385156154633
        ], 
        "is_left": true, 
        "palm_position": [
            -27.66379737854004, 
            193.0388641357422, 
            13.836188316345215
        ], 
        "pinch_strength": 0.28402072191238403, 
        "is_right": false
    }
}