{
    "timestamp": 33137213882, 
    "id": 506862, 
    "fingers": [
        {
            "type": 0, 
            "bone": [
                {
                    "length": 0.0, 
                    "direction": [
                        0.0, 
                        0.0, 
                        0.0
                    ], 
                    "center": [
                        -6.933919906616211, 
                        178.61209106445312, 
                        69.1552505493164
                    ]
                }, 
                {
                    "length": 47.73451232910156, 
                    "direction": [
                        -0.5361724495887756, 
                        -0.19876649975776672, 
                        0.8203724026679993
                    ], 
                    "center": [
                        5.863044738769531, 
                        183.35610961914062, 
                        49.57521057128906
                    ]
                }, 
                {
                    "length": 32.60446548461914, 
                    "direction": [
                        -0.2577356696128845, 
                        -0.019618429243564606, 
                        0.9660163521766663
                    ], 
                    "center": [
                        22.861675262451172, 
                        188.41993713378906, 
                        14.24695110321045
                    ]
                }, 
                {
                    "length": 22.380069732666016, 
                    "direction": [
                        0.37174808979034424, 
                        0.32867246866226196, 
                        0.8682037591934204
                    ], 
                    "center": [
                        22.90346908569336, 
                        185.06190490722656, 
                        -11.21650218963623
                    ]
                }
            ]
        }, 
        {
            "type": 1, 
            "bone": [
                {
                    "length": 70.35211181640625, 
                    "direction": [
                        -0.20147712528705597, 
                        -0.10550805181264877, 
                        0.973794162273407
                    ], 
                    "center": [
                        -10.585524559020996, 
                        201.28256225585938, 
                        28.652698516845703
                    ]
                }, 
                {
                    "length": 41.0834846496582, 
                    "direction": [
                        -0.18312522768974304, 
                        0.9610561728477478, 
                        0.2069689929485321
                    ], 
                    "center": [
                        0.26335668563842773, 
                        185.25216674804688, 
                        -9.85304069519043
                    ]
                }, 
                {
                    "length": 23.11333465576172, 
                    "direction": [
                        0.19904738664627075, 
                        0.47905948758125305, 
                        -0.8549163937568665
                    ], 
                    "center": [
                        1.724743366241455, 
                        159.97406005859375, 
                        -4.224559783935547
                    ]
                }, 
                {
                    "length": 16.338380813598633, 
                    "direction": [
                        0.29643887281417847, 
                        -0.06077597290277481, 
                        -0.9531161785125732
                    ], 
                    "center": [
                        -2.997246503829956, 
                        154.93421936035156, 
                        13.441611289978027
                    ]
                }
            ]
        }, 
        {
            "type": 2, 
            "bone": [
                {
                    "length": 66.7167739868164, 
                    "direction": [
                        -0.06723906099796295, 
                        -0.08567474037408829, 
                        0.9940516948699951
                    ], 
                    "center": [
                        -26.8355770111084, 
                        200.6090850830078, 
                        26.82813262939453
                    ]
                }, 
                {
                    "length": 46.0924072265625, 
                    "direction": [
                        -0.32673054933547974, 
                        0.9180113673210144, 
                        0.22472704946994781
                    ], 
                    "center": [
                        -17.06269073486328, 
                        182.3103790283203, 
                        -11.510932922363281
                    ]
                }, 
                {
                    "length": 27.192771911621094, 
                    "direction": [
                        -0.026835568249225616, 
                        0.47700488567352295, 
                        -0.8784908652305603
                    ], 
                    "center": [
                        -9.167924880981445, 
                        154.66815185546875, 
                        -4.7457380294799805
                    ]
                }, 
                {
                    "length": 17.970151901245117, 
                    "direction": [
                        0.15690138936042786, 
                        -0.04747506603598595, 
                        -0.9864725470542908
                    ], 
                    "center": [
                        -10.21282958984375, 
                        148.60919189453125, 
                        16.06209373474121
                    ]
                }
            ]
        }, 
        {
            "type": 3, 
            "bone": [
                {
                    "length": 59.900508880615234, 
                    "direction": [
                        0.08134705573320389, 
                        -0.05878455564379692, 
                        0.9949507117271423
                    ], 
                    "center": [
                        -42.807350158691406, 
                        196.80844116210938, 
                        28.403032302856445
                    ]
                }, 
                {
                    "length": 42.7255859375, 
                    "direction": [
                        -0.36866238713264465, 
                        0.8955302238464355, 
                        0.2492261528968811
                    ], 
                    "center": [
                        -37.36805725097656, 
                        179.43801879882812, 
                        -6.720163822174072
                    ]
                }, 
                {
                    "length": 26.4904842376709, 
                    "direction": [
                        -0.19747473299503326, 
                        0.44078606367111206, 
                        -0.8756206631660461
                    ], 
                    "center": [
                        -26.87679672241211, 
                        154.4686737060547, 
                        -0.44652414321899414
                    ]
                }, 
                {
                    "length": 17.86687469482422, 
                    "direction": [
                        0.013064580969512463, 
                        -0.06985170394182205, 
                        -0.9974718689918518
                    ], 
                    "center": [
                        -24.377906799316406, 
                        149.25436401367188, 
                        20.0621337890625
                    ]
                }
            ]
        }, 
        {
            "type": 4, 
            "bone": [
                {
                    "length": 55.449283599853516, 
                    "direction": [
                        0.2249188870191574, 
                        -0.07155624777078629, 
                        0.9717463850975037
                    ], 
                    "center": [
                        -56.571266174316406, 
                        187.76150512695312, 
                        31.283313751220703
                    ]
                }, 
                {
                    "length": 33.812801361083984, 
                    "direction": [
                        -0.43158623576164246, 
                        0.8311975598335266, 
                        0.3504910171031952
                    ], 
                    "center": [
                        -55.51049041748047, 
                        175.69281005859375, 
                        -1.5835492610931396
                    ]
                }, 
                {
                    "length": 18.703413009643555, 
                    "direction": [
                        -0.5597383379936218, 
                        0.329229474067688, 
                        -0.7604610323905945
                    ], 
                    "center": [
                        -42.97941207885742, 
                        158.5614013671875, 
                        -0.39748287200927734
                    ]
                }, 
                {
                    "length": 16.482967376708984, 
                    "direction": [
                        -0.30200275778770447, 
                        -0.1497119516134262, 
                        -0.94147789478302
                    ], 
                    "center": [
                        -35.255950927734375, 
                        156.71640014648438, 
                        14.47330093383789
                    ]
                }
            ]
        }
    ], 
    "hand": {
        "grab_strength": 1.0, 
        "wrist_position": [
            -35.539337158203125, 
            184.68832397460938, 
            66.84078216552734
        ], 
        "palm_width": 87.01065063476562, 
        "palm_velocity": [
            -14.812114715576172, 
            -2.978750705718994, 
            -64.86263275146484
        ], 
        "palm_normal": [
            0.1750025749206543, 
            -0.9596509337425232, 
            -0.22010032832622528
        ], 
        "is_left": true, 
        "palm_position": [
            -27.00190544128418, 
            193.6001739501953, 
            16.003660202026367
        ], 
        "pinch_strength": 0.2888373136520386, 
        "is_right": false
    }
}