{
    "timestamp": 33137225389, 
    "id": 506863, 
    "fingers": [
        {
            "type": 0, 
            "bone": [
                {
                    "length": 0.0, 
                    "direction": [
                        0.0, 
                        0.0, 
                        0.0
                    ], 
                    "center": [
                        -6.974175453186035, 
                        178.75315856933594, 
                        68.54127502441406
                    ]
                }, 
                {
                    "length": 47.73451232910156, 
                    "direction": [
                        -0.5342407822608948, 
                        -0.1985628753900528, 
                        0.8216808438301086
                    ], 
                    "center": [
                        5.776687145233154, 
                        183.4923095703125, 
                        48.93000793457031
                    ]
                }, 
                {
                    "length": 32.60446548461914, 
                    "direction": [
                        -0.256831556558609, 
                        -0.017906028777360916, 
                        0.966290295124054
                    ], 
                    "center": [
                        22.7144775390625, 
                        188.52337646484375, 
                        13.566049575805664
                    ]
                }, 
                {
                    "length": 22.38007164001465, 
                    "direction": [
                        0.37157419323921204, 
                        0.33331483602523804, 
                        0.8665067553520203
                    ], 
                    "center": [
                        22.74347686767578, 
                        185.08547973632812, 
                        -11.882883071899414
                    ]
                }
            ]
        }, 
        {
            "type": 1, 
            "bone": [
                {
                    "length": 70.35211181640625, 
                    "direction": [
                        -0.19986450672149658, 
                        -0.10345538705587387, 
                        0.9743465781211853
                    ], 
                    "center": [
                        -10.778036117553711, 
                        201.28189086914062, 
                        27.97368621826172
                    ]
                }, 
                {
                    "length": 41.083492279052734, 
                    "direction": [
                        -0.18674811720848083, 
                        0.9614723324775696, 
                        0.20173265039920807
                    ], 
                    "center": [
                        0.08854210376739502, 
                        185.17071533203125, 
                        -10.443923950195312
                    ]
                }, 
                {
                    "length": 23.11333465576172, 
                    "direction": [
                        0.19672521948814392, 
                        0.47522056102752686, 
                        -0.8575923442840576
                    ], 
                    "center": [
                        1.6511867046356201, 
                        159.92843627929688, 
                        -4.676955699920654
                    ]
                }, 
                {
                    "length": 16.338380813598633, 
                    "direction": [
                        0.2960857152938843, 
                        -0.06377760320901871, 
                        -0.9530297517776489
                    ], 
                    "center": [
                        -3.0410821437835693, 
                        154.9574737548828, 
                        13.019434928894043
                    ]
                }
            ]
        }, 
        {
            "type": 2, 
            "bone": [
                {
                    "length": 66.7167739868164, 
                    "direction": [
                        -0.06569729745388031, 
                        -0.08293411135673523, 
                        0.9943870902061462
                    ], 
                    "center": [
                        -27.026851654052734, 
                        200.52700805664062, 
                        26.170080184936523
                    ]
                }, 
                {
                    "length": 46.092411041259766, 
                    "direction": [
                        -0.33062678575515747, 
                        0.9176325798034668, 
                        0.22053630650043488
                    ], 
                    "center": [
                        -17.21560287475586, 
                        182.14561462402344, 
                        -12.083595275878906
                    ]
                }, 
                {
                    "length": 27.192766189575195, 
                    "direction": [
                        -0.02962511219084263, 
                        0.4726516902446747, 
                        -0.8807511925697327
                    ], 
                    "center": [
                        -9.193115234375, 
                        154.57131958007812, 
                        -5.191090106964111
                    ]
                }, 
                {
                    "length": 17.970151901245117, 
                    "direction": [
                        0.15616478025913239, 
                        -0.05091229826211929, 
                        -0.9864180088043213
                    ], 
                    "center": [
                        -10.193472862243652, 
                        148.6024169921875, 
                        15.646980285644531
                    ]
                }
            ]
        }, 
        {
            "type": 3, 
            "bone": [
                {
                    "length": 59.900508880615234, 
                    "direction": [
                        0.0827626883983612, 
                        -0.05534868314862251, 
                        0.9950309991836548
                    ], 
                    "center": [
                        -42.9788932800293, 
                        196.65676879882812, 
                        27.775188446044922
                    ]
                }, 
                {
                    "length": 42.72559356689453, 
                    "direction": [
                        -0.3724854588508606, 
                        0.8944533467292786, 
                        0.24740219116210938
                    ], 
                    "center": [
                        -37.500328063964844, 
                        179.20645141601562, 
                        -7.3114495277404785
                    ]
                }, 
                {
                    "length": 26.490480422973633, 
                    "direction": [
                        -0.20075535774230957, 
                        0.4375627636909485, 
                        -0.8764907717704773
                    ], 
                    "center": [
                        -26.883941650390625, 
                        154.3028106689453, 
                        -0.9873213768005371
                    ]
                }, 
                {
                    "length": 17.86687660217285, 
                    "direction": [
                        0.012059710919857025, 
                        -0.07256664335727692, 
                        -0.9972906112670898
                    ], 
                    "center": [
                        -24.332624435424805, 
                        149.15545654296875, 
                        19.53124237060547
                    ]
                }
            ]
        }, 
        {
            "type": 4, 
            "bone": [
                {
                    "length": 55.44927978515625, 
                    "direction": [
                        0.2263658344745636, 
                        -0.06752204895019531, 
                        0.9716991782188416
                    ], 
                    "center": [
                        -56.697120666503906, 
                        187.55465698242188, 
                        30.699188232421875
                    ]
                }, 
                {
                    "length": 33.81280517578125, 
                    "direction": [
                        -0.4350877106189728, 
                        0.830256998538971, 
                        0.34838488698005676
                    ], 
                    "center": [
                        -55.61726379394531, 
                        175.3900146484375, 
                        -2.13075852394104
                    ]
                }, 
                {
                    "length": 18.703418731689453, 
                    "direction": [
                        -0.5621362924575806, 
                        0.32425281405448914, 
                        -0.7608304619789124
                    ], 
                    "center": [
                        -43.00456237792969, 
                        158.321044921875, 
                        -0.905627965927124
                    ]
                }, 
                {
                    "length": 16.48296546936035, 
                    "direction": [
                        -0.3023902177810669, 
                        -0.15400736033916473, 
                        -0.9406604170799255
                    ], 
                    "center": [
                        -35.25548553466797, 
                        156.5579833984375, 
                        13.961874961853027
                    ]
                }
            ]
        }
    ], 
    "hand": {
        "grab_strength": 1.0, 
        "wrist_position": [
            -35.61027526855469, 
            184.6887969970703, 
            66.24143981933594
        ], 
        "palm_width": 87.01065063476562, 
        "palm_velocity": [
            -14.82807731628418, 
            -5.368888854980469, 
            -61.642826080322266
        ], 
        "palm_normal": [
            0.17922648787498474, 
            -0.9594958424568176, 
            -0.21736054122447968
        ], 
        "is_left": true, 
        "palm_position": [
            -27.172893524169922, 
            193.4842071533203, 
            15.367347717285156
        ], 
        "pinch_strength": 0.28685227036476135, 
        "is_right": false
    }
}