{
    "timestamp": 33137305708, 
    "id": 506870, 
    "fingers": [
        {
            "type": 0, 
            "bone": [
                {
                    "length": 0.0, 
                    "direction": [
                        0.0, 
                        0.0, 
                        0.0
                    ], 
                    "center": [
                        -7.925858974456787, 
                        179.02120971679688, 
                        65.09273529052734
                    ]
                }, 
                {
                    "length": 47.73450469970703, 
                    "direction": [
                        -0.5279262661933899, 
                        -0.19548459351062775, 
                        0.826486349105835
                    ], 
                    "center": [
                        4.674289703369141, 
                        183.6868896484375, 
                        45.36677551269531
                    ]
                }, 
                {
                    "length": 32.60446548461914, 
                    "direction": [
                        -0.25747498869895935, 
                        -0.004186700098216534, 
                        0.9662758708000183
                    ], 
                    "center": [
                        21.47185516357422, 
                        188.4208221435547, 
                        9.888364791870117
                    ]
                }, 
                {
                    "length": 22.380069732666016, 
                    "direction": [
                        0.36985403299331665, 
                        0.3686956465244293, 
                        0.8528021574020386
                    ], 
                    "center": [
                        21.530593872070312, 
                        184.3633575439453, 
                        -15.406975746154785
                    ]
                }
            ]
        }, 
        {
            "type": 1, 
            "bone": [
                {
                    "length": 70.35211181640625, 
                    "direction": [
                        -0.1964673399925232, 
                        -0.09020351618528366, 
                        0.9763523936271667
                    ], 
                    "center": [
                        -12.446636199951172, 
                        200.5982208251953, 
                        24.083759307861328
                    ]
                }, 
                {
                    "length": 41.083492279052734, 
                    "direction": [
                        -0.21504227817058563, 
                        0.961156964302063, 
                        0.1730143129825592
                    ], 
                    "center": [
                        -1.1183451414108276, 
                        184.02737426757812, 
                        -13.814481735229492
                    ]
                }, 
                {
                    "length": 23.113327026367188, 
                    "direction": [
                        0.18508140742778778, 
                        0.4558948278427124, 
                        -0.8705772161483765
                    ], 
                    "center": [
                        1.1600754261016846, 
                        159.01492309570312, 
                        -7.307529449462891
                    ]
                }, 
                {
                    "length": 16.33837890625, 
                    "direction": [
                        0.2998639643192291, 
                        -0.07884551584720612, 
                        -0.9507181644439697
                    ], 
                    "center": [
                        -3.4284939765930176, 
                        154.39039611816406, 
                        10.520035743713379
                    ]
                }
            ]
        }, 
        {
            "type": 2, 
            "bone": [
                {
                    "length": 66.7167739868164, 
                    "direction": [
                        -0.06302376836538315, 
                        -0.06501240283250809, 
                        0.9958922863006592
                    ], 
                    "center": [
                        -28.663061141967773, 
                        199.28912353515625, 
                        22.305953979492188
                    ]
                }, 
                {
                    "length": 46.092411041259766, 
                    "direction": [
                        -0.3590489327907562, 
                        0.9136553406715393, 
                        0.19057177007198334
                    ], 
                    "center": [
                        -18.285974502563477, 
                        180.4015350341797, 
                        -15.307361602783203
                    ]
                }, 
                {
                    "length": 27.192768096923828, 
                    "direction": [
                        -0.04098397120833397, 
                        0.4433273375034332, 
                        -0.8954223394393921
                    ], 
                    "center": [
                        -9.454026222229004, 
                        153.31759643554688, 
                        -7.524811744689941
                    ]
                }, 
                {
                    "length": 17.970151901245117, 
                    "direction": [
                        0.1596272736787796, 
                        -0.07361772656440735, 
                        -0.9844285249710083
                    ], 
                    "center": [
                        -10.331055641174316, 
                        147.951416015625, 
                        13.49485969543457
                    ]
                }
            ]
        }, 
        {
            "type": 3, 
            "bone": [
                {
                    "length": 59.9005126953125, 
                    "direction": [
                        0.08447998762130737, 
                        -0.03269556164741516, 
                        0.9958885908126831
                    ], 
                    "center": [
                        -44.48344039916992, 
                        194.94473266601562, 
                        23.998485565185547
                    ]
                }, 
                {
                    "length": 42.7255859375, 
                    "direction": [
                        -0.40168145298957825, 
                        0.888983964920044, 
                        0.21990787982940674
                    ], 
                    "center": [
                        -38.43260192871094, 
                        176.9327850341797, 
                        -10.52647876739502
                    ]
                }, 
                {
                    "length": 26.490482330322266, 
                    "direction": [
                        -0.21296465396881104, 
                        0.40424972772598267, 
                        -0.8895100355148315
                    ], 
                    "center": [
                        -27.030794143676758, 
                        152.58721923828125, 
                        -3.442549705505371
                    ]
                }, 
                {
                    "length": 17.86687469482422, 
                    "direction": [
                        0.015030017122626305, 
                        -0.09904661029577255, 
                        -0.9949692487716675
                    ], 
                    "center": [
                        -24.344295501708984, 
                        148.11766052246094, 
                        17.22772216796875
                    ]
                }
            ]
        }, 
        {
            "type": 4, 
            "bone": [
                {
                    "length": 55.44927978515625, 
                    "direction": [
                        0.22839875519275665, 
                        -0.040745485574007034, 
                        0.9727146625518799
                    ], 
                    "center": [
                        -57.904144287109375, 
                        185.46994018554688, 
                        27.113191604614258
                    ]
                }, 
                {
                    "length": 33.812801361083984, 
                    "direction": [
                        -0.46374762058258057, 
                        0.8232375383377075, 
                        0.32744163274765015
                    ], 
                    "center": [
                        -56.3961181640625, 
                        172.68161010742188, 
                        -5.390831470489502
                    ]
                }, 
                {
                    "length": 18.703418731689453, 
                    "direction": [
                        -0.5707212090492249, 
                        0.2869245707988739, 
                        -0.7693838477134705
                    ], 
                    "center": [
                        -43.21859359741211, 
                        156.08038330078125, 
                        -3.7316370010375977
                    ]
                }, 
                {
                    "length": 16.482969284057617, 
                    "direction": [
                        -0.2956792712211609, 
                        -0.1849859654903412, 
                        -0.9372053742408752
                    ], 
                    "center": [
                        -35.44453811645508, 
                        154.92172241210938, 
                        11.18738079071045
                    ]
                }
            ]
        }
    ], 
    "hand": {
        "grab_strength": 1.0, 
        "wrist_position": [
            -36.73682403564453, 
            183.99252319335938, 
            62.69242477416992
        ], 
        "palm_width": 87.01065063476562, 
        "palm_velocity": [
            -18.310550689697266, 
            -20.056255340576172, 
            -45.379051208496094
        ], 
        "palm_normal": [
            0.2097654640674591, 
            -0.9574564099311829, 
            -0.19818077981472015
        ], 
        "is_left": true, 
        "palm_position": [
            -28.584131240844727, 
            192.02981567382812, 
            11.646782875061035
        ], 
        "pinch_strength": 0.2864042818546295, 
        "is_right": false
    }
}