{
    "timestamp": 33137374551, 
    "id": 506876, 
    "fingers": [
        {
            "type": 0, 
            "bone": [
                {
                    "length": 0.0, 
                    "direction": [
                        0.0, 
                        0.0, 
                        0.0
                    ], 
                    "center": [
                        -9.728590965270996, 
                        178.22201538085938, 
                        61.97654342651367
                    ]
                }, 
                {
                    "length": 47.73451232910156, 
                    "direction": [
                        -0.5310400724411011, 
                        -0.1903703212738037, 
                        0.8256849050521851
                    ], 
                    "center": [
                        2.945878505706787, 
                        182.765625, 
                        42.269710540771484
                    ]
                }, 
                {
                    "length": 32.604469299316406, 
                    "direction": [
                        -0.2621457278728485, 
                        0.01200458686798811, 
                        0.9649535417556763
                    ], 
                    "center": [
                        19.893909454345703, 
                        187.11355590820312, 
                        6.831980228424072
                    ]
                }, 
                {
                    "length": 22.380069732666016, 
                    "direction": [
                        0.37594956159591675, 
                        0.40445074439048767, 
                        0.833715558052063
                    ], 
                    "center": [
                        19.960582733154297, 
                        182.39202880859375, 
                        -18.228225708007812
                    ]
                }
            ]
        }, 
        {
            "type": 1, 
            "bone": [
                {
                    "length": 70.35211181640625, 
                    "direction": [
                        -0.20063984394073486, 
                        -0.08498965948820114, 
                        0.975971519947052
                    ], 
                    "center": [
                        -14.545482635498047, 
                        199.229736328125, 
                        20.706520080566406
                    ]
                }, 
                {
                    "length": 41.08348083496094, 
                    "direction": [
                        -0.24288034439086914, 
                        0.9559987783432007, 
                        0.16454632580280304
                    ], 
                    "center": [
                        -2.4985785484313965, 
                        182.58145141601562, 
                        -17.004379272460938
                    ]
                }, 
                {
                    "length": 23.113332748413086, 
                    "direction": [
                        0.17837129533290863, 
                        0.45493021607398987, 
                        -0.8724804520606995
                    ], 
                    "center": [
                        0.42922914028167725, 
                        157.68609619140625, 
                        -10.301481246948242
                    ]
                }, 
                {
                    "length": 16.338380813598633, 
                    "direction": [
                        0.30874496698379517, 
                        -0.0780404731631279, 
                        -0.9479378461837769
                    ], 
                    "center": [
                        -4.15434455871582, 
                        153.06614685058594, 
                        7.525370121002197
                    ]
                }
            ]
        }, 
        {
            "type": 2, 
            "bone": [
                {
                    "length": 66.7167739868164, 
                    "direction": [
                        -0.06805498898029327, 
                        -0.05601769685745239, 
                        0.9961076974868774
                    ], 
                    "center": [
                        -30.70853614807129, 
                        197.466796875, 
                        18.837135314941406
                    ]
                }, 
                {
                    "length": 46.092403411865234, 
                    "direction": [
                        -0.3833973705768585, 
                        0.9099299311637878, 
                        0.15822158753871918
                    ], 
                    "center": [
                        -19.60247802734375, 
                        178.3650360107422, 
                        -18.037817001342773
                    ]
                }, 
                {
                    "length": 27.192766189575195, 
                    "direction": [
                        -0.039715249091386795, 
                        0.41465792059898376, 
                        -0.9091103076934814
                    ], 
                    "center": [
                        -10.226640701293945, 
                        151.7567596435547, 
                        -9.32361125946045
                    ]
                }, 
                {
                    "length": 17.970151901245117, 
                    "direction": [
                        0.17203077673912048, 
                        -0.09336907416582108, 
                        -0.9806567430496216
                    ], 
                    "center": [
                        -11.232366561889648, 
                        146.9578399658203, 
                        11.848276138305664
                    ]
                }
            ]
        }, 
        {
            "type": 3, 
            "bone": [
                {
                    "length": 59.90050506591797, 
                    "direction": [
                        0.07852733135223389, 
                        -0.019754743203520775, 
                        0.9967162013053894
                    ], 
                    "center": [
                        -46.418113708496094, 
                        192.7176513671875, 
                        20.473430633544922
                    ]
                }, 
                {
                    "length": 42.72557830810547, 
                    "direction": [
                        -0.4277350604534149, 
                        0.8822181820869446, 
                        0.19680896401405334
                    ], 
                    "center": [
                        -39.63241195678711, 
                        174.46267700195312, 
                        -13.58286190032959
                    ]
                }, 
                {
                    "length": 26.49048614501953, 
                    "direction": [
                        -0.21535724401474, 
                        0.3785826861858368, 
                        -0.9001646637916565
                    ], 
                    "center": [
                        -27.6423397064209, 
                        150.6016082763672, 
                        -5.864351272583008
                    ]
                }, 
                {
                    "length": 17.86687469482422, 
                    "direction": [
                        0.025631265714764595, 
                        -0.11726385354995728, 
                        -0.9927699565887451
                    ], 
                    "center": [
                        -25.018856048583984, 
                        146.634765625, 
                        14.927395820617676
                    ]
                }
            ]
        }, 
        {
            "type": 4, 
            "bone": [
                {
                    "length": 55.44927978515625, 
                    "direction": [
                        0.22276470065116882, 
                        -0.024185700342059135, 
                        0.9745721817016602
                    ], 
                    "center": [
                        -59.601280212402344, 
                        182.91989135742188, 
                        23.603296279907227
                    ]
                }, 
                {
                    "length": 33.81279373168945, 
                    "direction": [
                        -0.495022177696228, 
                        0.8145002126693726, 
                        0.30255988240242004
                    ], 
                    "center": [
                        -57.40830993652344, 
                        169.82015991210938, 
                        -8.531561851501465
                    ]
                }, 
                {
                    "length": 18.703418731689453, 
                    "direction": [
                        -0.5656004548072815, 
                        0.25325530767440796, 
                        -0.7848297953605652
                    ], 
                    "center": [
                        -43.74993896484375, 
                        153.6815185546875, 
                        -6.307258605957031
                    ]
                }, 
                {
                    "length": 16.482967376708984, 
                    "direction": [
                        -0.27602049708366394, 
                        -0.20902906358242035, 
                        -0.9381468296051025
                    ], 
                    "center": [
                        -36.185787200927734, 
                        153.03585815429688, 
                        8.76396369934082
                    ]
                }
            ]
        }
    ], 
    "hand": {
        "grab_strength": 1.0, 
        "wrist_position": [
            -38.6452751159668, 
            182.3921356201172, 
            59.33405685424805
        ], 
        "palm_width": 87.01065063476562, 
        "palm_velocity": [
            -26.915115356445312, 
            -29.008773803710938, 
            -38.23716735839844
        ], 
        "palm_normal": [
            0.23667161166667938, 
            -0.9535465240478516, 
            -0.1863747090101242
        ], 
        "is_left": true, 
        "palm_position": [
            -30.362546920776367, 
            190.09857177734375, 
            8.25833797454834
        ], 
        "pinch_strength": 0.31363698840141296, 
        "is_right": false
    }
}