{
    "timestamp": 33137409092, 
    "id": 506879, 
    "fingers": [
        {
            "type": 0, 
            "bone": [
                {
                    "length": 0.0, 
                    "direction": [
                        0.0, 
                        0.0, 
                        0.0
                    ], 
                    "center": [
                        -10.653626441955566, 
                        177.87677001953125, 
                        60.56138610839844
                    ]
                }, 
                {
                    "length": 47.73450469970703, 
                    "direction": [
                        -0.5261057615280151, 
                        -0.18719710409641266, 
                        0.8295601010322571
                    ], 
                    "center": [
                        1.9030723571777344, 
                        182.3446502685547, 
                        40.76206588745117
                    ]
                }, 
                {
                    "length": 32.60446548461914, 
                    "direction": [
                        -0.25991323590278625, 
                        0.022751668468117714, 
                        0.9653639197349548
                    ], 
                    "center": [
                        18.696937561035156, 
                        186.44161987304688, 
                        5.225155830383301
                    ]
                }, 
                {
                    "length": 22.380067825317383, 
                    "direction": [
                        0.37460052967071533, 
                        0.42657050490379333, 
                        0.8232327103614807
                    ], 
                    "center": [
                        18.7423095703125, 
                        181.29739379882812, 
                        -19.72443389892578
                    ]
                }
            ]
        }, 
        {
            "type": 1, 
            "bone": [
                {
                    "length": 70.35211181640625, 
                    "direction": [
                        -0.19501014053821564, 
                        -0.07596306502819061, 
                        0.9778550863265991
                    ], 
                    "center": [
                        -16.053468704223633, 
                        198.23297119140625, 
                        19.037799835205078
                    ]
                }, 
                {
                    "length": 41.08348083496094, 
                    "direction": [
                        -0.26160740852355957, 
                        0.9527886509895325, 
                        0.15412798523902893
                    ], 
                    "center": [
                        -3.8199095726013184, 
                        181.33309936523438, 
                        -18.525344848632812
                    ]
                }, 
                {
                    "length": 23.113338470458984, 
                    "direction": [
                        0.1656169295310974, 
                        0.4480075240135193, 
                        -0.8785557150840759
                    ], 
                    "center": [
                        -0.36001813411712646, 
                        156.5836944580078, 
                        -11.538224220275879
                    ]
                }, 
                {
                    "length": 16.338380813598633, 
                    "direction": [
                        0.3065803349018097, 
                        -0.08346189558506012, 
                        -0.9481785893440247
                    ], 
                    "center": [
                        -4.778511047363281, 
                        152.08804321289062, 
                        6.360804080963135
                    ]
                }
            ]
        }, 
        {
            "type": 2, 
            "bone": [
                {
                    "length": 66.7167739868164, 
                    "direction": [
                        -0.06295083463191986, 
                        -0.044091615825891495, 
                        0.9970422387123108
                    ], 
                    "center": [
                        -32.18543243408203, 
                        196.1238555908203, 
                        17.260652542114258
                    ]
                }, 
                {
                    "length": 46.092403411865234, 
                    "direction": [
                        -0.4006049633026123, 
                        0.9048307538032532, 
                        0.14421170949935913
                    ], 
                    "center": [
                        -20.853069305419922, 
                        176.74176025390625, 
                        -19.32259750366211
                    ]
                }, 
                {
                    "length": 27.192768096923828, 
                    "direction": [
                        -0.05064431577920914, 
                        0.3984927237033844, 
                        -0.9157721400260925
                    ], 
                    "center": [
                        -10.93206787109375, 
                        150.47079467773438, 
                        -10.194939613342285
                    ]
                }, 
                {
                    "length": 17.970151901245117, 
                    "direction": [
                        0.17029014229774475, 
                        -0.10525333881378174, 
                        -0.9797565937042236
                    ], 
                    "center": [
                        -11.773557662963867, 
                        145.99844360351562, 
                        11.05943775177002
                    ]
                }
            ]
        }, 
        {
            "type": 3, 
            "bone": [
                {
                    "length": 59.9005126953125, 
                    "direction": [
                        0.08287948369979858, 
                        -0.004912574775516987, 
                        0.9965474605560303
                    ], 
                    "center": [
                        -47.7904167175293, 
                        191.0850830078125, 
                        19.026439666748047
                    ]
                }, 
                {
                    "length": 42.7255973815918, 
                    "direction": [
                        -0.4445730447769165, 
                        0.8762975931167603, 
                        0.18562696874141693
                    ], 
                    "center": [
                        -40.775352478027344, 
                        172.51205444335938, 
                        -14.785921096801758
                    ]
                }, 
                {
                    "length": 26.490482330322266, 
                    "direction": [
                        -0.2262745350599289, 
                        0.36085543036460876, 
                        -0.9047558307647705
                    ], 
                    "center": [
                        -28.280969619750977, 
                        149.01226806640625, 
                        -6.767723083496094
                    ]
                }, 
                {
                    "length": 17.86687660217285, 
                    "direction": [
                        0.024058571085333824, 
                        -0.13102562725543976, 
                        -0.9910870790481567
                    ], 
                    "center": [
                        -25.49883460998535, 
                        145.40316772460938, 
                        14.069801330566406
                    ]
                }
            ]
        }, 
        {
            "type": 4, 
            "bone": [
                {
                    "length": 55.44927978515625, 
                    "direction": [
                        0.22708730399608612, 
                        -0.0067654140293598175, 
                        0.9738509058952332
                    ], 
                    "center": [
                        -60.76277160644531, 
                        181.0693359375, 
                        22.34173011779785
                    ]
                }, 
                {
                    "length": 33.812801361083984, 
                    "direction": [
                        -0.5111417174339294, 
                        0.8084619641304016, 
                        0.29175904393196106
                    ], 
                    "center": [
                        -58.417118072509766, 
                        167.58872985839844, 
                        -9.590533256530762
                    ]
                }, 
                {
                    "length": 18.703418731689453, 
                    "direction": [
                        -0.5724116563796997, 
                        0.22989486157894135, 
                        -0.7870789170265198
                    ], 
                    "center": [
                        -44.422523498535156, 
                        151.7706298828125, 
                        -7.162595272064209
                    ]
                }, 
                {
                    "length": 16.482969284057617, 
                    "direction": [
                        -0.2741659879684448, 
                        -0.22787322103977203, 
                        -0.9342947602272034
                    ], 
                    "center": [
                        -36.809959411621094, 
                        151.49874877929688, 
                        7.897913932800293
                    ]
                }
            ]
        }
    ], 
    "hand": {
        "grab_strength": 1.0, 
        "wrist_position": [
            -39.65810775756836, 
            181.43478393554688, 
            57.98691940307617
        ], 
        "palm_width": 87.01065063476562, 
        "palm_velocity": [
            -35.3382682800293, 
            -37.86355209350586, 
            -40.7671012878418
        ], 
        "palm_normal": [
            0.25491610169410706, 
            -0.9510429501533508, 
            -0.17474299669265747
        ], 
        "is_left": true, 
        "palm_position": [
            -31.734594345092773, 
            188.6237335205078, 
            6.778923511505127
        ], 
        "pinch_strength": 0.3195112943649292, 
        "is_right": false
    }
}