{
    "timestamp": 33137386002, 
    "id": 506877, 
    "fingers": [
        {
            "type": 0, 
            "bone": [
                {
                    "length": 0.0, 
                    "direction": [
                        0.0, 
                        0.0, 
                        0.0
                    ], 
                    "center": [
                        -10.04383659362793, 
                        178.10067749023438, 
                        61.477210998535156
                    ]
                }, 
                {
                    "length": 47.73450469970703, 
                    "direction": [
                        -0.5290383696556091, 
                        -0.18929661810398102, 
                        0.8272154331207275
                    ], 
                    "center": [
                        2.582855701446533, 
                        182.61866760253906, 
                        41.73385238647461
                    ]
                }, 
                {
                    "length": 32.60446548461914, 
                    "direction": [
                        -0.26123613119125366, 
                        0.015661047771573067, 
                        0.9651479125022888
                    ], 
                    "center": [
                        19.468280792236328, 
                        186.88134765625, 
                        6.256425857543945
                    ]
                }, 
                {
                    "length": 22.380067825317383, 
                    "direction": [
                        0.3754858076572418, 
                        0.412199467420578, 
                        0.8301217555999756
                    ], 
                    "center": [
                        19.525314331054688, 
                        182.01351928710938, 
                        -18.76673126220703
                    ]
                }
            ]
        }, 
        {
            "type": 1, 
            "bone": [
                {
                    "length": 70.35211181640625, 
                    "direction": [
                        -0.19850078225135803, 
                        -0.08178877085447311, 
                        0.976682186126709
                    ], 
                    "center": [
                        -15.074310302734375, 
                        198.878173828125, 
                        20.116226196289062
                    ]
                }, 
                {
                    "length": 41.08348083496094, 
                    "direction": [
                        -0.2495332956314087, 
                        0.9549064636230469, 
                        0.1608935296535492
                    ], 
                    "center": [
                        -2.9659876823425293, 
                        182.13973999023438, 
                        -17.544633865356445
                    ]
                }, 
                {
                    "length": 23.113338470458984, 
                    "direction": [
                        0.17371661961078644, 
                        0.4525448977947235, 
                        -0.8746575117111206
                    ], 
                    "center": [
                        0.15227538347244263, 
                        157.29440307617188, 
                        -10.741539001464844
                    ]
                }, 
                {
                    "length": 16.338380813598633, 
                    "direction": [
                        0.3078555166721344, 
                        -0.07993447035551071, 
                        -0.9480693340301514
                    ], 
                    "center": [
                        -4.370240211486816, 
                        152.7174835205078, 
                        7.111547470092773
                    ]
                }
            ]
        }, 
        {
            "type": 2, 
            "bone": [
                {
                    "length": 66.7167739868164, 
                    "direction": [
                        -0.06609328091144562, 
                        -0.051783133298158646, 
                        0.9964688420295715
                    ], 
                    "center": [
                        -31.227371215820312, 
                        196.9919891357422, 
                        18.281089782714844
                    ]
                }, 
                {
                    "length": 46.092403411865234, 
                    "direction": [
                        -0.3894879221916199, 
                        0.9082154035568237, 
                        0.1531139761209488
                    ], 
                    "center": [
                        -20.046388626098633, 
                        177.78848266601562, 
                        -18.48819923400879
                    ]
                }, 
                {
                    "length": 27.192764282226562, 
                    "direction": [
                        -0.04371189698576927, 
                        0.40884798765182495, 
                        -0.9115551114082336
                    ], 
                    "center": [
                        -10.475847244262695, 
                        151.2987060546875, 
                        -9.62304401397705
                    ]
                }, 
                {
                    "length": 17.970151901245117, 
                    "direction": [
                        0.17126891016960144, 
                        -0.0976341962814331, 
                        -0.9803747534751892
                    ], 
                    "center": [
                        -11.420388221740723, 
                        146.61709594726562, 
                        11.579548835754395
                    ]
                }
            ]
        }, 
        {
            "type": 3, 
            "bone": [
                {
                    "length": 59.9005126953125, 
                    "direction": [
                        0.08022895455360413, 
                        -0.014480696059763432, 
                        0.9966712594032288
                    ], 
                    "center": [
                        -46.900291442871094, 
                        192.13946533203125, 
                        19.96495819091797
                    ]
                }, 
                {
                    "length": 42.7255973815918, 
                    "direction": [
                        -0.43370649218559265, 
                        0.8801860809326172, 
                        0.1927984058856964
                    ], 
                    "center": [
                        -40.037986755371094, 
                        173.76992797851562, 
                        -14.004312515258789
                    ]
                }, 
                {
                    "length": 26.490482330322266, 
                    "direction": [
                        -0.21936413645744324, 
                        0.37218037247657776, 
                        -0.9018653035163879
                    ], 
                    "center": [
                        -27.86726951599121, 
                        150.03707885742188, 
                        -6.1776018142700195
                    ]
                }, 
                {
                    "length": 17.86687469482422, 
                    "direction": [
                        0.024950498715043068, 
                        -0.12230774015188217, 
                        -0.9921786189079285
                    ], 
                    "center": [
                        -25.18463134765625, 
                        146.2000732421875, 
                        14.631387710571289
                    ]
                }
            ]
        }, 
        {
            "type": 4, 
            "bone": [
                {
                    "length": 55.449283599853516, 
                    "direction": [
                        0.2244592010974884, 
                        -0.017994320020079613, 
                        0.9743172526359558
                    ], 
                    "center": [
                        -60.00872039794922, 
                        182.26348876953125, 
                        23.162172317504883
                    ]
                }, 
                {
                    "length": 33.812801361083984, 
                    "direction": [
                        -0.5006954669952393, 
                        0.812407910823822, 
                        0.29882651567459106
                    ], 
                    "center": [
                        -57.766815185546875, 
                        169.02748107910156, 
                        -8.902505874633789
                    ]
                }, 
                {
                    "length": 18.703418731689453, 
                    "direction": [
                        -0.5681676864624023, 
                        0.24504970014095306, 
                        -0.785580039024353
                    ], 
                    "center": [
                        -43.98851776123047, 
                        153.00094604492188, 
                        -6.608070373535156
                    ]
                }, 
                {
                    "length": 16.482967376708984, 
                    "direction": [
                        -0.275518536567688, 
                        -0.21567858755588531, 
                        -0.9367882609367371
                    ], 
                    "center": [
                        -36.40449523925781, 
                        152.48683166503906, 
                        8.45897102355957
                    ]
                }
            ]
        }
    ], 
    "hand": {
        "grab_strength": 1.0, 
        "wrist_position": [
            -38.993473052978516, 
            182.05331420898438, 
            58.86140441894531
        ], 
        "palm_width": 87.01065063476562, 
        "palm_velocity": [
            -32.03901672363281, 
            -34.572147369384766, 
            -40.691707611083984
        ], 
        "palm_normal": [
            0.24313464760780334, 
            -0.9527175426483154, 
            -0.18224921822547913
        ], 
        "is_left": true, 
        "palm_position": [
            -30.84573745727539, 
            189.57638549804688, 
            7.736659049987793
        ], 
        "pinch_strength": 0.3155466318130493, 
        "is_right": false
    }
}