{
    "timestamp": 33137398877, 
    "id": 506878, 
    "fingers": [
        {
            "type": 0, 
            "bone": [
                {
                    "length": 0.0, 
                    "direction": [
                        0.0, 
                        0.0, 
                        0.0
                    ], 
                    "center": [
                        -10.409502983093262, 
                        177.9842987060547, 
                        60.940025329589844
                    ]
                }, 
                {
                    "length": 47.73451232910156, 
                    "direction": [
                        -0.5272889733314514, 
                        -0.18793772161006927, 
                        0.828640878200531
                    ], 
                    "center": [
                        2.1754379272460938, 
                        182.4698486328125, 
                        41.16264343261719
                    ]
                }, 
                {
                    "length": 32.60446548461914, 
                    "direction": [
                        -0.2606678605079651, 
                        0.019931988790631294, 
                        0.9652227759361267
                    ], 
                    "center": [
                        19.00984764099121, 
                        186.63047790527344, 
                        5.649971008300781
                    ]
                }, 
                {
                    "length": 22.38007164001465, 
                    "direction": [
                        0.374512642621994, 
                        0.4208296537399292, 
                        0.8262220025062561
                    ], 
                    "center": [
                        19.068506240844727, 
                        181.596435546875, 
                        -19.330768585205078
                    ]
                }
            ]
        }, 
        {
            "type": 1, 
            "bone": [
                {
                    "length": 70.35211181640625, 
                    "direction": [
                        -0.1965048462152481, 
                        -0.07782767713069916, 
                        0.9774091839790344
                    ], 
                    "center": [
                        -15.656574249267578, 
                        198.49058532714844, 
                        19.470733642578125
                    ]
                }, 
                {
                    "length": 41.0834846496582, 
                    "direction": [
                        -0.25672805309295654, 
                        0.9537572264671326, 
                        0.15632593631744385
                    ], 
                    "center": [
                        -3.4706668853759766, 
                        181.63641357421875, 
                        -18.121875762939453
                    ]
                }, 
                {
                    "length": 23.11333465576172, 
                    "direction": [
                        0.168975368142128, 
                        0.4493873715400696, 
                        -0.8772104978561401
                    ], 
                    "center": [
                        -0.14981746673583984, 
                        156.85116577148438, 
                        -11.195451736450195
                    ]
                }, 
                {
                    "length": 16.338380813598633, 
                    "direction": [
                        0.3071770966053009, 
                        -0.08253637701272964, 
                        -0.9480663537979126
                    ], 
                    "center": [
                        -4.611997604370117, 
                        152.33200073242188, 
                        6.687112331390381
                    ]
                }
            ]
        }, 
        {
            "type": 2, 
            "bone": [
                {
                    "length": 66.7167739868164, 
                    "direction": [
                        -0.06430328637361526, 
                        -0.04670073837041855, 
                        0.9968370795249939
                    ], 
                    "center": [
                        -31.79727554321289, 
                        196.47071838378906, 
                        17.669429779052734
                    ]
                }, 
                {
                    "length": 46.0924186706543, 
                    "direction": [
                        -0.3961434066295624, 
                        0.9062331318855286, 
                        0.14768840372562408
                    ], 
                    "center": [
                        -20.52261734008789, 
                        177.14334106445312, 
                        -18.987102508544922
                    ]
                }, 
                {
                    "length": 27.192760467529297, 
                    "direction": [
                        -0.047900207340717316, 
                        0.4025891423225403, 
                        -0.9141266942024231
                    ], 
                    "center": [
                        -10.741744995117188, 
                        150.7843475341797, 
                        -9.961946487426758
                    ]
                }, 
                {
                    "length": 17.970151901245117, 
                    "direction": [
                        0.1706937849521637, 
                        -0.1023884117603302, 
                        -0.9799899458885193
                    ], 
                    "center": [
                        -11.62417221069336, 
                        146.23056030273438, 
                        11.272151947021484
                    ]
                }
            ]
        }, 
        {
            "type": 3, 
            "bone": [
                {
                    "length": 59.900508880615234, 
                    "direction": [
                        0.08172935247421265, 
                        -0.008279924280941486, 
                        0.9966201186180115
                    ], 
                    "center": [
                        -47.430240631103516, 
                        191.508056640625, 
                        19.402982711791992
                    ]
                }, 
                {
                    "length": 42.7255859375, 
                    "direction": [
                        -0.4402273893356323, 
                        0.8780477643013, 
                        0.18770155310630798
                    ], 
                    "center": [
                        -40.473567962646484, 
                        172.9984893798828, 
                        -14.4558744430542
                    ]
                }, 
                {
                    "length": 26.4904842376709, 
                    "direction": [
                        -0.22331953048706055, 
                        0.3647020161151886, 
                        -0.9039474725723267
                    ], 
                    "center": [
                        -28.111160278320312, 
                        149.41036987304688, 
                        -6.492701530456543
                    ]
                }, 
                {
                    "length": 17.86687660217285, 
                    "direction": [
                        0.02455027773976326, 
                        -0.1282133162021637, 
                        -0.9914426803588867
                    ], 
                    "center": [
                        -25.37255859375, 
                        145.72518920898438, 
                        14.337292671203613
                    ]
                }
            ]
        }, 
        {
            "type": 4, 
            "bone": [
                {
                    "length": 55.449275970458984, 
                    "direction": [
                        0.22595101594924927, 
                        -0.010816407389938831, 
                        0.9740786552429199
                    ], 
                    "center": [
                        -60.45824432373047, 
                        181.5502471923828, 
                        22.67426300048828
                    ]
                }, 
                {
                    "length": 33.81279373168945, 
                    "direction": [
                        -0.5068473219871521, 
                        0.8102334141731262, 
                        0.2943257689476013
                    ], 
                    "center": [
                        -58.15369415283203, 
                        168.15200805664062, 
                        -9.30770492553711
                    ]
                }, 
                {
                    "length": 18.703418731689453, 
                    "direction": [
                        -0.5707356929779053, 
                        0.23575088381767273, 
                        -0.7865635752677917
                    ], 
                    "center": [
                        -44.24737548828125, 
                        152.24920654296875, 
                        -6.927978992462158
                    ]
                }, 
                {
                    "length": 16.482967376708984, 
                    "direction": [
                        -0.2747341990470886, 
                        -0.22336770594120026, 
                        -0.9352155327796936
                    ], 
                    "center": [
                        -36.64580535888672, 
                        151.88540649414062, 
                        8.135298728942871
                    ]
                }
            ]
        }
    ], 
    "hand": {
        "grab_strength": 1.0, 
        "wrist_position": [
            -39.39216232299805, 
            181.70082092285156, 
            58.34382247924805
        ], 
        "palm_width": 87.01065063476562, 
        "palm_velocity": [
            -35.3394889831543, 
            -38.3475227355957, 
            -42.025604248046875
        ], 
        "palm_normal": [
            0.2501624524593353, 
            -0.9518378973007202, 
            -0.17726629972457886
        ], 
        "is_left": true, 
        "palm_position": [
            -31.373641967773438, 
            188.999267578125, 
            7.166113376617432
        ], 
        "pinch_strength": 0.31723925471305847, 
        "is_right": false
    }
}