{
    "timestamp": 33137466353, 
    "id": 506884, 
    "fingers": [
        {
            "type": 0, 
            "bone": [
                {
                    "length": 0.0, 
                    "direction": [
                        0.0, 
                        0.0, 
                        0.0
                    ], 
                    "center": [
                        -12.053868293762207, 
                        177.05465698242188, 
                        58.27651596069336
                    ]
                }, 
                {
                    "length": 47.73450469970703, 
                    "direction": [
                        -0.5236889719963074, 
                        -0.18293507397174835, 
                        0.832036554813385
                    ], 
                    "center": [
                        0.4451470375061035, 
                        181.42080688476562, 
                        38.4180908203125
                    ]
                }, 
                {
                    "length": 32.60446548461914, 
                    "direction": [
                        -0.25757214426994324, 
                        0.03901034966111183, 
                        0.9654712677001953
                    ], 
                    "center": [
                        17.143163681030273, 
                        185.15101623535156, 
                        2.8203253746032715
                    ]
                }, 
                {
                    "length": 22.380067825317383, 
                    "direction": [
                        0.3687887489795685, 
                        0.45291876792907715, 
                        0.8117015361785889
                    ], 
                    "center": [
                        17.21540641784668, 
                        179.44688415527344, 
                        -22.00197982788086
                    ]
                }
            ]
        }, 
        {
            "type": 1, 
            "bone": [
                {
                    "length": 70.35211181640625, 
                    "direction": [
                        -0.19114015996456146, 
                        -0.06657468527555466, 
                        0.9793024063110352
                    ], 
                    "center": [
                        -18.04245948791504, 
                        196.66305541992188, 
                        16.474735260009766
                    ]
                }, 
                {
                    "length": 41.08349609375, 
                    "direction": [
                        -0.28548577427864075, 
                        0.9477441906929016, 
                        0.14240358769893646
                    ], 
                    "center": [
                        -5.454524993896484, 
                        179.5365753173828, 
                        -20.898481369018555
                    ]
                }, 
                {
                    "length": 23.11333465576172, 
                    "direction": [
                        0.15240859985351562, 
                        0.44074636697769165, 
                        -0.8845983743667603
                    ], 
                    "center": [
                        -1.3514833450317383, 
                        154.97470092773438, 
                        -13.600690841674805
                    ]
                }, 
                {
                    "length": 16.338380813598633, 
                    "direction": [
                        0.3068401515483856, 
                        -0.088290274143219, 
                        -0.9476571679115295
                    ], 
                    "center": [
                        -5.619454383850098, 
                        150.60238647460938, 
                        4.363908767700195
                    ]
                }
            ]
        }, 
        {
            "type": 2, 
            "bone": [
                {
                    "length": 66.7167739868164, 
                    "direction": [
                        -0.05988272279500961, 
                        -0.031136341392993927, 
                        0.9977196455001831
                    ], 
                    "center": [
                        -34.120018005371094, 
                        194.125732421875, 
                        14.765692710876465
                    ]
                }, 
                {
                    "length": 46.092411041259766, 
                    "direction": [
                        -0.42255473136901855, 
                        0.8972854018211365, 
                        0.12777520716190338
                    ], 
                    "center": [
                        -22.384145736694336, 
                        174.48538208007812, 
                        -21.461360931396484
                    ]
                }, 
                {
                    "length": 27.192764282226562, 
                    "direction": [
                        -0.06129016354680061, 
                        0.37988561391830444, 
                        -0.9230008721351624
                    ], 
                    "center": [
                        -11.81253719329834, 
                        148.6412811279297, 
                        -11.856621742248535
                    ]
                }, 
                {
                    "length": 17.970151901245117, 
                    "direction": [
                        0.1713019162416458, 
                        -0.11805379390716553, 
                        -0.9781200885772705
                    ], 
                    "center": [
                        -12.518373489379883, 
                        144.53692626953125, 
                        9.48133373260498
                    ]
                }
            ]
        }, 
        {
            "type": 3, 
            "bone": [
                {
                    "length": 59.9005126953125, 
                    "direction": [
                        0.084920234978199, 
                        0.011664340272545815, 
                        0.9963194727897644
                    ], 
                    "center": [
                        -49.590538024902344, 
                        188.72471618652344, 
                        16.640460968017578
                    ]
                }, 
                {
                    "length": 42.725589752197266, 
                    "direction": [
                        -0.4662405550479889, 
                        0.8679986596107483, 
                        0.17087474465370178
                    ], 
                    "center": [
                        -42.17372131347656, 
                        169.83248901367188, 
                        -16.84992218017578
                    ]
                }, 
                {
                    "length": 26.490482330322266, 
                    "direction": [
                        -0.23666395246982574, 
                        0.3388691246509552, 
                        -0.9105809926986694
                    ], 
                    "center": [
                        -29.07884979248047, 
                        146.80120849609375, 
                        -8.43941879272461
                    ]
                }, 
                {
                    "length": 17.86687660217285, 
                    "direction": [
                        0.02534046582877636, 
                        -0.14708730578422546, 
                        -0.9887989163398743
                    ], 
                    "center": [
                        -26.170555114746094, 
                        143.62680053710938, 
                        12.45482063293457
                    ]
                }
            ]
        }, 
        {
            "type": 4, 
            "bone": [
                {
                    "length": 55.449283599853516, 
                    "direction": [
                        0.2290845662355423, 
                        0.013086402788758278, 
                        0.9733184576034546
                    ], 
                    "center": [
                        -62.301673889160156, 
                        178.43716430664062, 
                        20.130640029907227
                    ]
                }, 
                {
                    "length": 33.812801361083984, 
                    "direction": [
                        -0.532585859298706, 
                        0.7995723485946655, 
                        0.2775542140007019
                    ], 
                    "center": [
                        -59.64884948730469, 
                        164.55645751953125, 
                        -11.546710014343262
                    ]
                }, 
                {
                    "length": 18.70341682434082, 
                    "direction": [
                        -0.5776267051696777, 
                        0.20104636251926422, 
                        -0.791155993938446
                    ], 
                    "center": [
                        -45.242942810058594, 
                        149.15843200683594, 
                        -8.840493202209473
                    ]
                }, 
                {
                    "length": 16.482967376708984, 
                    "direction": [
                        -0.2681709825992584, 
                        -0.2500741183757782, 
                        -0.9303479790687561
                    ], 
                    "center": [
                        -37.631019592285156, 
                        149.33929443359375, 
                        6.22561502456665
                    ]
                }
            ]
        }
    ], 
    "hand": {
        "grab_strength": 1.0, 
        "wrist_position": [
            -41.14327621459961, 
            179.84873962402344, 
            55.71784973144531
        ], 
        "palm_width": 87.01065063476562, 
        "palm_velocity": [
            -30.911102294921875, 
            -35.82000732421875, 
            -42.26240158081055
        ], 
        "palm_normal": [
            0.2782965898513794, 
            -0.9468162655830383, 
            -0.16152392327785492
        ], 
        "is_left": true, 
        "palm_position": [
            -33.5020637512207, 
            186.48748779296875, 
            4.392801284790039
        ], 
        "pinch_strength": 0.33052858710289, 
        "is_right": false
    }
}