{
    "timestamp": 33137477860, 
    "id": 506885, 
    "fingers": [
        {
            "type": 0, 
            "bone": [
                {
                    "length": 0.0, 
                    "direction": [
                        0.0, 
                        0.0, 
                        0.0
                    ], 
                    "center": [
                        -12.268440246582031, 
                        176.87994384765625, 
                        58.000675201416016
                    ]
                }, 
                {
                    "length": 47.73451232910156, 
                    "direction": [
                        -0.5240102410316467, 
                        -0.18157969415187836, 
                        0.832131028175354
                    ], 
                    "center": [
                        0.23824596405029297, 
                        181.2137451171875, 
                        38.139991760253906
                    ]
                }, 
                {
                    "length": 32.60446548461914, 
                    "direction": [
                        -0.2561785876750946, 
                        0.042469315230846405, 
                        0.9656960368156433
                    ], 
                    "center": [
                        16.921215057373047, 
                        184.855224609375, 
                        2.536303997039795
                    ]
                }, 
                {
                    "length": 22.380069732666016, 
                    "direction": [
                        0.37081196904182434, 
                        0.456667959690094, 
                        0.808673620223999
                    ], 
                    "center": [
                        16.94809913635254, 
                        179.052734375, 
                        -22.255783081054688
                    ]
                }
            ]
        }, 
        {
            "type": 1, 
            "bone": [
                {
                    "length": 70.35211181640625, 
                    "direction": [
                        -0.1905195415019989, 
                        -0.06587716192007065, 
                        0.9794704914093018
                    ], 
                    "center": [
                        -18.31420135498047, 
                        196.43264770507812, 
                        16.1810302734375
                    ]
                }, 
                {
                    "length": 41.0834846496582, 
                    "direction": [
                        -0.28722259402275085, 
                        0.9473091959953308, 
                        0.14180468022823334
                    ], 
                    "center": [
                        -5.712422847747803, 
                        179.29055786132812, 
                        -21.185794830322266
                    ]
                }, 
                {
                    "length": 23.11333465576172, 
                    "direction": [
                        0.1511094868183136, 
                        0.44035884737968445, 
                        -0.8850141167640686
                    ], 
                    "center": [
                        -1.5586923360824585, 
                        154.74209594726562, 
                        -13.87089729309082
                    ]
                }, 
                {
                    "length": 16.338380813598633, 
                    "direction": [
                        0.3065395653247833, 
                        -0.08851348608732224, 
                        -0.9477335214614868
                    ], 
                    "center": [
                        -5.809194564819336, 
                        150.3760986328125, 
                        4.099130630493164
                    ]
                }
            ]
        }, 
        {
            "type": 2, 
            "bone": [
                {
                    "length": 66.7167739868164, 
                    "direction": [
                        -0.05931780859827995, 
                        -0.0301787331700325, 
                        0.9977827668190002
                    ], 
                    "center": [
                        -34.38795471191406, 
                        193.8640594482422, 
                        14.482912063598633
                    ]
                }, 
                {
                    "length": 46.092411041259766, 
                    "direction": [
                        -0.42410141229629517, 
                        0.8967126607894897, 
                        0.1266661435365677
                    ], 
                    "center": [
                        -22.63528060913086, 
                        174.2049560546875, 
                        -21.720687866210938
                    ]
                }, 
                {
                    "length": 27.19276237487793, 
                    "direction": [
                        -0.062397804111242294, 
                        0.3784148693084717, 
                        -0.9235305190086365
                    ], 
                    "center": [
                        -12.012968063354492, 
                        148.39404296875, 
                        -12.083189010620117
                    ]
                }, 
                {
                    "length": 17.970151901245117, 
                    "direction": [
                        0.1710120439529419, 
                        -0.11907783150672913, 
                        -0.9780466556549072
                    ], 
                    "center": [
                        -12.701140403747559, 
                        144.31890869140625, 
                        9.261307716369629
                    ]
                }
            ]
        }, 
        {
            "type": 3, 
            "bone": [
                {
                    "length": 59.900508880615234, 
                    "direction": [
                        0.08540569245815277, 
                        0.012885287404060364, 
                        0.9962629079818726
                    ], 
                    "center": [
                        -49.84760284423828, 
                        188.43673706054688, 
                        16.371353149414062
                    ]
                }, 
                {
                    "length": 42.7255859375, 
                    "direction": [
                        -0.4677240550518036, 
                        0.8673505187034607, 
                        0.17010968923568726
                    ], 
                    "center": [
                        -42.41363525390625, 
                        169.52178955078125, 
                        -17.10099220275879
                    ]
                }, 
                {
                    "length": 26.4904842376709, 
                    "direction": [
                        -0.23792009055614471, 
                        0.33734267950057983, 
                        -0.9108205437660217
                    ], 
                    "center": [
                        -29.270431518554688, 
                        146.52456665039062, 
                        -8.670971870422363
                    ]
                }, 
                {
                    "length": 17.86687660217285, 
                    "direction": [
                        0.024900002405047417, 
                        -0.14818301796913147, 
                        -0.9886463284492493
                    ], 
                    "center": [
                        -26.34156608581543, 
                        143.38015747070312, 
                        12.225077629089355
                    ]
                }
            ]
        }, 
        {
            "type": 4, 
            "bone": [
                {
                    "length": 55.44927978515625, 
                    "direction": [
                        0.22955550253391266, 
                        0.01454680971801281, 
                        0.9731868505477905
                    ], 
                    "center": [
                        -62.53810119628906, 
                        178.12965393066406, 
                        19.879016876220703
                    ]
                }, 
                {
                    "length": 33.812808990478516, 
                    "direction": [
                        -0.5342453122138977, 
                        0.7988749742507935, 
                        0.2763705253601074
                    ], 
                    "center": [
                        -59.870277404785156, 
                        164.22024536132812, 
                        -11.77467155456543
                    ]
                }, 
                {
                    "length": 18.703414916992188, 
                    "direction": [
                        -0.5780166983604431, 
                        0.198736771941185, 
                        -0.791454553604126
                    ], 
                    "center": [
                        -45.43266296386719, 
                        148.85562133789062, 
                        -9.045652389526367
                    ]
                }, 
                {
                    "length": 16.482967376708984, 
                    "direction": [
                        -0.2677993178367615, 
                        -0.2517552375793457, 
                        -0.9300015568733215
                    ], 
                    "center": [
                        -37.820159912109375, 
                        149.07192993164062, 
                        6.020392417907715
                    ]
                }
            ]
        }
    ], 
    "hand": {
        "grab_strength": 1.0, 
        "wrist_position": [
            -41.36421585083008, 
            179.61802673339844, 
            55.45388412475586
        ], 
        "palm_width": 87.01065063476562, 
        "palm_velocity": [
            -28.089021682739258, 
            -31.708059310913086, 
            -36.078369140625
        ], 
        "palm_normal": [
            0.27994784712791443, 
            -0.9464773535728455, 
            -0.16065430641174316
        ], 
        "is_left": true, 
        "palm_position": [
            -33.76129150390625, 
            186.2158660888672, 
            4.117874622344971
        ], 
        "pinch_strength": 0.3346589207649231, 
        "is_right": false
    }
}