{
    "timestamp": 33137489298, 
    "id": 506886, 
    "fingers": [
        {
            "type": 0, 
            "bone": [
                {
                    "length": 0.0, 
                    "direction": [
                        0.0, 
                        0.0, 
                        0.0
                    ], 
                    "center": [
                        -12.464971542358398, 
                        176.72935485839844, 
                        57.731529235839844
                    ]
                }, 
                {
                    "length": 47.73451232910156, 
                    "direction": [
                        -0.5240536332130432, 
                        -0.18068751692771912, 
                        0.8322978615760803
                    ], 
                    "center": [
                        0.04275035858154297, 
                        181.0418701171875, 
                        37.86686325073242
                    ]
                }, 
                {
                    "length": 32.60446548461914, 
                    "direction": [
                        -0.2547842264175415, 
                        0.045237984508275986, 
                        0.9659391641616821
                    ], 
                    "center": [
                        16.704025268554688, 
                        184.61691284179688, 
                        2.2552337646484375
                    ]
                }, 
                {
                    "length": 22.38007164001465, 
                    "direction": [
                        0.3710281550884247, 
                        0.4590412676334381, 
                        0.8072293996810913
                    ], 
                    "center": [
                        16.70575714111328, 
                        178.74273681640625, 
                        -22.524658203125
                    ]
                }
            ]
        }, 
        {
            "type": 1, 
            "bone": [
                {
                    "length": 70.35211944580078, 
                    "direction": [
                        -0.18977245688438416, 
                        -0.06510155647993088, 
                        0.9796673655509949
                    ], 
                    "center": [
                        -18.570661544799805, 
                        196.22515869140625, 
                        15.89402961730957
                    ]
                }, 
                {
                    "length": 41.08349609375, 
                    "direction": [
                        -0.28878191113471985, 
                        0.9469300508499146, 
                        0.14116786420345306
                    ], 
                    "center": [
                        -5.963129043579102, 
                        179.06356811523438, 
                        -21.46664047241211
                    ]
                }, 
                {
                    "length": 23.11332893371582, 
                    "direction": [
                        0.14975972473621368, 
                        0.43986648321151733, 
                        -0.8854883313179016
                    ], 
                    "center": [
                        -1.7617664337158203, 
                        154.52857971191406, 
                        -14.133184432983398
                    ]
                }, 
                {
                    "length": 16.338380813598633, 
                    "direction": [
                        0.30608925223350525, 
                        -0.0888609066605568, 
                        -0.9478464722633362
                    ], 
                    "center": [
                        -5.992990493774414, 
                        150.17111206054688, 
                        3.8432457447052
                    ]
                }
            ]
        }, 
        {
            "type": 2, 
            "bone": [
                {
                    "length": 66.7167739868164, 
                    "direction": [
                        -0.058618929237127304, 
                        -0.029162803664803505, 
                        0.9978543519973755
                    ], 
                    "center": [
                        -34.64118957519531, 
                        193.62774658203125, 
                        14.20925235748291
                    ]
                }, 
                {
                    "length": 46.0923957824707, 
                    "direction": [
                        -0.4254903793334961, 
                        0.8962084650993347, 
                        0.12557204067707062
                    ], 
                    "center": [
                        -22.87982177734375, 
                        173.94638061523438, 
                        -21.971515655517578
                    ]
                }, 
                {
                    "length": 27.192766189575195, 
                    "direction": [
                        -0.0635802149772644, 
                        0.3769132196903229, 
                        -0.9240638017654419
                    ], 
                    "center": [
                        -12.209424018859863, 
                        148.16751098632812, 
                        -12.301548957824707
                    ]
                }, 
                {
                    "length": 17.970151901245117, 
                    "direction": [
                        0.17055977880954742, 
                        -0.12016470730304718, 
                        -0.9779927134513855
                    ], 
                    "center": [
                        -12.877455711364746, 
                        144.12255859375, 
                        9.049715995788574
                    ]
                }
            ]
        }, 
        {
            "type": 3, 
            "bone": [
                {
                    "length": 59.900508880615234, 
                    "direction": [
                        0.08603119850158691, 
                        0.014141643419861794, 
                        0.9961920380592346
                    ], 
                    "center": [
                        -50.09048843383789, 
                        188.1766357421875, 
                        16.11382484436035
                    ]
                }, 
                {
                    "length": 42.72559356689453, 
                    "direction": [
                        -0.46906331181526184, 
                        0.8668075799942017, 
                        0.16918733716011047
                    ], 
                    "center": [
                        -42.64664077758789, 
                        169.23565673828125, 
                        -17.336694717407227
                    ]
                }, 
                {
                    "length": 26.490482330322266, 
                    "direction": [
                        -0.2392178326845169, 
                        0.3356129229068756, 
                        -0.9111194610595703
                    ], 
                    "center": [
                        -29.457637786865234, 
                        146.27294921875, 
                        -8.883012771606445
                    ]
                }, 
                {
                    "length": 17.86687469482422, 
                    "direction": [
                        0.02431243471801281, 
                        -0.14948798716068268, 
                        -0.9884645938873291
                    ], 
                    "center": [
                        -26.50633430480957, 
                        143.16311645507812, 
                        12.01537036895752
                    ]
                }
            ]
        }, 
        {
            "type": 4, 
            "bone": [
                {
                    "length": 55.449283599853516, 
                    "direction": [
                        0.23016300797462463, 
                        0.01601877063512802, 
                        0.9730201959609985
                    ], 
                    "center": [
                        -62.76141357421875, 
                        177.85223388671875, 
                        19.641260147094727
                    ]
                }, 
                {
                    "length": 33.81280517578125, 
                    "direction": [
                        -0.5355558395385742, 
                        0.7982833981513977, 
                        0.275542289018631
                    ], 
                    "center": [
                        -60.088279724121094, 
                        163.91201782226562, 
                        -11.993803977966309
                    ]
                }, 
                {
                    "length": 18.70341682434082, 
                    "direction": [
                        -0.5787366032600403, 
                        0.1967012584209442, 
                        -0.791437029838562
                    ], 
                    "center": [
                        -45.62178039550781, 
                        148.57643127441406, 
                        -9.250944137573242
                    ]
                }, 
                {
                    "length": 16.48296546936035, 
                    "direction": [
                        -0.2678780257701874, 
                        -0.25331512093544006, 
                        -0.9295552372932434
                    ], 
                    "center": [
                        -38.00189208984375, 
                        148.8246307373047, 
                        5.811257362365723
                    ]
                }
            ]
        }
    ], 
    "hand": {
        "grab_strength": 1.0, 
        "wrist_position": [
            -41.56694412231445, 
            179.4158477783203, 
            55.20064163208008
        ], 
        "palm_width": 87.01065063476562, 
        "palm_velocity": [
            -25.91781997680664, 
            -28.315170288085938, 
            -31.76877784729004
        ], 
        "palm_normal": [
            0.2814292311668396, 
            -0.9461860060691833, 
            -0.15977981686592102
        ], 
        "is_left": true, 
        "palm_position": [
            -34.00844192504883, 
            185.96902465820312, 
            3.8523547649383545
        ], 
        "pinch_strength": 0.33688387274742126, 
        "is_right": false
    }
}