{
    "timestamp": 33137535222, 
    "id": 506890, 
    "fingers": [
        {
            "type": 0, 
            "bone": [
                {
                    "length": 0.0, 
                    "direction": [
                        0.0, 
                        0.0, 
                        0.0
                    ], 
                    "center": [
                        -12.928251266479492, 
                        176.3553009033203, 
                        56.84425354003906
                    ]
                }, 
                {
                    "length": 47.7345085144043, 
                    "direction": [
                        -0.5230147242546082, 
                        -0.1744413822889328, 
                        0.8342815637588501
                    ], 
                    "center": [
                        -0.4453253746032715, 
                        180.51873779296875, 
                        36.93224334716797
                    ]
                }, 
                {
                    "length": 32.60446548461914, 
                    "direction": [
                        -0.24857909977436066, 
                        0.055713627487421036, 
                        0.9670079946517944
                    ], 
                    "center": [
                        16.089994430541992, 
                        183.77392578125, 
                        1.255843162536621
                    ]
                }, 
                {
                    "length": 22.38006591796875, 
                    "direction": [
                        0.3754127621650696, 
                        0.46547555923461914, 
                        0.8014971613883972
                    ], 
                    "center": [
                        15.941508293151855, 
                        177.656982421875, 
                        -23.477325439453125
                    ]
                }
            ]
        }, 
        {
            "type": 1, 
            "bone": [
                {
                    "length": 70.35211944580078, 
                    "direction": [
                        -0.18553724884986877, 
                        -0.06121767684817314, 
                        0.9807284474372864
                    ], 
                    "center": [
                        -19.229358673095703, 
                        195.67283630371094, 
                        14.953083038330078
                    ]
                }, 
                {
                    "length": 41.0834846496582, 
                    "direction": [
                        -0.28923019766807556, 
                        0.9470689296722412, 
                        0.13930681347846985
                    ], 
                    "center": [
                        -6.7615966796875, 
                        178.37179565429688, 
                        -22.40668296813965
                    ]
                }, 
                {
                    "length": 23.11333465576172, 
                    "direction": [
                        0.1454704999923706, 
                        0.43718868494033813, 
                        -0.8875270485877991
                    ], 
                    "center": [
                        -2.5014595985412598, 
                        153.86489868164062, 
                        -15.011432647705078
                    ]
                }, 
                {
                    "length": 16.338380813598633, 
                    "direction": [
                        0.30218440294265747, 
                        -0.09182143956422806, 
                        -0.9488168358802795
                    ], 
                    "center": [
                        -6.651215553283691, 
                        149.56256103515625, 
                        2.996488571166992
                    ]
                }
            ]
        }, 
        {
            "type": 2, 
            "bone": [
                {
                    "length": 66.7167739868164, 
                    "direction": [
                        -0.0543389655649662, 
                        -0.02509130910038948, 
                        0.9982072710990906
                    ], 
                    "center": [
                        -35.30463409423828, 
                        193.05467224121094, 
                        13.34762191772461
                    ]
                }, 
                {
                    "length": 46.09239959716797, 
                    "direction": [
                        -0.425713449716568, 
                        0.8963854908943176, 
                        0.12353591620922089
                    ], 
                    "center": [
                        -23.680896759033203, 
                        173.2333984375, 
                        -22.797996520996094
                    ]
                }, 
                {
                    "length": 27.192766189575195, 
                    "direction": [
                        -0.06795165687799454, 
                        0.372897207736969, 
                        -0.9253811836242676
                    ], 
                    "center": [
                        -12.945923805236816, 
                        147.50506591796875, 
                        -13.063192367553711
                    ]
                }, 
                {
                    "length": 17.970151901245117, 
                    "direction": [
                        0.166350856423378, 
                        -0.12413603067398071, 
                        -0.9782217144966125
                    ], 
                    "center": [
                        -13.516702651977539, 
                        143.55038452148438, 
                        8.308040618896484
                    ]
                }
            ]
        }, 
        {
            "type": 3, 
            "bone": [
                {
                    "length": 59.900508880615234, 
                    "direction": [
                        0.09026464819908142, 
                        0.018330514430999756, 
                        0.9957490563392639
                    ], 
                    "center": [
                        -50.74087905883789, 
                        187.59817504882812, 
                        15.340570449829102
                    ]
                }, 
                {
                    "length": 42.725582122802734, 
                    "direction": [
                        -0.4687599539756775, 
                        0.8670620322227478, 
                        0.16872352361679077
                    ], 
                    "center": [
                        -43.43030548095703, 
                        168.52630615234375, 
                        -18.086772918701172
                    ]
                }, 
                {
                    "length": 26.49048614501953, 
                    "direction": [
                        -0.2452562004327774, 
                        0.33216720819473267, 
                        -0.9107768535614014
                    ], 
                    "center": [
                        -30.167808532714844, 
                        145.60382080078125, 
                        -9.627718925476074
                    ]
                }, 
                {
                    "length": 17.866878509521484, 
                    "direction": [
                        0.018306806683540344, 
                        -0.1532021164894104, 
                        -0.9880252480506897
                    ], 
                    "center": [
                        -27.082874298095703, 
                        142.5727996826172, 
                        11.262205123901367
                    ]
                }
            ]
        }, 
        {
            "type": 4, 
            "bone": [
                {
                    "length": 55.44927978515625, 
                    "direction": [
                        0.234294593334198, 
                        0.020235976204276085, 
                        0.9719550013542175
                    ], 
                    "center": [
                        -63.3875732421875, 
                        177.2775421142578, 
                        18.96461296081543
                    ]
                }, 
                {
                    "length": 33.812801361083984, 
                    "direction": [
                        -0.5357257127761841, 
                        0.7989243268966675, 
                        0.27334582805633545
                    ], 
                    "center": [
                        -60.826114654541016, 
                        163.20956420898438, 
                        -12.603784561157227
                    ]
                }, 
                {
                    "length": 18.70341682434082, 
                    "direction": [
                        -0.5816540122032166, 
                        0.19211304187774658, 
                        -0.790424644947052
                    ], 
                    "center": [
                        -46.32946014404297, 
                        147.9060516357422, 
                        -9.833257675170898
                    ]
                }, 
                {
                    "length": 16.482969284057617, 
                    "direction": [
                        -0.2710208296775818, 
                        -0.2577752470970154, 
                        -0.9274156093597412
                    ], 
                    "center": [
                        -38.65638732910156, 
                        148.23391723632812, 
                        5.201844692230225
                    ]
                }
            ]
        }
    ], 
    "hand": {
        "grab_strength": 1.0, 
        "wrist_position": [
            -42.043094635009766, 
            179.00625610351562, 
            54.42648696899414
        ], 
        "palm_width": 87.01065063476562, 
        "palm_velocity": [
            -16.492034912109375, 
            -15.534852981567383, 
            -20.82383918762207
        ], 
        "palm_normal": [
            0.28157657384872437, 
            -0.9465953707695007, 
            -0.15707290172576904
        ], 
        "is_left": true, 
        "palm_position": [
            -34.70931625366211, 
            185.35379028320312, 
            3.0198123455047607
        ], 
        "pinch_strength": 0.3441598117351532, 
        "is_right": false
    }
}