{
    "timestamp": 33137604166, 
    "id": 506896, 
    "fingers": [
        {
            "type": 0, 
            "bone": [
                {
                    "length": 0.0, 
                    "direction": [
                        0.0, 
                        0.0, 
                        0.0
                    ], 
                    "center": [
                        -12.44420337677002, 
                        176.0418243408203, 
                        55.02568435668945
                    ]
                }, 
                {
                    "length": 47.73451232910156, 
                    "direction": [
                        -0.5191261172294617, 
                        -0.15942920744419098, 
                        0.8396965265274048
                    ], 
                    "center": [
                        -0.05408811569213867, 
                        179.84695434570312, 
                        34.984432220458984
                    ]
                }, 
                {
                    "length": 32.60446548461914, 
                    "direction": [
                        -0.23457975685596466, 
                        0.06719312071800232, 
                        0.9697718024253845
                    ], 
                    "center": [
                        16.160202026367188, 
                        182.55670166015625, 
                        -0.8662662506103516
                    ]
                }, 
                {
                    "length": 22.380067825317383, 
                    "direction": [
                        0.3971725404262543, 
                        0.46070632338523865, 
                        0.793727695941925
                    ], 
                    "center": [
                        15.540000915527344, 
                        176.3059844970703, 
                        -25.557552337646484
                    ]
                }
            ]
        }, 
        {
            "type": 1, 
            "bone": [
                {
                    "length": 70.35211181640625, 
                    "direction": [
                        -0.17478123307228088, 
                        -0.05510285124182701, 
                        0.9830641746520996
                    ], 
                    "center": [
                        -18.825435638427734, 
                        195.41342163085938, 
                        13.171615600585938
                    ]
                }, 
                {
                    "length": 41.0834846496582, 
                    "direction": [
                        -0.26643094420433044, 
                        0.9533843398094177, 
                        0.14167895913124084
                    ], 
                    "center": [
                        -7.2043657302856445, 
                        177.76754760742188, 
                        -24.31903839111328
                    ]
                }, 
                {
                    "length": 23.11333656311035, 
                    "direction": [
                        0.14418716728687286, 
                        0.43307116627693176, 
                        -0.8897523880004883
                    ], 
                    "center": [
                        -3.397733211517334, 
                        153.17849731445312, 
                        -16.94679832458496
                    ]
                }, 
                {
                    "length": 16.33837890625, 
                    "direction": [
                        0.2884390354156494, 
                        -0.09964212030172348, 
                        -0.9522994756698608
                    ], 
                    "center": [
                        -7.420369625091553, 
                        148.98764038085938, 
                        1.1152913570404053
                    ]
                }
            ]
        }, 
        {
            "type": 2, 
            "bone": [
                {
                    "length": 66.7167739868164, 
                    "direction": [
                        -0.04260048642754555, 
                        -0.021897831931710243, 
                        0.9988522529602051
                    ], 
                    "center": [
                        -34.97393035888672, 
                        193.15374755859375, 
                        11.76921272277832
                    ]
                }, 
                {
                    "length": 46.0924072265625, 
                    "direction": [
                        -0.4038933515548706, 
                        0.9059350490570068, 
                        0.12708964943885803
                    ], 
                    "center": [
                        -24.244640350341797, 
                        173.005859375, 
                        -24.47981834411621
                    ]
                }, 
                {
                    "length": 27.192766189575195, 
                    "direction": [
                        -0.07157889753580093, 
                        0.3725981116294861, 
                        -0.9252281785011292
                    ], 
                    "center": [
                        -13.963217735290527, 
                        147.06149291992188, 
                        -14.828995704650879
                    ]
                }, 
                {
                    "length": 17.970151901245117, 
                    "direction": [
                        0.15087386965751648, 
                        -0.1297716349363327, 
                        -0.9799981713294983
                    ], 
                    "center": [
                        -14.345617294311523, 
                        143.16152954101562, 
                        6.556118965148926
                    ]
                }
            ]
        }, 
        {
            "type": 3, 
            "bone": [
                {
                    "length": 59.9005126953125, 
                    "direction": [
                        0.10289952903985977, 
                        0.018260972574353218, 
                        0.9945241212844849
                    ], 
                    "center": [
                        -50.502994537353516, 
                        188.04920959472656, 
                        13.963486671447754
                    ]
                }, 
                {
                    "length": 42.725582122802734, 
                    "direction": [
                        -0.4464131295681, 
                        0.877631425857544, 
                        0.1745806187391281
                    ], 
                    "center": [
                        -44.04823303222656, 
                        168.75363159179688, 
                        -19.552291870117188
                    ]
                }, 
                {
                    "length": 26.49048614501953, 
                    "direction": [
                        -0.2522486746311188, 
                        0.3366001844406128, 
                        -0.9072325825691223
                    ], 
                    "center": [
                        -31.17050552368164, 
                        145.546630859375, 
                        -11.26530647277832
                    ]
                }, 
                {
                    "length": 17.86687469482422, 
                    "direction": [
                        -0.0006723325932398438, 
                        -0.15518179535865784, 
                        -0.9878857731819153
                    ], 
                    "center": [
                        -27.82340431213379, 
                        142.47457885742188, 
                        9.576424598693848
                    ]
                }
            ]
        }, 
        {
            "type": 4, 
            "bone": [
                {
                    "length": 55.44927978515625, 
                    "direction": [
                        0.24663235247135162, 
                        0.016884777694940567, 
                        0.9689620733261108
                    ], 
                    "center": [
                        -63.33245849609375, 
                        178.0223388671875, 
                        17.765457153320312
                    ]
                }, 
                {
                    "length": 33.812801361083984, 
                    "direction": [
                        -0.5139927864074707, 
                        0.8113058805465698, 
                        0.2785574197769165
                    ], 
                    "center": [
                        -61.48048400878906, 
                        163.83795166015625, 
                        -13.808069229125977
                    ]
                }, 
                {
                    "length": 18.703414916992188, 
                    "direction": [
                        -0.5872396230697632, 
                        0.2039792835712433, 
                        -0.7832892537117004
                    ], 
                    "center": [
                        -47.29901885986328, 
                        148.21414184570312, 
                        -11.192380905151367
                    ]
                }, 
                {
                    "length": 16.482969284057617, 
                    "direction": [
                        -0.2885722219944, 
                        -0.25316232442855835, 
                        -0.9233823418617249
                    ], 
                    "center": [
                        -39.42906188964844, 
                        148.39300537109375, 
                        3.7427525520324707
                    ]
                }
            ]
        }
    ], 
    "hand": {
        "grab_strength": 1.0, 
        "wrist_position": [
            -41.519805908203125, 
            179.34117126464844, 
            52.959049224853516
        ], 
        "palm_width": 87.01065063476562, 
        "palm_velocity": [
            4.455907821655273, 
            3.234010696411133, 
            -26.07842445373535
        ], 
        "palm_normal": [
            0.25831860303878784, 
            -0.9529876112937927, 
            -0.1583859771490097
        ], 
        "is_left": true, 
        "palm_position": [
            -34.67863845825195, 
            185.4210968017578, 
            1.452208161354065
        ], 
        "pinch_strength": 0.34909486770629883, 
        "is_right": false
    }
}