{
    "timestamp": 33137569628, 
    "id": 506893, 
    "fingers": [
        {
            "type": 0, 
            "bone": [
                {
                    "length": 0.0, 
                    "direction": [
                        0.0, 
                        0.0, 
                        0.0
                    ], 
                    "center": [
                        -13.051481246948242, 
                        176.28726196289062, 
                        56.08063888549805
                    ]
                }, 
                {
                    "length": 47.7345085144043, 
                    "direction": [
                        -0.5231400728225708, 
                        -0.16615645587444305, 
                        0.8358926773071289
                    ], 
                    "center": [
                        -0.5655651092529297, 
                        180.25296020507812, 
                        36.13017654418945
                    ]
                }, 
                {
                    "length": 32.60446548461914, 
                    "direction": [
                        -0.244107186794281, 
                        0.06488402932882309, 
                        0.967575192451477
                    ], 
                    "center": [
                        15.899843215942383, 
                        183.16090393066406, 
                        0.40607786178588867
                    ]
                }, 
                {
                    "length": 22.380069732666016, 
                    "direction": [
                        0.3814733326435089, 
                        0.46803566813468933, 
                        0.7971329092979431
                    ], 
                    "center": [
                        15.610635757446289, 
                        176.86581420898438, 
                        -24.28750228881836
                    ]
                }
            ]
        }, 
        {
            "type": 1, 
            "bone": [
                {
                    "length": 70.35211181640625, 
                    "direction": [
                        -0.18264034390449524, 
                        -0.0561361238360405, 
                        0.9815759062767029
                    ], 
                    "center": [
                        -19.37633514404297, 
                        195.47238159179688, 
                        14.132235527038574
                    ]
                }, 
                {
                    "length": 41.08348846435547, 
                    "direction": [
                        -0.2832481861114502, 
                        0.949222207069397, 
                        0.1369219720363617
                    ], 
                    "center": [
                        -7.13335657119751, 
                        177.9483642578125, 
                        -23.208351135253906
                    ]
                }, 
                {
                    "length": 23.11333656311035, 
                    "direction": [
                        0.14505158364772797, 
                        0.4332546889781952, 
                        -0.8895224928855896
                    ], 
                    "center": [
                        -2.991257429122925, 
                        153.44268798828125, 
                        -15.741050720214844
                    ]
                }, 
                {
                    "length": 16.338380813598633, 
                    "direction": [
                        0.29851841926574707, 
                        -0.09703179448843002, 
                        -0.9494585394859314
                    ], 
                    "center": [
                        -7.106224060058594, 
                        149.2283935546875, 
                        2.2951743602752686
                    ]
                }
            ]
        }, 
        {
            "type": 2, 
            "bone": [
                {
                    "length": 66.7167739868164, 
                    "direction": [
                        -0.05117150396108627, 
                        -0.020724551752209663, 
                        0.9984748363494873
                    ], 
                    "center": [
                        -35.472190856933594, 
                        192.94390869140625, 
                        12.590456008911133
                    ]
                }, 
                {
                    "length": 46.092411041259766, 
                    "direction": [
                        -0.41991522908210754, 
                        0.8993832468986511, 
                        0.12157707661390305
                    ], 
                    "center": [
                        -24.08774185180664, 
                        172.9078826904297, 
                        -23.518943786621094
                    ]
                }, 
                {
                    "length": 27.192758560180664, 
                    "direction": [
                        -0.0692163035273552, 
                        0.36965057253837585, 
                        -0.92658931016922
                    ], 
                    "center": [
                        -13.469196319580078, 
                        147.15460205078125, 
                        -13.722574234008789
                    ]
                }, 
                {
                    "length": 17.97015380859375, 
                    "direction": [
                        0.16196802258491516, 
                        -0.1290600597858429, 
                        -0.9783198833465576
                    ], 
                    "center": [
                        -13.983400344848633, 
                        143.28829956054688, 
                        7.665964603424072
                    ]
                }
            ]
        }, 
        {
            "type": 3, 
            "bone": [
                {
                    "length": 59.900508880615234, 
                    "direction": [
                        0.09367962926626205, 
                        0.021821411326527596, 
                        0.995363175868988
                    ], 
                    "center": [
                        -50.93401336669922, 
                        187.58795166015625, 
                        14.656478881835938
                    ]
                }, 
                {
                    "length": 42.7255859375, 
                    "direction": [
                        -0.4624485373497009, 
                        0.8703886866569519, 
                        0.16901174187660217
                    ], 
                    "center": [
                        -43.86054992675781, 
                        168.3404541015625, 
                        -18.765464782714844
                    ]
                }, 
                {
                    "length": 26.490482330322266, 
                    "direction": [
                        -0.2490239143371582, 
                        0.331269234418869, 
                        -0.910081148147583
                    ], 
                    "center": [
                        -30.68297576904297, 
                        145.35877990722656, 
                        -10.321783065795898
                    ]
                }, 
                {
                    "length": 17.86687469482422, 
                    "direction": [
                        0.011390581727027893, 
                        -0.15644404292106628, 
                        -0.9876211285591125
                    ], 
                    "center": [
                        -27.486351013183594, 
                        142.36862182617188, 
                        10.555313110351562
                    ]
                }
            ]
        }, 
        {
            "type": 4, 
            "bone": [
                {
                    "length": 55.449283599853516, 
                    "direction": [
                        0.2376386821269989, 
                        0.022769322618842125, 
                        0.9710866808891296
                    ], 
                    "center": [
                        -63.62995910644531, 
                        177.35787963867188, 
                        18.36416244506836
                    ]
                }, 
                {
                    "length": 33.812801361083984, 
                    "direction": [
                        -0.52982497215271, 
                        0.8032330870628357, 
                        0.2722169756889343
                    ], 
                    "center": [
                        -61.26097106933594, 
                        163.14682006835938, 
                        -13.161079406738281
                    ]
                }, 
                {
                    "length": 18.703418731689453, 
                    "direction": [
                        -0.5834412574768066, 
                        0.1927061229944229, 
                        -0.7889617681503296
                    ], 
                    "center": [
                        -46.84736633300781, 
                        147.76492309570312, 
                        -10.385147094726562
                    ]
                }, 
                {
                    "length": 16.482967376708984, 
                    "direction": [
                        -0.27603578567504883, 
                        -0.2596711814403534, 
                        -0.9254053831100464
                    ], 
                    "center": [
                        -39.116249084472656, 
                        148.1028594970703, 
                        4.6197075843811035
                    ]
                }
            ]
        }
    ], 
    "hand": {
        "grab_strength": 1.0, 
        "wrist_position": [
            -42.157859802246094, 
            179.1024627685547, 
            53.74813461303711
        ], 
        "palm_width": 87.01065063476562, 
        "palm_velocity": [
            -9.490309715270996, 
            -7.135835647583008, 
            -22.713563919067383
        ], 
        "palm_normal": [
            0.27540022134780884, 
            -0.9488903880119324, 
            -0.15414834022521973
        ], 
        "is_left": true, 
        "palm_position": [
            -34.95714569091797, 
            185.19786071777344, 
            2.292154550552368
        ], 
        "pinch_strength": 0.3481740653514862, 
        "is_right": false
    }
}