{
    "timestamp": 33129182089, 
    "id": 506189, 
    "fingers": [
        {
            "type": 0, 
            "bone": [
                {
                    "length": 0.0, 
                    "direction": [
                        0.0, 
                        0.0, 
                        0.0
                    ], 
                    "center": [
                        -0.174788698554039, 
                        212.6387176513672, 
                        55.09392166137695
                    ]
                }, 
                {
                    "length": 47.73451232910156, 
                    "direction": [
                        -0.5584990382194519, 
                        -0.08668366074562073, 
                        0.8249634504318237
                    ], 
                    "center": [
                        13.155050277709961, 
                        214.70761108398438, 
                        35.4043083190918
                    ]
                }, 
                {
                    "length": 32.60446548461914, 
                    "direction": [
                        -0.2452954202890396, 
                        0.048823777586221695, 
                        0.968218207359314
                    ], 
                    "center": [
                        30.483753204345703, 
                        215.9805908203125, 
                        -0.06942415237426758
                    ]
                }, 
                {
                    "length": 22.380067825317383, 
                    "direction": [
                        0.3622553050518036, 
                        0.26128312945365906, 
                        0.894707977771759
                    ], 
                    "center": [
                        30.428966522216797, 
                        212.26087951660156, 
                        -25.865354537963867
                    ]
                }
            ]
        }, 
        {
            "type": 1, 
            "bone": [
                {
                    "length": 70.35211944580078, 
                    "direction": [
                        -0.20317164063453674, 
                        -0.09047701209783554, 
                        0.9749538898468018
                    ], 
                    "center": [
                        -0.9586958885192871, 
                        236.23977661132812, 
                        14.967649459838867
                    ]
                }, 
                {
                    "length": 41.08349609375, 
                    "direction": [
                        -0.036023128777742386, 
                        0.9750609993934631, 
                        0.2189938724040985
                    ], 
                    "center": [
                        6.9280595779418945, 
                        219.3929443359375, 
                        -23.82590103149414
                    ]
                }, 
                {
                    "length": 23.113330841064453, 
                    "direction": [
                        0.24843083322048187, 
                        0.45831626653671265, 
                        -0.8533629179000854
                    ], 
                    "center": [
                        4.797005653381348, 
                        194.06686401367188, 
                        -18.46238899230957
                    ]
                }, 
                {
                    "length": 16.338380813598633, 
                    "direction": [
                        0.2644149661064148, 
                        -0.08500193804502487, 
                        -0.960655689239502
                    ], 
                    "center": [
                        -0.23408228158950806, 
                        189.46466064453125, 
                        -0.7525808811187744
                    ]
                }
            ]
        }, 
        {
            "type": 2, 
            "bone": [
                {
                    "length": 66.7167739868164, 
                    "direction": [
                        -0.0672459825873375, 
                        -0.09074021130800247, 
                        0.9936016201972961
                    ], 
                    "center": [
                        -17.153553009033203, 
                        237.97047424316406, 
                        13.362007141113281
                    ]
                }, 
                {
                    "length": 46.092411041259766, 
                    "direction": [
                        -0.18595775961875916, 
                        0.9528318643569946, 
                        0.2398563027381897
                    ], 
                    "center": [
                        -10.624714851379395, 
                        219.03826904296875, 
                        -25.310718536376953
                    ]
                }, 
                {
                    "length": 27.192768096923828, 
                    "direction": [
                        0.029779421165585518, 
                        0.4910220503807068, 
                        -0.8706379532814026
                    ], 
                    "center": [
                        -6.743986129760742, 
                        190.40298461914062, 
                        -19.000967025756836
                    ]
                }, 
                {
                    "length": 17.970151901245117, 
                    "direction": [
                        0.133207306265831, 
                        -0.04992647096514702, 
                        -0.9898298978805542
                    ], 
                    "center": [
                        -8.345756530761719, 
                        184.17544555664062, 
                        1.7302577495574951
                    ]
                }
            ]
        }, 
        {
            "type": 3, 
            "bone": [
                {
                    "length": 59.900508880615234, 
                    "direction": [
                        0.08367364853620529, 
                        -0.08580689877271652, 
                        0.9927918910980225
                    ], 
                    "center": [
                        -33.489173889160156, 
                        236.51324462890625, 
                        15.10751724243164
                    ]
                }, 
                {
                    "length": 42.72559356689453, 
                    "direction": [
                        -0.22862553596496582, 
                        0.930353581905365, 
                        0.28665778040885925
                    ], 
                    "center": [
                        -31.11113929748535, 
                        219.20822143554688, 
                        -20.75066566467285
                    ]
                }, 
                {
                    "length": 26.490482330322266, 
                    "direction": [
                        -0.14961527287960052, 
                        0.4998224973678589, 
                        -0.8531076312065125
                    ], 
                    "center": [
                        -24.24536895751953, 
                        192.71299743652344, 
                        -15.574860572814941
                    ]
                }, 
                {
                    "length": 17.86687469482422, 
                    "direction": [
                        -0.017653053626418114, 
                        -0.03515003249049187, 
                        -0.9992261528968811
                    ], 
                    "center": [
                        -22.105976104736328, 
                        186.40673828125, 
                        4.651280403137207
                    ]
                }
            ]
        }, 
        {
            "type": 4, 
            "bone": [
                {
                    "length": 55.44927978515625, 
                    "direction": [
                        0.22356046736240387, 
                        -0.1189931333065033, 
                        0.9673992991447449
                    ], 
                    "center": [
                        -48.39076232910156, 
                        229.52394104003906, 
                        18.05379867553711
                    ]
                }, 
                {
                    "length": 33.812808990478516, 
                    "direction": [
                        -0.30275169014930725, 
                        0.8793314695358276, 
                        0.36758342385292053
                    ], 
                    "center": [
                        -49.47045135498047, 
                        217.95664978027344, 
                        -14.981510162353516
                    ]
                }, 
                {
                    "length": 18.703411102294922, 
                    "direction": [
                        -0.5117296576499939, 
                        0.42563197016716003, 
                        -0.7463043332099915
                    ], 
                    "center": [
                        -39.566463470458984, 
                        199.10992431640625, 
                        -14.216805458068848
                    ]
                }, 
                {
                    "length": 16.482967376708984, 
                    "direction": [
                        -0.3311372399330139, 
                        -0.0792536586523056, 
                        -0.9402483701705933
                    ], 
                    "center": [
                        -32.051856994628906, 
                        195.78271484375, 
                        0.5114538669586182
                    ]
                }
            ]
        }
    ], 
    "hand": {
        "grab_strength": 1.0, 
        "wrist_position": [
            -27.612831115722656, 
            222.85443115234375, 
            53.26622772216797
        ], 
        "palm_width": 87.01065063476562, 
        "palm_velocity": [
            24.169071197509766, 
            -2.813701629638672, 
            -3.67834210395813
        ], 
        "palm_normal": [
            0.030485836789011955, 
            -0.9712904691696167, 
            -0.23593522608280182
        ], 
        "is_left": true, 
        "palm_position": [
            -18.46894073486328, 
            231.2334442138672, 
            2.4439573287963867
        ], 
        "pinch_strength": 0.29956212639808655, 
        "is_right": false
    }
}