{
    "timestamp": 33137707340, 
    "id": 506905, 
    "fingers": [
        {
            "type": 0, 
            "bone": [
                {
                    "length": 0.0, 
                    "direction": [
                        0.0, 
                        0.0, 
                        0.0
                    ], 
                    "center": [
                        -9.46273422241211, 
                        176.2727508544922, 
                        50.474666595458984
                    ]
                }, 
                {
                    "length": 47.73451232910156, 
                    "direction": [
                        -0.530918538570404, 
                        -0.12951292097568512, 
                        0.8374675512313843
                    ], 
                    "center": [
                        3.2088332176208496, 
                        179.36386108398438, 
                        30.486614227294922
                    ]
                }, 
                {
                    "length": 32.60446548461914, 
                    "direction": [
                        -0.22725710272789001, 
                        0.07006007432937622, 
                        0.9713113307952881
                    ], 
                    "center": [
                        19.5851993560791, 
                        181.31285095214844, 
                        -5.335980415344238
                    ]
                }, 
                {
                    "length": 22.380067825317383, 
                    "direction": [
                        0.43682634830474854, 
                        0.41147199273109436, 
                        0.7999210357666016
                    ], 
                    "center": [
                        18.40189552307129, 
                        175.5663299560547, 
                        -30.121667861938477
                    ]
                }
            ]
        }, 
        {
            "type": 1, 
            "bone": [
                {
                    "length": 70.35210418701172, 
                    "direction": [
                        -0.1744479387998581, 
                        -0.05154605209827423, 
                        0.9833163619041443
                    ], 
                    "center": [
                        -14.301409721374512, 
                        196.64437866210938, 
                        8.889505386352539
                    ]
                }, 
                {
                    "length": 41.08348083496094, 
                    "direction": [
                        -0.17536962032318115, 
                        0.9751902222633362, 
                        0.13509096205234528
                    ], 
                    "center": [
                        -4.562622547149658, 
                        178.4254608154297, 
                        -28.474687576293945
                    ]
                }, 
                {
                    "length": 23.11333465576172, 
                    "direction": [
                        0.17860369384288788, 
                        0.409798800945282, 
                        -0.8945197463035583
                    ], 
                    "center": [
                        -3.024289131164551, 
                        153.65744018554688, 
                        -20.912023544311523
                    ]
                }, 
                {
                    "length": 16.338380813598633, 
                    "direction": [
                        0.27133122086524963, 
                        -0.1281379759311676, 
                        -0.9539182186126709
                    ], 
                    "center": [
                        -7.304908752441406, 
                        149.96832275390625, 
                        -2.781615734100342
                    ]
                }
            ]
        }, 
        {
            "type": 2, 
            "bone": [
                {
                    "length": 66.7167739868164, 
                    "direction": [
                        -0.03978126496076584, 
                        -0.03032488003373146, 
                        0.9987481832504272
                    ], 
                    "center": [
                        -30.59259033203125, 
                        195.83517456054688, 
                        7.55183219909668
                    ]
                }, 
                {
                    "length": 46.092411041259766, 
                    "direction": [
                        -0.32176515460014343, 
                        0.9360291957855225, 
                        0.1425355076789856
                    ], 
                    "center": [
                        -21.850086212158203, 
                        175.27484130859375, 
                        -29.04969596862793
                    ]
                }, 
                {
                    "length": 27.192764282226562, 
                    "direction": [
                        -0.044118788093328476, 
                        0.39046522974967957, 
                        -0.9195599555969238
                    ], 
                    "center": [
                        -13.83476448059082, 
                        148.3939971923828, 
                        -19.8319091796875
                    ]
                }, 
                {
                    "length": 17.970151901245117, 
                    "direction": [
                        0.13317234814167023, 
                        -0.12961284816265106, 
                        -0.9825810790061951
                    ], 
                    "center": [
                        -14.431472778320312, 
                        144.24966430664062, 
                        1.4993445873260498
                    ]
                }
            ]
        }, 
        {
            "type": 3, 
            "bone": [
                {
                    "length": 59.9005126953125, 
                    "direction": [
                        0.10867400467395782, 
                        -0.0031049714889377356, 
                        0.9940725564956665
                    ], 
                    "center": [
                        -46.50133514404297, 
                        192.09356689453125, 
                        9.773358345031738
                    ]
                }, 
                {
                    "length": 42.7255744934082, 
                    "direction": [
                        -0.3663262724876404, 
                        0.9115915298461914, 
                        0.186563640832901
                    ], 
                    "center": [
                        -41.930397033691406, 
                        172.71243286132812, 
                        -23.984888076782227
                    ]
                }, 
                {
                    "length": 26.490488052368164, 
                    "direction": [
                        -0.22668927907943726, 
                        0.3671424984931946, 
                        -0.9021188020706177
                    ], 
                    "center": [
                        -31.102092742919922, 
                        148.37539672851562, 
                        -16.021623611450195
                    ]
                }, 
                {
                    "length": 17.86687469482422, 
                    "direction": [
                        -0.0199684277176857, 
                        -0.14379334449768066, 
                        -0.9894062280654907
                    ], 
                    "center": [
                        -27.921152114868164, 
                        144.79708862304688, 
                        4.765958786010742
                    ]
                }
            ]
        }, 
        {
            "type": 4, 
            "bone": [
                {
                    "length": 55.449283599853516, 
                    "direction": [
                        0.2516055405139923, 
                        -0.01683882065117359, 
                        0.9676833152770996
                    ], 
                    "center": [
                        -60.14810562133789, 
                        183.19134521484375, 
                        13.5289306640625
                    ]
                }, 
                {
                    "length": 33.81281280517578, 
                    "direction": [
                        -0.43889015913009644, 
                        0.8499507904052734, 
                        0.29147717356681824
                    ], 
                    "center": [
                        -59.7037239074707, 
                        169.28858947753906, 
                        -18.227575302124023
                    ]
                }, 
                {
                    "length": 18.703413009643555, 
                    "direction": [
                        -0.5705321431159973, 
                        0.26501965522766113, 
                        -0.7773401141166687
                    ], 
                    "center": [
                        -46.948219299316406, 
                        152.44058227539062, 
                        -15.885950088500977
                    ]
                }, 
                {
                    "length": 16.48296546936035, 
                    "direction": [
                        -0.31401506066322327, 
                        -0.2150694876909256, 
                        -0.9247376322746277
                    ], 
                    "center": [
                        -39.024818420410156, 
                        151.7346954345703, 
                        -0.9952847957611084
                    ]
                }
            ]
        }
    ], 
    "hand": {
        "grab_strength": 1.0, 
        "wrist_position": [
            -38.142852783203125, 
            182.1487579345703, 
            48.611717224121094
        ], 
        "palm_width": 87.01065063476562, 
        "palm_velocity": [
            40.017154693603516, 
            30.11395835876465, 
            -38.25712585449219
        ], 
        "palm_normal": [
            0.17247098684310913, 
            -0.9700387716293335, 
            -0.17110973596572876
        ], 
        "is_left": true, 
        "palm_position": [
            -31.028287887573242, 
            188.23394775390625, 
            -2.857452392578125
        ], 
        "pinch_strength": 0.32526880502700806, 
        "is_right": false
    }
}