{
    "timestamp": 33137665023, 
    "id": 506901, 
    "fingers": [
        {
            "type": 0, 
            "bone": [
                {
                    "length": 0.0, 
                    "direction": [
                        0.0, 
                        0.0, 
                        0.0
                    ], 
                    "center": [
                        -11.082021713256836, 
                        176.08128356933594, 
                        52.31454086303711
                    ]
                }, 
                {
                    "length": 47.73450469970703, 
                    "direction": [
                        -0.5284099578857422, 
                        -0.1388258934020996, 
                        0.8375621438026428
                    ], 
                    "center": [
                        1.5296716690063477, 
                        179.39468383789062, 
                        32.32423400878906
                    ]
                }, 
                {
                    "length": 32.60446548461914, 
                    "direction": [
                        -0.23089276254177094, 
                        0.07327895611524582, 
                        0.9702158570289612
                    ], 
                    "center": [
                        17.905433654785156, 
                        181.51345825195312, 
                        -3.482758045196533
                    ]
                }, 
                {
                    "length": 22.38006591796875, 
                    "direction": [
                        0.42285335063934326, 
                        0.43578919768333435, 
                        0.7945331335067749
                    ], 
                    "center": [
                        16.93775749206543, 
                        175.44235229492188, 
                        -28.19029426574707
                    ]
                }
            ]
        }, 
        {
            "type": 1, 
            "bone": [
                {
                    "length": 70.35211181640625, 
                    "direction": [
                        -0.17663349211215973, 
                        -0.05049498751759529, 
                        0.9829806089401245
                    ], 
                    "center": [
                        -16.47352409362793, 
                        195.9571533203125, 
                        10.557833671569824
                    ]
                }, 
                {
                    "length": 41.08348846435547, 
                    "direction": [
                        -0.21220763027668, 
                        0.9683011174201965, 
                        0.1317606419324875
                    ], 
                    "center": [
                        -5.901139736175537, 
                        177.8427734375, 
                        -26.72614288330078
                    ]
                }, 
                {
                    "length": 23.113330841064453, 
                    "direction": [
                        0.16796474158763885, 
                        0.4144431948661804, 
                        -0.8944410085678101
                    ], 
                    "center": [
                        -3.483137369155884, 
                        153.16259765625, 
                        -19.095979690551758
                    ]
                }, 
                {
                    "length": 16.338380813598633, 
                    "direction": [
                        0.28118956089019775, 
                        -0.12131379544734955, 
                        -0.9519535303115845
                    ], 
                    "center": [
                        -7.721340656280518, 
                        149.36404418945312, 
                        -0.9825356006622314
                    ]
                }
            ]
        }, 
        {
            "type": 2, 
            "bone": [
                {
                    "length": 66.7167739868164, 
                    "direction": [
                        -0.042882055044174194, 
                        -0.024333594366908073, 
                        0.9987837076187134
                    ], 
                    "center": [
                        -32.7193489074707, 
                        194.55307006835938, 
                        9.161937713623047
                    ]
                }, 
                {
                    "length": 46.092403411865234, 
                    "direction": [
                        -0.3557552099227905, 
                        0.9250399470329285, 
                        0.13318884372711182
                    ], 
                    "center": [
                        -23.09006690979004, 
                        174.046142578125, 
                        -27.225372314453125
                    ]
                }, 
                {
                    "length": 27.19277000427246, 
                    "direction": [
                        -0.053725115954875946, 
                        0.38104763627052307, 
                        -0.9229931831359863
                    ], 
                    "center": [
                        -14.16079330444336, 
                        147.546630859375, 
                        -17.745500564575195
                    ]
                }, 
                {
                    "length": 17.970151901245117, 
                    "direction": [
                        0.14225617051124573, 
                        -0.13249899446964264, 
                        -0.9809216856956482
                    ], 
                    "center": [
                        -14.70850944519043, 
                        143.5562744140625, 
                        3.6175241470336914
                    ]
                }
            ]
        }, 
        {
            "type": 3, 
            "bone": [
                {
                    "length": 59.90050506591797, 
                    "direction": [
                        0.10451838374137878, 
                        0.008168350905179977, 
                        0.9944894313812256
                    ], 
                    "center": [
                        -48.492713928222656, 
                        190.2587127685547, 
                        11.348784446716309
                    ]
                }, 
                {
                    "length": 42.725582122802734, 
                    "direction": [
                        -0.3995327651500702, 
                        0.8990148901939392, 
                        0.17929217219352722
                    ], 
                    "center": [
                        -43.087928771972656, 
                        170.80859375, 
                        -22.2666072845459
                    ]
                }, 
                {
                    "length": 26.4904842376709, 
                    "direction": [
                        -0.2358364462852478, 
                        0.353279173374176, 
                        -0.9053038358688354
                    ], 
                    "center": [
                        -31.42908477783203, 
                        146.92385864257812, 
                        -14.105820655822754
                    ]
                }, 
                {
                    "length": 17.86687469482422, 
                    "direction": [
                        -0.010445067659020424, 
                        -0.1507425606250763, 
                        -0.9885178208351135
                    ], 
                    "center": [
                        -28.21206283569336, 
                        143.59124755859375, 
                        6.716009616851807
                    ]
                }
            ]
        }, 
        {
            "type": 4, 
            "bone": [
                {
                    "length": 55.44927978515625, 
                    "direction": [
                        0.24796101450920105, 
                        -0.0006147624226287007, 
                        0.9687698483467102
                    ], 
                    "center": [
                        -61.82674026489258, 
                        180.8998565673828, 
                        15.1175537109375
                    ]
                }, 
                {
                    "length": 33.81280517578125, 
                    "direction": [
                        -0.47031933069229126, 
                        0.8357774019241333, 
                        0.28332990407943726
                    ], 
                    "center": [
                        -60.749961853027344, 
                        166.7869110107422, 
                        -16.531330108642578
                    ]
                }, 
                {
                    "length": 18.70341682434082, 
                    "direction": [
                        -0.5765332579612732, 
                        0.23857204616069794, 
                        -0.781468391418457
                    ], 
                    "center": [
                        -47.406982421875, 
                        150.42587280273438, 
                        -14.01335620880127
                    ]
                }, 
                {
                    "length": 16.48296546936035, 
                    "direction": [
                        -0.30236196517944336, 
                        -0.23306292295455933, 
                        -0.9242613315582275
                    ], 
                    "center": [
                        -39.52349853515625, 
                        150.1156005859375, 
                        0.9119923114776611
                    ]
                }
            ]
        }
    ], 
    "hand": {
        "grab_strength": 1.0, 
        "wrist_position": [
            -39.94652557373047, 
            180.9087677001953, 
            50.29391098022461
        ], 
        "palm_width": 87.01065063476562, 
        "palm_velocity": [
            30.782123565673828, 
            25.028366088867188, 
            -41.9372673034668
        ], 
        "palm_normal": [
            0.2079135775566101, 
            -0.9644547700881958, 
            -0.16309186816215515
        ], 
        "is_left": true, 
        "palm_position": [
            -32.83787155151367, 
            186.8641815185547, 
            -1.191251516342163
        ], 
        "pinch_strength": 0.33563411235809326, 
        "is_right": false
    }
}