{
    "timestamp": 33137629563, 
    "id": 506898, 
    "fingers": [
        {
            "type": 0, 
            "bone": [
                {
                    "length": 0.0, 
                    "direction": [
                        0.0, 
                        0.0, 
                        0.0
                    ], 
                    "center": [
                        -11.819584846496582, 
                        176.1508331298828, 
                        53.938297271728516
                    ]
                }, 
                {
                    "length": 47.73451232910156, 
                    "direction": [
                        -0.5182303190231323, 
                        -0.1491205096244812, 
                        0.8421403169631958
                    ], 
                    "center": [
                        0.5491518974304199, 
                        179.70993041992188, 
                        33.83871841430664
                    ]
                }, 
                {
                    "length": 32.60446548461914, 
                    "direction": [
                        -0.22847695648670197, 
                        0.07322700321674347, 
                        0.9707914590835571
                    ], 
                    "center": [
                        16.642574310302734, 
                        182.07525634765625, 
                        -2.0869288444519043
                    ]
                }, 
                {
                    "length": 22.380069732666016, 
                    "direction": [
                        0.4096858501434326, 
                        0.4554339051246643, 
                        0.7904033660888672
                    ], 
                    "center": [
                        15.782859802246094, 
                        175.78518676757812, 
                        -26.757638931274414
                    ]
                }
            ]
        }, 
        {
            "type": 1, 
            "bone": [
                {
                    "length": 70.35210418701172, 
                    "direction": [
                        -0.17018207907676697, 
                        -0.04924288019537926, 
                        0.9841815233230591
                    ], 
                    "center": [
                        -18.08850860595703, 
                        195.51849365234375, 
                        12.06544303894043
                    ]
                }, 
                {
                    "length": 41.08348846435547, 
                    "direction": [
                        -0.24754589796066284, 
                        0.9592045545578003, 
                        0.13655632734298706
                    ], 
                    "center": [
                        -7.017149925231934, 
                        177.54693603515625, 
                        -25.359285354614258
                    ]
                }, 
                {
                    "length": 23.11333656311035, 
                    "direction": [
                        0.14784139394760132, 
                        0.4242202341556549, 
                        -0.893409252166748
                    ], 
                    "center": [
                        -3.640679121017456, 
                        152.9406280517578, 
                        -17.839555740356445
                    ]
                }, 
                {
                    "length": 16.338380813598633, 
                    "direction": [
                        0.2813853621482849, 
                        -0.11023560166358948, 
                        -0.9532420039176941
                    ], 
                    "center": [
                        -7.647923469543457, 
                        148.9385986328125, 
                        0.2724940776824951
                    ]
                }
            ]
        }, 
        {
            "type": 2, 
            "bone": [
                {
                    "length": 66.7167739868164, 
                    "direction": [
                        -0.03733929991722107, 
                        -0.018375013023614883, 
                        0.9991336464881897
                    ], 
                    "center": [
                        -34.28264236450195, 
                        193.54551696777344, 
                        10.760005950927734
                    ]
                }, 
                {
                    "length": 46.0924186706543, 
                    "direction": [
                        -0.38682639598846436, 
                        0.913384735584259, 
                        0.126860573887825
                    ], 
                    "center": [
                        -24.122180938720703, 
                        173.10842895507812, 
                        -25.49313735961914
                    ]
                }, 
                {
                    "length": 27.192764282226562, 
                    "direction": [
                        -0.0702461451292038, 
                        0.3712901473045349, 
                        -0.9258559942245483
                    ], 
                    "center": [
                        -14.252204895019531, 
                        147.01016235351562, 
                        -15.828500747680664
                    ]
                }, 
                {
                    "length": 17.970151901245117, 
                    "direction": [
                        0.14284954965114594, 
                        -0.1351839154958725, 
                        -0.9804689884185791
                    ], 
                    "center": [
                        -14.580625534057617, 
                        143.17660522460938, 
                        5.5693793296813965
                    ]
                }
            ]
        }, 
        {
            "type": 3, 
            "bone": [
                {
                    "length": 59.900508880615234, 
                    "direction": [
                        0.1088314950466156, 
                        0.019150763750076294, 
                        0.9938756823539734
                    ], 
                    "center": [
                        -49.88819122314453, 
                        188.7269287109375, 
                        13.055831909179688
                    ]
                }, 
                {
                    "length": 42.7255859375, 
                    "direction": [
                        -0.429573118686676, 
                        0.8860669136047363, 
                        0.17421954870224
                    ], 
                    "center": [
                        -43.97084045410156, 
                        169.2244873046875, 
                        -20.432815551757812
                    ]
                }, 
                {
                    "length": 26.490478515625, 
                    "direction": [
                        -0.2515795826911926, 
                        0.3380080461502075, 
                        -0.9068949222564697
                    ], 
                    "center": [
                        -31.461729049682617, 
                        145.81863403320312, 
                        -12.142590522766113
                    ]
                }, 
                {
                    "length": 17.866872787475586, 
                    "direction": [
                        -0.00937422551214695, 
                        -0.15838952362537384, 
                        -0.9873322248458862
                    ], 
                    "center": [
                        -28.045753479003906, 
                        142.756591796875, 
                        8.689719200134277
                    ]
                }
            ]
        }, 
        {
            "type": 4, 
            "bone": [
                {
                    "length": 55.449283599853516, 
                    "direction": [
                        0.25236964225769043, 
                        0.015121392905712128, 
                        0.9675126671791077
                    ], 
                    "center": [
                        -62.87390899658203, 
                        178.94273376464844, 
                        16.958263397216797
                    ]
                }, 
                {
                    "length": 33.812801361083984, 
                    "direction": [
                        -0.4976917803287506, 
                        0.8211725354194641, 
                        0.27924665808677673
                    ], 
                    "center": [
                        -61.45658874511719, 
                        164.6404266357422, 
                        -14.586734771728516
                    ]
                }, 
                {
                    "length": 18.703418731689453, 
                    "direction": [
                        -0.5879358053207397, 
                        0.21246059238910675, 
                        -0.7805074453353882
                    ], 
                    "center": [
                        -47.54420471191406, 
                        148.77047729492188, 
                        -12.008711814880371
                    ]
                }, 
                {
                    "length": 16.482967376708984, 
                    "direction": [
                        -0.2983194887638092, 
                        -0.25040367245674133, 
                        -0.9210339188575745
                    ], 
                    "center": [
                        -39.587406158447266, 
                        148.84732055664062, 
                        2.8810529708862305
                    ]
                }
            ]
        }
    ], 
    "hand": {
        "grab_strength": 1.0, 
        "wrist_position": [
            -40.84248733520508, 
            179.96641540527344, 
            52.02518081665039
        ], 
        "palm_width": 87.01065063476562, 
        "palm_velocity": [
            13.573644638061523, 
            9.98944091796875, 
            -33.512760162353516
        ], 
        "palm_normal": [
            0.24026790261268616, 
            -0.957908570766449, 
            -0.15710650384426117
        ], 
        "is_left": true, 
        "palm_position": [
            -34.18455505371094, 
            185.7803955078125, 
            0.46365004777908325
        ], 
        "pinch_strength": 0.34454500675201416, 
        "is_right": false
    }
}