{
    "timestamp": 33128356474, 
    "id": 506117, 
    "fingers": [
        {
            "type": 0, 
            "bone": [
                {
                    "length": 0.0, 
                    "direction": [
                        0.0, 
                        0.0, 
                        0.0
                    ], 
                    "center": [
                        -5.357367515563965, 
                        224.02186584472656, 
                        57.04469299316406
                    ]
                }, 
                {
                    "length": 47.73451232910156, 
                    "direction": [
                        -0.5826961398124695, 
                        -0.15023356676101685, 
                        0.7986832857131958
                    ], 
                    "center": [
                        8.549991607666016, 
                        227.60752868652344, 
                        37.98231506347656
                    ]
                }, 
                {
                    "length": 32.60446548461914, 
                    "direction": [
                        -0.23532019555568695, 
                        0.03642747551202774, 
                        0.9712350368499756
                    ], 
                    "center": [
                        26.293594360351562, 
                        230.59933471679688, 
                        3.086637020111084
                    ]
                }, 
                {
                    "length": 22.38007164001465, 
                    "direction": [
                        0.36124342679977417, 
                        0.2994367778301239, 
                        0.8830859661102295
                    ], 
                    "center": [
                        26.087512969970703, 
                        226.65478515625, 
                        -22.62842559814453
                    ]
                }
            ]
        }, 
        {
            "type": 1, 
            "bone": [
                {
                    "length": 70.35211181640625, 
                    "direction": [
                        -0.2297593355178833, 
                        -0.03624607250094414, 
                        0.9725722670555115
                    ], 
                    "center": [
                        -5.797743797302246, 
                        244.9662322998047, 
                        15.464876174926758
                    ]
                }, 
                {
                    "length": 41.08348846435547, 
                    "direction": [
                        -0.06608888506889343, 
                        0.9915027022361755, 
                        0.11204726248979568
                    ], 
                    "center": [
                        3.64186429977417, 
                        225.8740234375, 
                        -21.048030853271484
                    ]
                }, 
                {
                    "length": 23.11333465576172, 
                    "direction": [
                        0.25153428316116333, 
                        0.36887139081954956, 
                        -0.8947983980178833
                    ], 
                    "center": [
                        2.0925471782684326, 
                        201.24391174316406, 
                        -13.008788108825684
                    ]
                }, 
                {
                    "length": 16.338380813598633, 
                    "direction": [
                        0.28393933176994324, 
                        -0.1680818498134613, 
                        -0.9439952373504639
                    ], 
                    "center": [
                        -3.1339054107666016, 
                        198.3540802001953, 
                        5.043776512145996
                    ]
                }
            ]
        }, 
        {
            "type": 2, 
            "bone": [
                {
                    "length": 66.7167739868164, 
                    "direction": [
                        -0.09456875920295715, 
                        -0.029848933219909668, 
                        0.99507075548172
                    ], 
                    "center": [
                        -21.989299774169922, 
                        245.93780517578125, 
                        13.288558006286621
                    ]
                }, 
                {
                    "length": 46.09241485595703, 
                    "direction": [
                        -0.2247454822063446, 
                        0.9658840298652649, 
                        0.12867580354213715
                    ], 
                    "center": [
                        -13.655107498168945, 
                        224.67355346679688, 
                        -22.870887756347656
                    ]
                }, 
                {
                    "length": 27.19276237487793, 
                    "direction": [
                        0.046536680310964584, 
                        0.39519840478897095, 
                        -0.9174162149429321
                    ], 
                    "center": [
                        -9.108306884765625, 
                        197.04031372070312, 
                        -13.362834930419922
                    ]
                }, 
                {
                    "length": 17.970151901245117, 
                    "direction": [
                        0.1686028242111206, 
                        -0.1368643194437027, 
                        -0.9761358499526978
                    ], 
                    "center": [
                        -11.25594711303711, 
                        192.89678955078125, 
                        7.88136100769043
                    ]
                }
            ]
        }, 
        {
            "type": 3, 
            "bone": [
                {
                    "length": 59.900508880615234, 
                    "direction": [
                        0.056003034114837646, 
                        -0.018906472250819206, 
                        0.9982514977455139
                    ], 
                    "center": [
                        -38.30341339111328, 
                        243.93846130371094, 
                        14.657901763916016
                    ]
                }, 
                {
                    "length": 42.72557830810547, 
                    "direction": [
                        -0.27715983986854553, 
                        0.9476274251937866, 
                        0.15869690477848053
                    ], 
                    "center": [
                        -34.059814453125, 
                        224.2607421875, 
                        -18.63019561767578
                    ]
                }, 
                {
                    "length": 26.490488052368164, 
                    "direction": [
                        -0.1251332312822342, 
                        0.38327309489250183, 
                        -0.9151192903518677
                    ], 
                    "center": [
                        -26.481487274169922, 
                        198.94024658203125, 
                        -9.899426460266113
                    ]
                }, 
                {
                    "length": 17.86687660217285, 
                    "direction": [
                        0.028211276978254318, 
                        -0.14042504131793976, 
                        -0.9896893501281738
                    ], 
                    "center": [
                        -25.07608985900879, 
                        195.1181640625, 
                        11.062880516052246
                    ]
                }
            ]
        }, 
        {
            "type": 4, 
            "bone": [
                {
                    "length": 55.44927978515625, 
                    "direction": [
                        0.19778062403202057, 
                        -0.04798641800880432, 
                        0.9790710210800171
                    ], 
                    "center": [
                        -53.010528564453125, 
                        236.55709838867188, 
                        17.62508201599121
                    ]
                }, 
                {
                    "length": 33.81281661987305, 
                    "direction": [
                        -0.37450528144836426, 
                        0.8935738205909729, 
                        0.24753080308437347
                    ], 
                    "center": [
                        -52.16238784790039, 
                        222.78036499023438, 
                        -13.704168319702148
                    ]
                }, 
                {
                    "length": 18.70341682434082, 
                    "direction": [
                        -0.47567540407180786, 
                        0.3108210563659668, 
                        -0.8228749632835388
                    ], 
                    "center": [
                        -41.382469177246094, 
                        204.76654052734375, 
                        -10.193737983703613
                    ]
                }, 
                {
                    "length": 16.482967376708984, 
                    "direction": [
                        -0.26381242275238037, 
                        -0.18317434191703796, 
                        -0.9470217227935791
                    ], 
                    "center": [
                        -34.7598876953125, 
                        203.3694610595703, 
                        5.306412696838379
                    ]
                }
            ]
        }
    ], 
    "hand": {
        "grab_strength": 1.0, 
        "wrist_position": [
            -33.096736907958984, 
            232.9875946044922, 
            53.77503967285156
        ], 
        "palm_width": 87.01065063476562, 
        "palm_velocity": [
            -1.3650527000427246, 
            -0.044564180076122284, 
            0.86060631275177
        ], 
        "palm_normal": [
            0.07501088082790375, 
            -0.9823394417762756, 
            -0.1714133769273758
        ], 
        "is_left": true, 
        "palm_position": [
            -22.705509185791016, 
            238.4709930419922, 
            2.797823190689087
        ], 
        "pinch_strength": 0.21977658569812775, 
        "is_right": false
    }
}