{
    "timestamp": 33137753254, 
    "id": 506909, 
    "fingers": [
        {
            "type": 0, 
            "bone": [
                {
                    "length": 0.0, 
                    "direction": [
                        0.0, 
                        0.0, 
                        0.0
                    ], 
                    "center": [
                        -8.03299617767334, 
                        176.7731170654297, 
                        48.200904846191406
                    ]
                }, 
                {
                    "length": 47.7345085144043, 
                    "direction": [
                        -0.5407982468605042, 
                        -0.11830917745828629, 
                        0.8327906131744385
                    ], 
                    "center": [
                        4.874372959136963, 
                        179.59683227539062, 
                        28.324480056762695
                    ]
                }, 
                {
                    "length": 32.60446548461914, 
                    "direction": [
                        -0.2356853485107422, 
                        0.06666288524866104, 
                        0.9695402979850769
                    ], 
                    "center": [
                        21.623939514160156, 
                        181.33380126953125, 
                        -7.3576178550720215
                    ]
                }, 
                {
                    "length": 22.38007164001465, 
                    "direction": [
                        0.44201943278312683, 
                        0.38706883788108826, 
                        0.8091950416564941
                    ], 
                    "center": [
                        20.51992416381836, 
                        175.9157257080078, 
                        -32.21821212768555
                    ]
                }
            ]
        }, 
        {
            "type": 1, 
            "bone": [
                {
                    "length": 70.35211181640625, 
                    "direction": [
                        -0.1834004819393158, 
                        -0.0542517714202404, 
                        0.9815400838851929
                    ], 
                    "center": [
                        -11.841236114501953, 
                        197.68014526367188, 
                        6.7746429443359375
                    ]
                }, 
                {
                    "length": 41.083492279052734, 
                    "direction": [
                        -0.14070169627666473, 
                        0.9801642298698425, 
                        0.13957428932189941
                    ], 
                    "center": [
                        -2.499671220779419, 
                        179.4542236328125, 
                        -30.61916732788086
                    ]
                }, 
                {
                    "length": 23.11333656311035, 
                    "direction": [
                        0.19889140129089355, 
                        0.40781691670417786, 
                        -0.8911382555961609
                    ], 
                    "center": [
                        -1.9079346656799316, 
                        154.60693359375, 
                        -23.18767738342285
                    ]
                }, 
                {
                    "length": 16.338380813598633, 
                    "direction": [
                        0.2723172605037689, 
                        -0.13164392113685608, 
                        -0.9531596302986145
                    ], 
                    "center": [
                        -6.431068420410156, 
                        150.9693603515625, 
                        -5.102546215057373
                    ]
                }
            ]
        }, 
        {
            "type": 2, 
            "bone": [
                {
                    "length": 66.7167739868164, 
                    "direction": [
                        -0.04818446561694145, 
                        -0.03795967251062393, 
                        0.9981169104576111
                    ], 
                    "center": [
                        -28.14055633544922, 
                        197.46127319335938, 
                        5.314836502075195
                    ]
                }, 
                {
                    "length": 46.092411041259766, 
                    "direction": [
                        -0.28954702615737915, 
                        0.9453485608100891, 
                        0.14992853999137878
                    ], 
                    "center": [
                        -19.860240936279297, 
                        176.94085693359375, 
                        -31.436016082763672
                    ]
                }, 
                {
                    "length": 27.19276237487793, 
                    "direction": [
                        -0.023653384298086166, 
                        0.4011228382587433, 
                        -0.9157187938690186
                    ], 
                    "center": [
                        -12.865680694580078, 
                        149.70034790039062, 
                        -22.440837860107422
                    ]
                }, 
                {
                    "length": 17.970151901245117, 
                    "direction": [
                        0.13569290935993195, 
                        -0.12448077648878098, 
                        -0.9828997850418091
                    ], 
                    "center": [
                        -13.763290405273438, 
                        145.364990234375, 
                        -1.158944845199585
                    ]
                }
            ]
        }, 
        {
            "type": 3, 
            "bone": [
                {
                    "length": 59.90050506591797, 
                    "direction": [
                        0.10117154568433762, 
                        -0.015979817137122154, 
                        0.9947406649589539
                    ], 
                    "center": [
                        -44.187686920166016, 
                        194.26611328125, 
                        7.389310836791992
                    ]
                }, 
                {
                    "length": 42.7255859375, 
                    "direction": [
                        -0.33504751324653625, 
                        0.9221842885017395, 
                        0.19318222999572754
                    ], 
                    "center": [
                        -40.06024932861328, 
                        175.04428100585938, 
                        -26.53033447265625
                    ]
                }, 
                {
                    "length": 26.490480422973633, 
                    "direction": [
                        -0.20752397179603577, 
                        0.3836977183818817, 
                        -0.8998388051986694
                    ], 
                    "center": [
                        -30.153993606567383, 
                        150.26168823242188, 
                        -18.738666534423828
                    ]
                }, 
                {
                    "length": 17.86687469482422, 
                    "direction": [
                        -0.01838858425617218, 
                        -0.1335638165473938, 
                        -0.9908696413040161
                    ], 
                    "center": [
                        -27.241016387939453, 
                        146.37271118164062, 
                        2.0317864418029785
                    ]
                }
            ]
        }, 
        {
            "type": 4, 
            "bone": [
                {
                    "length": 55.449275970458984, 
                    "direction": [
                        0.2437179684638977, 
                        -0.03453264757990837, 
                        0.9692311882972717
                    ], 
                    "center": [
                        -58.16826248168945, 
                        185.81967163085938, 
                        10.965486526489258
                    ]
                }, 
                {
                    "length": 33.81279373168945, 
                    "direction": [
                        -0.4105982184410095, 
                        0.8622823357582092, 
                        0.2964428961277008
                    ], 
                    "center": [
                        -57.9835205078125, 
                        172.198974609375, 
                        -20.917879104614258
                    ]
                }, 
                {
                    "length": 18.70341682434082, 
                    "direction": [
                        -0.5550832748413086, 
                        0.2922952175140381, 
                        -0.7787464261054993
                    ], 
                    "center": [
                        -45.850807189941406, 
                        154.88743591308594, 
                        -18.647050857543945
                    ]
                }, 
                {
                    "length": 16.48296546936035, 
                    "direction": [
                        -0.3146616816520691, 
                        -0.19526070356369019, 
                        -0.9289032816886902
                    ], 
                    "center": [
                        -38.066551208496094, 
                        153.76321411132812, 
                        -3.708901882171631
                    ]
                }
            ]
        }
    ], 
    "hand": {
        "grab_strength": 1.0, 
        "wrist_position": [
            -36.472686767578125, 
            183.67904663085938, 
            46.1910400390625
        ], 
        "palm_width": 87.01065063476562, 
        "palm_velocity": [
            48.035457611083984, 
            36.76100158691406, 
            -51.32012176513672
        ], 
        "palm_normal": [
            0.13928696513175964, 
            -0.9739511013031006, 
            -0.17893686890602112
        ], 
        "is_left": true, 
        "palm_position": [
            -28.76832389831543, 
            189.97508239746094, 
            -5.1677422523498535
        ], 
        "pinch_strength": 0.31883159279823303, 
        "is_right": false
    }
}