{
    "timestamp": 33129193163, 
    "id": 506190, 
    "fingers": [
        {
            "type": 0, 
            "bone": [
                {
                    "length": 0.0, 
                    "direction": [
                        0.0, 
                        0.0, 
                        0.0
                    ], 
                    "center": [
                        0.12110764533281326, 
                        212.53170776367188, 
                        55.05549621582031
                    ]
                }, 
                {
                    "length": 47.7345085144043, 
                    "direction": [
                        -0.5582894682884216, 
                        -0.08480854332447052, 
                        0.8253002166748047
                    ], 
                    "center": [
                        13.445943832397461, 
                        214.55584716796875, 
                        35.357845306396484
                    ]
                }, 
                {
                    "length": 32.60446548461914, 
                    "direction": [
                        -0.24553216993808746, 
                        0.04951968789100647, 
                        0.9681228399276733
                    ], 
                    "center": [
                        30.773502349853516, 
                        215.77272033691406, 
                        -0.12236642837524414
                    ]
                }, 
                {
                    "length": 22.380069732666016, 
                    "direction": [
                        0.3642045259475708, 
                        0.260826975107193, 
                        0.8940494656562805
                    ], 
                    "center": [
                        30.700763702392578, 
                        212.04678344726562, 
                        -25.909374237060547
                    ]
                }
            ]
        }, 
        {
            "type": 1, 
            "bone": [
                {
                    "length": 70.35211181640625, 
                    "direction": [
                        -0.20270618796348572, 
                        -0.08993327617645264, 
                        0.975101113319397
                    ], 
                    "center": [
                        -0.6311228275299072, 
                        236.13368225097656, 
                        14.929167747497559
                    ]
                }, 
                {
                    "length": 41.08348846435547, 
                    "direction": [
                        -0.033379919826984406, 
                        0.9751524925231934, 
                        0.21900519728660583
                    ], 
                    "center": [
                        7.184963226318359, 
                        219.26583862304688, 
                        -23.869794845581055
                    ]
                }, 
                {
                    "length": 23.113330841064453, 
                    "direction": [
                        0.2490038126707077, 
                        0.457668662071228, 
                        -0.8535434603691101
                    ], 
                    "center": [
                        4.9929914474487305, 
                        193.9453887939453, 
                        -18.504426956176758
                    ]
                }, 
                {
                    "length": 16.33837890625, 
                    "direction": [
                        0.26352494955062866, 
                        -0.08569490909576416, 
                        -0.9608386754989624
                    ], 
                    "center": [
                        -0.03744781017303467, 
                        189.3563232421875, 
                        -0.7910361289978027
                    ]
                }
            ]
        }, 
        {
            "type": 2, 
            "bone": [
                {
                    "length": 66.7167739868164, 
                    "direction": [
                        -0.0667683482170105, 
                        -0.09054351598024368, 
                        0.993651807308197
                    ], 
                    "center": [
                        -16.822647094726562, 
                        237.90573120117188, 
                        13.335038185119629
                    ]
                }, 
                {
                    "length": 46.092411041259766, 
                    "direction": [
                        -0.18343165516853333, 
                        0.9531351327896118, 
                        0.24059569835662842
                    ], 
                    "center": [
                        -10.367958068847656, 
                        218.9599609375, 
                        -25.356399536132812
                    ]
                }, 
                {
                    "length": 27.19277000427246, 
                    "direction": [
                        0.030428020283579826, 
                        0.4915657937526703, 
                        -0.8703086972236633
                    ], 
                    "center": [
                        -6.554265022277832, 
                        190.310302734375, 
                        -19.068166732788086
                    ]
                }, 
                {
                    "length": 17.970151901245117, 
                    "direction": [
                        0.13246548175811768, 
                        -0.04974985495209694, 
                        -0.9899383783340454
                    ], 
                    "center": [
                        -8.158188819885254, 
                        184.07379150390625, 
                        1.659555435180664
                    ]
                }
            ]
        }, 
        {
            "type": 3, 
            "bone": [
                {
                    "length": 59.900508880615234, 
                    "direction": [
                        0.08416274189949036, 
                        -0.08599591255187988, 
                        0.9927341938018799
                    ], 
                    "center": [
                        -33.16068649291992, 
                        236.49029541015625, 
                        15.092247009277344
                    ]
                }, 
                {
                    "length": 42.725582122802734, 
                    "direction": [
                        -0.22605422139167786, 
                        0.9309623837471008, 
                        0.28672048449516296
                    ], 
                    "center": [
                        -30.852231979370117, 
                        219.1779327392578, 
                        -20.765544891357422
                    ]
                }, 
                {
                    "length": 26.49048614501953, 
                    "direction": [
                        -0.1489085704088211, 
                        0.5001179575920105, 
                        -0.8530581593513489
                    ], 
                    "center": [
                        -24.050752639770508, 
                        192.66580200195312, 
                        -15.5917329788208
                    ]
                }, 
                {
                    "length": 17.86687660217285, 
                    "direction": [
                        -0.018418151885271072, 
                        -0.035180773586034775, 
                        -0.9992111921310425
                    ], 
                    "center": [
                        -21.91388511657715, 
                        186.35589599609375, 
                        4.6336212158203125
                    ]
                }
            ]
        }, 
        {
            "type": 4, 
            "bone": [
                {
                    "length": 55.44927978515625, 
                    "direction": [
                        0.22394613921642303, 
                        -0.11954019963741302, 
                        0.9672426581382751
                    ], 
                    "center": [
                        -48.077980041503906, 
                        229.5391845703125, 
                        18.049352645874023
                    ]
                }, 
                {
                    "length": 33.81281280517578, 
                    "direction": [
                        -0.3003639876842499, 
                        0.8801715970039368, 
                        0.36753153800964355
                    ], 
                    "center": [
                        -49.20873260498047, 
                        217.9728546142578, 
                        -14.980738639831543
                    ]
                }, 
                {
                    "length": 18.703414916992188, 
                    "direction": [
                        -0.511131763458252, 
                        0.42666634917259216, 
                        -0.7461233735084534
                    ], 
                    "center": [
                        -39.35070037841797, 
                        199.10226440429688, 
                        -14.216848373413086
                    ]
                }, 
                {
                    "length": 16.48296546936035, 
                    "direction": [
                        -0.331927627325058, 
                        -0.07864268869161606, 
                        -0.9400209784507751
                    ], 
                    "center": [
                        -31.83517074584961, 
                        195.7603302001953, 
                        0.5078456401824951
                    ]
                }
            ]
        }
    ], 
    "hand": {
        "grab_strength": 1.0, 
        "wrist_position": [
            -27.292034149169922, 
            222.8174591064453, 
            53.24711990356445
        ], 
        "palm_width": 87.01065063476562, 
        "palm_velocity": [
            25.296173095703125, 
            -3.7115840911865234, 
            -3.2397096157073975
        ], 
        "palm_normal": [
            0.02783491648733616, 
            -0.971371054649353, 
            -0.23593108355998993
        ], 
        "is_left": true, 
        "palm_position": [
            -18.163042068481445, 
            231.17181396484375, 
            2.41810941696167
        ], 
        "pinch_strength": 0.29974380135536194, 
        "is_right": false
    }
}