{
    "timestamp": 33137764782, 
    "id": 506910, 
    "fingers": [
        {
            "type": 0, 
            "bone": [
                {
                    "length": 0.0, 
                    "direction": [
                        0.0, 
                        0.0, 
                        0.0
                    ], 
                    "center": [
                        -7.809749603271484, 
                        176.9645538330078, 
                        47.74729919433594
                    ]
                }, 
                {
                    "length": 47.7345085144043, 
                    "direction": [
                        -0.5450893044471741, 
                        -0.1150844544172287, 
                        0.8304415941238403
                    ], 
                    "center": [
                        5.200035095214844, 
                        179.7113037109375, 
                        27.926939010620117
                    ]
                }, 
                {
                    "length": 32.604469299316406, 
                    "direction": [
                        -0.240076944231987, 
                        0.0671158954501152, 
                        0.9684308767318726
                    ], 
                    "center": [
                        22.123611450195312, 
                        181.36392211914062, 
                        -7.681009769439697
                    ]
                }, 
                {
                    "length": 22.380069732666016, 
                    "direction": [
                        0.44070202112197876, 
                        0.38297465443611145, 
                        0.811857283115387
                    ], 
                    "center": [
                        21.10593032836914, 
                        175.98428344726562, 
                        -32.553306579589844
                    ]
                }
            ]
        }, 
        {
            "type": 1, 
            "bone": [
                {
                    "length": 70.35211181640625, 
                    "direction": [
                        -0.1882268190383911, 
                        -0.05425003543496132, 
                        0.980626106262207
                    ], 
                    "center": [
                        -11.284977912902832, 
                        197.95108032226562, 
                        6.331963539123535
                    ]
                }, 
                {
                    "length": 41.0834846496582, 
                    "direction": [
                        -0.13421273231506348, 
                        0.981130838394165, 
                        0.13917334377765656
                    ], 
                    "center": [
                        -1.906937599182129, 
                        179.70523071289062, 
                        -31.02145767211914
                    ]
                }, 
                {
                    "length": 23.11333656311035, 
                    "direction": [
                        0.2055245041847229, 
                        0.4064926207065582, 
                        -0.8902378082275391
                    ], 
                    "center": [
                        -1.5251529216766357, 
                        154.8533935546875, 
                        -23.592138290405273
                    ]
                }, 
                {
                    "length": 16.338380813598633, 
                    "direction": [
                        0.2752942442893982, 
                        -0.13310177624225616, 
                        -0.9521013498306274
                    ], 
                    "center": [
                        -6.149262428283691, 
                        151.2430419921875, 
                        -5.526058197021484
                    ]
                }
            ]
        }, 
        {
            "type": 2, 
            "bone": [
                {
                    "length": 66.7167739868164, 
                    "direction": [
                        -0.05297788232564926, 
                        -0.03891705349087715, 
                        0.9978370666503906
                    ], 
                    "center": [
                        -27.578628540039062, 
                        197.84707641601562, 
                        4.798020362854004
                    ]
                }, 
                {
                    "length": 46.0924186706543, 
                    "direction": [
                        -0.28368890285491943, 
                        0.9471072554588318, 
                        0.15002819895744324
                    ], 
                    "center": [
                        -19.27341651916504, 
                        177.31805419921875, 
                        -31.945796966552734
                    ]
                }, 
                {
                    "length": 27.19276237487793, 
                    "direction": [
                        -0.01671292632818222, 
                        0.40264633297920227, 
                        -0.9152029752731323
                    ], 
                    "center": [
                        -12.508228302001953, 
                        150.0162811279297, 
                        -22.959928512573242
                    ]
                }, 
                {
                    "length": 17.970151901245117, 
                    "direction": [
                        0.1393147110939026, 
                        -0.12398743629455566, 
                        -0.9824553728103638
                    ], 
                    "center": [
                        -13.532745361328125, 
                        145.65579223632812, 
                        -1.6890418529510498
                    ]
                }
            ]
        }, 
        {
            "type": 3, 
            "bone": [
                {
                    "length": 59.900508880615234, 
                    "direction": [
                        0.09654050320386887, 
                        -0.017968280240893364, 
                        0.9951667785644531
                    ], 
                    "center": [
                        -43.65675354003906, 
                        194.76052856445312, 
                        6.795513153076172
                    ]
                }, 
                {
                    "length": 42.72557830810547, 
                    "direction": [
                        -0.3294236958026886, 
                        0.924124002456665, 
                        0.19358417391777039
                    ], 
                    "center": [
                        -39.51075744628906, 
                        175.5568084716797, 
                        -27.145484924316406
                    ]
                }, 
                {
                    "length": 26.490488052368164, 
                    "direction": [
                        -0.20109622180461884, 
                        0.38690483570098877, 
                        -0.8999249339103699
                    ], 
                    "center": [
                        -29.809778213500977, 
                        150.69029235839844, 
                        -19.361257553100586
                    ]
                }, 
                {
                    "length": 17.86687660217285, 
                    "direction": [
                        -0.015111361630260944, 
                        -0.13169346749782562, 
                        -0.9911752343177795
                    ], 
                    "center": [
                        -27.011213302612305, 
                        146.74212646484375, 
                        1.4130713939666748
                    ]
                }
            ]
        }, 
        {
            "type": 4, 
            "bone": [
                {
                    "length": 55.44927978515625, 
                    "direction": [
                        0.23906946182250977, 
                        -0.037475742399692535, 
                        0.9702790379524231
                    ], 
                    "center": [
                        -57.711578369140625, 
                        186.4065399169922, 
                        10.297094345092773
                    ]
                }, 
                {
                    "length": 33.81280517578125, 
                    "direction": [
                        -0.4057406783103943, 
                        0.8646917939186096, 
                        0.296112596988678
                    ], 
                    "center": [
                        -57.48007583618164, 
                        172.82672119140625, 
                        -21.6097412109375
                    ]
                }, 
                {
                    "length": 18.703418731689453, 
                    "direction": [
                        -0.5497095584869385, 
                        0.2975262701511383, 
                        -0.7805750370025635
                    ], 
                    "center": [
                        -45.479736328125, 
                        155.42550659179688, 
                        -19.31622886657715
                    ]
                }, 
                {
                    "length": 16.482969284057617, 
                    "direction": [
                        -0.31206053495407104, 
                        -0.19158272445201874, 
                        -0.9305451512336731
                    ], 
                    "center": [
                        -37.76716995239258, 
                        154.2220458984375, 
                        -4.3474440574646
                    ]
                }
            ]
        }
    ], 
    "hand": {
        "grab_strength": 1.0, 
        "wrist_position": [
            -36.1915168762207, 
            184.07000732421875, 
            45.61773681640625
        ], 
        "palm_width": 87.01065063476562, 
        "palm_velocity": [
            48.15120315551758, 
            36.17951202392578, 
            -49.5026741027832
        ], 
        "palm_normal": [
            0.1333504468202591, 
            -0.9746605753898621, 
            -0.17959514260292053
        ], 
        "is_left": true, 
        "palm_position": [
            -28.210613250732422, 
            190.3789825439453, 
            -5.697213649749756
        ], 
        "pinch_strength": 0.3180801272392273, 
        "is_right": false
    }
}