{
    "timestamp": 33137741730, 
    "id": 506908, 
    "fingers": [
        {
            "type": 0, 
            "bone": [
                {
                    "length": 0.0, 
                    "direction": [
                        0.0, 
                        0.0, 
                        0.0
                    ], 
                    "center": [
                        -8.267905235290527, 
                        176.55978393554688, 
                        48.881187438964844
                    ]
                }, 
                {
                    "length": 47.7345085144043, 
                    "direction": [
                        -0.5352429151535034, 
                        -0.1210048720240593, 
                        0.8359861373901367
                    ], 
                    "center": [
                        4.506873607635498, 
                        179.44784545898438, 
                        28.92849349975586
                    ]
                }, 
                {
                    "length": 32.60446548461914, 
                    "direction": [
                        -0.23015911877155304, 
                        0.06721652299165726, 
                        0.9708288311958313
                    ], 
                    "center": [
                        21.03376007080078, 
                        181.2401123046875, 
                        -6.850878715515137
                    ]
                }, 
                {
                    "length": 22.38007164001465, 
                    "direction": [
                        0.4440571367740631, 
                        0.3927646279335022, 
                        0.8053256273269653
                    ], 
                    "center": [
                        19.816852569580078, 
                        175.74928283691406, 
                        -31.689178466796875
                    ]
                }
            ]
        }, 
        {
            "type": 1, 
            "bone": [
                {
                    "length": 70.35211181640625, 
                    "direction": [
                        -0.1773700714111328, 
                        -0.05347616598010063, 
                        0.9826902747154236
                    ], 
                    "center": [
                        -12.482812881469727, 
                        197.33880615234375, 
                        7.4299163818359375
                    ]
                }, 
                {
                    "length": 41.08348846435547, 
                    "direction": [
                        -0.14822371304035187, 
                        0.9791262149810791, 
                        0.1390734612941742
                    ], 
                    "center": [
                        -3.198859930038452, 
                        179.10693359375, 
                        -29.994064331054688
                    ]
                }, 
                {
                    "length": 23.11333465576172, 
                    "direction": [
                        0.19070816040039062, 
                        0.4082995355129242, 
                        -0.8927047848701477
                    ], 
                    "center": [
                        -2.358036994934082, 
                        154.275390625, 
                        -22.534183502197266
                    ]
                }, 
                {
                    "length": 16.338380813598633, 
                    "direction": [
                        0.26837608218193054, 
                        -0.1309378743171692, 
                        -0.9543738961219788
                    ], 
                    "center": [
                        -6.754403114318848, 
                        150.62646484375, 
                        -4.421028137207031
                    ]
                }
            ]
        }, 
        {
            "type": 2, 
            "bone": [
                {
                    "length": 66.7167739868164, 
                    "direction": [
                        -0.04220021516084671, 
                        -0.036038968712091446, 
                        0.998458981513977
                    ], 
                    "center": [
                        -28.787818908691406, 
                        196.98306274414062, 
                        6.063538551330566
                    ]
                }, 
                {
                    "length": 46.092403411865234, 
                    "direction": [
                        -0.29642945528030396, 
                        0.9432982206344604, 
                        0.14939256012439728
                    ], 
                    "center": [
                        -20.54851531982422, 
                        176.44583129882812, 
                        -30.686370849609375
                    ]
                }, 
                {
                    "length": 27.192768096923828, 
                    "direction": [
                        -0.03216571360826492, 
                        0.398736834526062, 
                        -0.9165011048316956
                    ], 
                    "center": [
                        -13.279603958129883, 
                        149.28500366210938, 
                        -21.668201446533203
                    ]
                }, 
                {
                    "length": 17.970151901245117, 
                    "direction": [
                        0.13109727203845978, 
                        -0.12569671869277954, 
                        -0.9833686351776123
                    ], 
                    "center": [
                        -14.020185470581055, 
                        144.99302673339844, 
                        -0.3714580535888672
                    ]
                }
            ]
        }, 
        {
            "type": 3, 
            "bone": [
                {
                    "length": 59.900508880615234, 
                    "direction": [
                        0.10694880783557892, 
                        -0.012844529934227467, 
                        0.9941814541816711
                    ], 
                    "center": [
                        -44.7961540222168, 
                        193.66140747070312, 
                        8.236701011657715
                    ]
                }, 
                {
                    "length": 42.7255973815918, 
                    "direction": [
                        -0.3416820168495178, 
                        0.9200473427772522, 
                        0.19174544513225555
                    ], 
                    "center": [
                        -40.70001220703125, 
                        174.39132690429688, 
                        -25.635509490966797
                    ]
                }, 
                {
                    "length": 26.490480422973633, 
                    "direction": [
                        -0.2152923345565796, 
                        0.3787722587585449, 
                        -0.9001004695892334
                    ], 
                    "center": [
                        -30.549131393432617, 
                        149.7196044921875, 
                        -17.809680938720703
                    ]
                }, 
                {
                    "length": 17.86687660217285, 
                    "direction": [
                        -0.022488443180918694, 
                        -0.13685521483421326, 
                        -0.9903357028961182
                    ], 
                    "center": [
                        -27.496633529663086, 
                        145.92526245117188, 
                        2.959469795227051
                    ]
                }
            ]
        }, 
        {
            "type": 4, 
            "bone": [
                {
                    "length": 55.44927978515625, 
                    "direction": [
                        0.24949544668197632, 
                        -0.030288195237517357, 
                        0.9679021835327148
                    ], 
                    "center": [
                        -58.68642807006836, 
                        185.10903930664062, 
                        11.911685943603516
                    ]
                }, 
                {
                    "length": 33.81279754638672, 
                    "direction": [
                        -0.41600632667541504, 
                        0.8595804572105408, 
                        0.2967492938041687
                    ], 
                    "center": [
                        -58.570430755615234, 
                        171.41636657714844, 
                        -19.94001579284668
                    ]
                }, 
                {
                    "length": 18.70341682434082, 
                    "direction": [
                        -0.5618414282798767, 
                        0.285856693983078, 
                        -0.7762861847877502
                    ], 
                    "center": [
                        -46.283084869384766, 
                        154.21070861816406, 
                        -17.697376251220703
                    ]
                }, 
                {
                    "length": 16.48296546936035, 
                    "direction": [
                        -0.3182690441608429, 
                        -0.20004765689373016, 
                        -0.9266530871391296
                    ], 
                    "center": [
                        -38.40589904785156, 
                        153.1861572265625, 
                        -2.8007781505584717
                    ]
                }
            ]
        }
    ], 
    "hand": {
        "grab_strength": 1.0, 
        "wrist_position": [
            -36.77425003051758, 
            183.2278594970703, 
            47.01777648925781
        ], 
        "palm_width": 87.01065063476562, 
        "palm_velocity": [
            43.9852294921875, 
            33.06663513183594, 
            -43.464595794677734
        ], 
        "palm_normal": [
            0.14625318348407745, 
            -0.9731898307800293, 
            -0.17751486599445343
        ], 
        "is_left": true, 
        "palm_position": [
            -29.4136962890625, 
            189.4676971435547, 
            -4.398257255554199
        ], 
        "pinch_strength": 0.3199986219406128, 
        "is_right": false
    }
}