{
    "timestamp": 33137788029, 
    "id": 506912, 
    "fingers": [
        {
            "type": 0, 
            "bone": [
                {
                    "length": 0.0, 
                    "direction": [
                        0.0, 
                        0.0, 
                        0.0
                    ], 
                    "center": [
                        -7.236578464508057, 
                        177.50784301757812, 
                        46.76189041137695
                    ]
                }, 
                {
                    "length": 47.7345085144043, 
                    "direction": [
                        -0.551173210144043, 
                        -0.10521209239959717, 
                        0.8277309536933899
                    ], 
                    "center": [
                        5.918412208557129, 
                        180.0189666748047, 
                        27.0062255859375
                    ]
                }, 
                {
                    "length": 32.60446548461914, 
                    "direction": [
                        -0.24703356623649597, 
                        0.07282359153032303, 
                        0.9662665724754333
                    ], 
                    "center": [
                        23.100601196289062, 
                        181.3428955078125, 
                        -8.501742362976074
                    ]
                }, 
                {
                    "length": 22.380069732666016, 
                    "direction": [
                        0.4374708831310272, 
                        0.38016971945762634, 
                        0.8149173259735107
                    ], 
                    "center": [
                        22.232486724853516, 
                        175.901611328125, 
                        -33.37299728393555
                    ]
                }
            ]
        }, 
        {
            "type": 1, 
            "bone": [
                {
                    "length": 70.35211181640625, 
                    "direction": [
                        -0.19528783857822418, 
                        -0.04881277680397034, 
                        0.9795305132865906
                    ], 
                    "center": [
                        -10.201773643493652, 
                        198.3920440673828, 
                        5.255270957946777
                    ]
                }, 
                {
                    "length": 41.08348846435547, 
                    "direction": [
                        -0.12358985096216202, 
                        0.9833012223243713, 
                        0.13358259201049805
                    ], 
                    "center": [
                        -0.7935667037963867, 
                        179.91036987304688, 
                        -31.94477081298828
                    ]
                }, 
                {
                    "length": 23.113332748413086, 
                    "direction": [
                        0.21562449634075165, 
                        0.3997034728527069, 
                        -0.8909226059913635
                    ], 
                    "center": [
                        -0.7467161417007446, 
                        155.0924072265625, 
                        -24.39269256591797
                    ]
                }, 
                {
                    "length": 16.33837890625, 
                    "direction": [
                        0.27944496273994446, 
                        -0.14042840898036957, 
                        -0.9498369693756104
                    ], 
                    "center": [
                        -5.521455764770508, 
                        151.62034606933594, 
                        -6.3371992111206055
                    ]
                }
            ]
        }, 
        {
            "type": 2, 
            "bone": [
                {
                    "length": 66.7167739868164, 
                    "direction": [
                        -0.05999098718166351, 
                        -0.034944821149110794, 
                        0.9975870251655579
                    ], 
                    "center": [
                        -26.485092163085938, 
                        198.46624755859375, 
                        3.613676071166992
                    ]
                }, 
                {
                    "length": 46.092403411865234, 
                    "direction": [
                        -0.2740199565887451, 
                        0.9506600499153137, 
                        0.1454600840806961
                    ], 
                    "center": [
                        -18.168771743774414, 
                        177.7228546142578, 
                        -33.01652145385742
                    ]
                }, 
                {
                    "length": 27.19276237487793, 
                    "direction": [
                        -0.006142455153167248, 
                        0.400178462266922, 
                        -0.9164166450500488
                    ], 
                    "center": [
                        -11.770136833190918, 
                        150.37277221679688, 
                        -23.90887451171875
                    ]
                }, 
                {
                    "length": 17.970151901245117, 
                    "direction": [
                        0.14443781971931458, 
                        -0.12849880754947662, 
                        -0.9811348915100098
                    ], 
                    "center": [
                        -12.984406471252441, 
                        146.08636474609375, 
                        -2.6333513259887695
                    ]
                }
            ]
        }, 
        {
            "type": 3, 
            "bone": [
                {
                    "length": 59.900508880615234, 
                    "direction": [
                        0.08976848423480988, 
                        -0.0156896710395813, 
                        0.9958390593528748
                    ], 
                    "center": [
                        -42.609825134277344, 
                        195.56764221191406, 
                        5.514710426330566
                    ]
                }, 
                {
                    "length": 42.725589752197266, 
                    "direction": [
                        -0.32025420665740967, 
                        0.9284340739250183, 
                        0.18827474117279053
                    ], 
                    "center": [
                        -38.456886291503906, 
                        176.20361328125, 
                        -28.332996368408203
                    ]
                }, 
                {
                    "length": 26.490478515625, 
                    "direction": [
                        -0.19078181684017181, 
                        0.38603463768959045, 
                        -0.9025406837463379
                    ], 
                    "center": [
                        -29.088411331176758, 
                        151.25653076171875, 
                        -20.400705337524414
                    ]
                }, 
                {
                    "length": 17.86687660217285, 
                    "direction": [
                        -0.010064704343676567, 
                        -0.13491401076316833, 
                        -0.9908061623573303
                    ], 
                    "center": [
                        -26.471548080444336, 
                        147.34866333007812, 
                        0.4049663543701172
                    ]
                }
            ]
        }, 
        {
            "type": 4, 
            "bone": [
                {
                    "length": 55.44927978515625, 
                    "direction": [
                        0.2322293370962143, 
                        -0.03688409551978111, 
                        0.9719614386558533
                    ], 
                    "center": [
                        -56.78075408935547, 
                        187.38427734375, 
                        8.950617790222168
                    ]
                }, 
                {
                    "length": 33.812801361083984, 
                    "direction": [
                        -0.39763328433036804, 
                        0.8701486587524414, 
                        0.2910822927951813
                    ], 
                    "center": [
                        -56.496681213378906, 
                        173.69580078125, 
                        -22.917818069458008
                    ]
                }, 
                {
                    "length": 18.703418731689453, 
                    "direction": [
                        -0.5413511991500854, 
                        0.3016054034233093, 
                        -0.7848395705223083
                    ], 
                    "center": [
                        -44.711570739746094, 
                        156.1641845703125, 
                        -20.499380111694336
                    ]
                }, 
                {
                    "length": 16.482967376708984, 
                    "direction": [
                        -0.30833080410957336, 
                        -0.1907745897769928, 
                        -0.9319534301757812
                    ], 
                    "center": [
                        -37.10791015625, 
                        154.91592407226562, 
                        -5.479110240936279
                    ]
                }
            ]
        }
    ], 
    "hand": {
        "grab_strength": 1.0, 
        "wrist_position": [
            -35.52174758911133, 
            184.92507934570312, 
            44.42070770263672
        ], 
        "palm_width": 87.01065063476562, 
        "palm_velocity": [
            47.48433303833008, 
            30.012317657470703, 
            -50.141788482666016
        ], 
        "palm_normal": [
            0.12353093177080154, 
            -0.9767013788223267, 
            -0.175483837723732
        ], 
        "is_left": true, 
        "palm_position": [
            -27.132055282592773, 
            190.97032165527344, 
            -6.860772132873535
        ], 
        "pinch_strength": 0.31584790349006653, 
        "is_right": false
    }
}