{
    "timestamp": 33137799863, 
    "id": 506913, 
    "fingers": [
        {
            "type": 0, 
            "bone": [
                {
                    "length": 0.0, 
                    "direction": [
                        0.0, 
                        0.0, 
                        0.0
                    ], 
                    "center": [
                        -6.896788120269775, 
                        177.85858154296875, 
                        46.326690673828125
                    ]
                }, 
                {
                    "length": 47.73451232910156, 
                    "direction": [
                        -0.5533182621002197, 
                        -0.09998021274805069, 
                        0.8269478678703308
                    ], 
                    "center": [
                        6.30940055847168, 
                        180.24484252929688, 
                        26.58971405029297
                    ]
                }, 
                {
                    "length": 32.60446548461914, 
                    "direction": [
                        -0.2501010596752167, 
                        0.07638318091630936, 
                        0.9652020931243896
                    ], 
                    "center": [
                        23.59279441833496, 
                        181.3858642578125, 
                        -8.882209777832031
                    ]
                }, 
                {
                    "length": 22.38007164001465, 
                    "direction": [
                        0.43503594398498535, 
                        0.38005581498146057, 
                        0.8162728548049927
                    ], 
                    "center": [
                        22.80193328857422, 
                        175.8878173828125, 
                        -33.75128173828125
                    ]
                }
            ]
        }, 
        {
            "type": 1, 
            "bone": [
                {
                    "length": 70.35211181640625, 
                    "direction": [
                        -0.19803442060947418, 
                        -0.04516899585723877, 
                        0.9791537523269653
                    ], 
                    "center": [
                        -9.665119171142578, 
                        198.63604736328125, 
                        4.752959251403809
                    ]
                }, 
                {
                    "length": 41.08348083496094, 
                    "direction": [
                        -0.11950436979532242, 
                        0.9843183755874634, 
                        0.12975366413593292
                    ], 
                    "center": [
                        -0.24422132968902588, 
                        180.00531005859375, 
                        -32.35517501831055
                    ]
                }, 
                {
                    "length": 23.11333656311035, 
                    "direction": [
                        0.21941666305065155, 
                        0.39548689126968384, 
                        -0.8918780088424683
                    ], 
                    "center": [
                        -0.32511913776397705, 
                        155.21517944335938, 
                        -24.713403701782227
                    ]
                }, 
                {
                    "length": 16.338380813598633, 
                    "direction": [
                        0.28094714879989624, 
                        -0.1448972225189209, 
                        -0.9487220048904419
                    ], 
                    "center": [
                        -5.1559553146362305, 
                        151.828369140625, 
                        -6.655975818634033
                    ]
                }
            ]
        }, 
        {
            "type": 2, 
            "bone": [
                {
                    "length": 66.7167739868164, 
                    "direction": [
                        -0.06272687017917633, 
                        -0.031826358288526535, 
                        0.9975231885910034
                    ], 
                    "center": [
                        -25.943660736083984, 
                        198.7749481201172, 
                        3.0687313079833984
                    ]
                }, 
                {
                    "length": 46.09241485595703, 
                    "direction": [
                        -0.2703968286514282, 
                        0.9521239995956421, 
                        0.14263711869716644
                    ], 
                    "center": [
                        -17.619571685791016, 
                        177.89376831054688, 
                        -33.49427795410156
                    ]
                }, 
                {
                    "length": 27.192758560180664, 
                    "direction": [
                        -0.00211631809361279, 
                        0.3982633948326111, 
                        -0.917268693447113
                    ], 
                    "center": [
                        -11.359174728393555, 
                        150.53598022460938, 
                        -24.309988021850586
                    ]
                }, 
                {
                    "length": 17.970151901245117, 
                    "direction": [
                        0.1464504897594452, 
                        -0.1313297599554062, 
                        -0.9804614186286926
                    ], 
                    "center": [
                        -12.646268844604492, 
                        146.30105590820312, 
                        -3.02893328666687
                    ]
                }
            ]
        }, 
        {
            "type": 3, 
            "bone": [
                {
                    "length": 59.900508880615234, 
                    "direction": [
                        0.08711745589971542, 
                        -0.013214915990829468, 
                        0.9961103200912476
                    ], 
                    "center": [
                        -42.08549499511719, 
                        195.9505615234375, 
                        4.936017036437988
                    ]
                }, 
                {
                    "length": 42.7255859375, 
                    "direction": [
                        -0.3166707158088684, 
                        0.9301980137825012, 
                        0.18561089038848877
                    ], 
                    "center": [
                        -37.929718017578125, 
                        176.4747314453125, 
                        -28.86290740966797
                    ]
                }, 
                {
                    "length": 26.4904842376709, 
                    "direction": [
                        -0.18708884716033936, 
                        0.38496318459510803, 
                        -0.9037705659866333
                    ], 
                    "center": [
                        -28.686708450317383, 
                        151.50418090820312, 
                        -20.8574161529541
                    ]
                }, 
                {
                    "length": 17.86687469482422, 
                    "direction": [
                        -0.008326120674610138, 
                        -0.13720965385437012, 
                        -0.9905070662498474
                    ], 
                    "center": [
                        -26.13429069519043, 
                        147.63099670410156, 
                        -0.03812265396118164
                    ]
                }
            ]
        }, 
        {
            "type": 4, 
            "bone": [
                {
                    "length": 55.44927978515625, 
                    "direction": [
                        0.22954793274402618, 
                        -0.03508466109633446, 
                        0.9726647734642029
                    ], 
                    "center": [
                        -56.30010223388672, 
                        187.83755493164062, 
                        8.358363151550293
                    ]
                }, 
                {
                    "length": 33.81279373168945, 
                    "direction": [
                        -0.39466017484664917, 
                        0.8726661205291748, 
                        0.2875712513923645
                    ], 
                    "center": [
                        -55.99195098876953, 
                        174.056640625, 
                        -23.470212936401367
                    ]
                }, 
                {
                    "length": 18.70341682434082, 
                    "direction": [
                        -0.538026750087738, 
                        0.301668256521225, 
                        -0.7870981097221375
                    ], 
                    "center": [
                        -44.28820037841797, 
                        156.48187255859375, 
                        -20.971294403076172
                    ]
                }, 
                {
                    "length": 16.48296546936035, 
                    "direction": [
                        -0.3067309558391571, 
                        -0.19212432205677032, 
                        -0.9322040677070618
                    ], 
                    "center": [
                        -36.72881317138672, 
                        155.24415588378906, 
                        -5.9278388023376465
                    ]
                }
            ]
        }
    ], 
    "hand": {
        "grab_strength": 1.0, 
        "wrist_position": [
            -35.143863677978516, 
            185.38955688476562, 
            43.8906135559082
        ], 
        "palm_width": 87.01065063476562, 
        "palm_velocity": [
            46.74738693237305, 
            27.868921279907227, 
            -48.155914306640625
        ], 
        "palm_normal": [
            0.11981415003538132, 
            -0.9777185320854187, 
            -0.17236903309822083
        ], 
        "is_left": true, 
        "palm_position": [
            -26.5954532623291, 
            191.25181579589844, 
            -7.385898113250732
        ], 
        "pinch_strength": 0.31424733996391296, 
        "is_right": false
    }
}