{
    "timestamp": 33137811026, 
    "id": 506914, 
    "fingers": [
        {
            "type": 0, 
            "bone": [
                {
                    "length": 0.0, 
                    "direction": [
                        0.0, 
                        0.0, 
                        0.0
                    ], 
                    "center": [
                        -6.517932415008545, 
                        178.18504333496094, 
                        45.82888412475586
                    ]
                }, 
                {
                    "length": 47.73451232910156, 
                    "direction": [
                        -0.5546600818634033, 
                        -0.0965576171875, 
                        0.8264555335044861
                    ], 
                    "center": [
                        6.720280647277832, 
                        180.48960876464844, 
                        26.10365867614746
                    ]
                }, 
                {
                    "length": 32.60446548461914, 
                    "direction": [
                        -0.25153839588165283, 
                        0.07790931314229965, 
                        0.9647064805030823
                    ], 
                    "center": [
                        24.059131622314453, 
                        181.52407836914062, 
                        -9.348434448242188
                    ]
                }, 
                {
                    "length": 22.380075454711914, 
                    "direction": [
                        0.4346247613430023, 
                        0.37791013717651367, 
                        0.8174871802330017
                    ], 
                    "center": [
                        23.296302795410156, 
                        176.025146484375, 
                        -34.22301483154297
                    ]
                }
            ]
        }, 
        {
            "type": 1, 
            "bone": [
                {
                    "length": 70.35211181640625, 
                    "direction": [
                        -0.1995830237865448, 
                        -0.04373794421553612, 
                        0.9789041876792908
                    ], 
                    "center": [
                        -9.126686096191406, 
                        198.95701599121094, 
                        4.242094039916992
                    ]
                }, 
                {
                    "length": 41.08349609375, 
                    "direction": [
                        -0.11458028852939606, 
                        0.9850648641586304, 
                        0.12852439284324646
                    ], 
                    "center": [
                        0.24753713607788086, 
                        180.26058959960938, 
                        -32.83201599121094
                    ]
                }, 
                {
                    "length": 23.113330841064453, 
                    "direction": [
                        0.2223842293024063, 
                        0.39332425594329834, 
                        -0.8920993804931641
                    ], 
                    "center": [
                        0.03119635581970215, 
                        155.48011779785156, 
                        -25.16243553161621
                    ]
                }, 
                {
                    "length": 16.338380813598633, 
                    "direction": [
                        0.28118565678596497, 
                        -0.14721988141536713, 
                        -0.9482936859130859
                    ], 
                    "center": [
                        -4.835882663726807, 
                        152.13726806640625, 
                        -7.105949878692627
                    ]
                }
            ]
        }, 
        {
            "type": 2, 
            "bone": [
                {
                    "length": 66.7167739868164, 
                    "direction": [
                        -0.0642358735203743, 
                        -0.031059037894010544, 
                        0.9974512457847595
                    ], 
                    "center": [
                        -25.40203857421875, 
                        199.17599487304688, 
                        2.5357093811035156
                    ]
                }, 
                {
                    "length": 46.09239959716797, 
                    "direction": [
                        -0.2658992409706116, 
                        0.9534591436386108, 
                        0.14217312633991241
                    ], 
                    "center": [
                        -17.131267547607422, 
                        178.23846435546875, 
                        -34.01420593261719
                    ]
                }, 
                {
                    "length": 27.192768096923828, 
                    "direction": [
                        0.0011222331086173654, 
                        0.39825257658958435, 
                        -0.917275071144104
                    ], 
                    "center": [
                        -11.018558502197266, 
                        150.8500518798828, 
                        -24.81913185119629
                    ]
                }, 
                {
                    "length": 17.970151901245117, 
                    "direction": [
                        0.1471872180700302, 
                        -0.13214746117591858, 
                        -0.9802412986755371
                    ], 
                    "center": [
                        -12.356304168701172, 
                        146.62261962890625, 
                        -3.5399653911590576
                    ]
                }
            ]
        }, 
        {
            "type": 3, 
            "bone": [
                {
                    "length": 59.900508880615234, 
                    "direction": [
                        0.0857008695602417, 
                        -0.013192499056458473, 
                        0.9962335228919983
                    ], 
                    "center": [
                        -41.560218811035156, 
                        196.43267822265625, 
                        4.382353782653809
                    ]
                }, 
                {
                    "length": 42.725582122802734, 
                    "direction": [
                        -0.3122943639755249, 
                        0.9318469762802124, 
                        0.18475253880023956
                    ], 
                    "center": [
                        -37.45550537109375, 
                        176.92092895507812, 
                        -29.40192413330078
                    ]
                }, 
                {
                    "length": 26.4904842376709, 
                    "direction": [
                        -0.18397997319698334, 
                        0.38547295331954956, 
                        -0.9041913747787476
                    ], 
                    "center": [
                        -28.347166061401367, 
                        151.9084014892578, 
                        -21.372520446777344
                    ]
                }, 
                {
                    "length": 17.86687660217285, 
                    "direction": [
                        -0.0077020395547151566, 
                        -0.1376110315322876, 
                        -0.9904564619064331
                    ], 
                    "center": [
                        -25.841501235961914, 
                        148.0320587158203, 
                        -0.5481061935424805
                    ]
                }
            ]
        }, 
        {
            "type": 4, 
            "bone": [
                {
                    "length": 55.449283599853516, 
                    "direction": [
                        0.22805263102054596, 
                        -0.035780325531959534, 
                        0.9729910492897034
                    ], 
                    "center": [
                        -55.81957244873047, 
                        188.39193725585938, 
                        7.789051055908203
                    ]
                }, 
                {
                    "length": 33.812808990478516, 
                    "direction": [
                        -0.390659898519516, 
                        0.8747383952140808, 
                        0.28673604130744934
                    ], 
                    "center": [
                        -55.53759765625, 
                        174.59524536132812, 
                        -24.034454345703125
                    ]
                }, 
                {
                    "length": 18.70341682434082, 
                    "direction": [
                        -0.5354934334754944, 
                        0.30405619740486145, 
                        -0.7879065275192261
                    ], 
                    "center": [
                        -43.92516326904297, 
                        156.96311950683594, 
                        -21.513858795166016
                    ]
                }, 
                {
                    "length": 16.48296356201172, 
                    "direction": [
                        -0.30646416544914246, 
                        -0.1909736692905426, 
                        -0.9325282573699951
                    ], 
                    "center": [
                        -36.391666412353516, 
                        155.69357299804688, 
                        -6.460171699523926
                    ]
                }
            ]
        }
    ], 
    "hand": {
        "grab_strength": 1.0, 
        "wrist_position": [
            -34.72392272949219, 
            185.8551025390625, 
            43.35108184814453
        ], 
        "palm_width": 87.01065063476562, 
        "palm_velocity": [
            46.64699172973633, 
            30.472871780395508, 
            -47.94842529296875
        ], 
        "palm_normal": [
            0.11518969386816025, 
            -0.9783800840377808, 
            -0.171766459941864
        ], 
        "is_left": true, 
        "palm_position": [
            -26.077024459838867, 
            191.6514129638672, 
            -7.916410446166992
        ], 
        "pinch_strength": 0.31313177943229675, 
        "is_right": false
    }
}