{
    "timestamp": 33137880442, 
    "id": 506920, 
    "fingers": [
        {
            "type": 0, 
            "bone": [
                {
                    "length": 0.0, 
                    "direction": [
                        0.0, 
                        0.0, 
                        0.0
                    ], 
                    "center": [
                        -4.266596794128418, 
                        179.44203186035156, 
                        43.596248626708984
                    ]
                }, 
                {
                    "length": 47.73451232910156, 
                    "direction": [
                        -0.5584153532981873, 
                        -0.06698240339756012, 
                        0.8268527984619141
                    ], 
                    "center": [
                        9.061246871948242, 
                        181.04071044921875, 
                        23.861541748046875
                    ]
                }, 
                {
                    "length": 32.60446548461914, 
                    "direction": [
                        -0.2620849907398224, 
                        0.09655150771141052, 
                        0.960202693939209
                    ], 
                    "center": [
                        26.661659240722656, 
                        181.06539916992188, 
                        -11.526613235473633
                    ]
                }, 
                {
                    "length": 22.38007164001465, 
                    "direction": [
                        0.42162787914276123, 
                        0.3749334514141083, 
                        0.8256239891052246
                    ], 
                    "center": [
                        26.21619987487793, 
                        175.29586791992188, 
                        -36.4188232421875
                    ]
                }
            ]
        }, 
        {
            "type": 1, 
            "bone": [
                {
                    "length": 70.35211944580078, 
                    "direction": [
                        -0.20606449246406555, 
                        -0.02766670286655426, 
                        0.9781472086906433
                    ], 
                    "center": [
                        -6.17411470413208, 
                        199.77239990234375, 
                        1.7539348602294922
                    ]
                }, 
                {
                    "length": 41.08348083496094, 
                    "direction": [
                        -0.09304915368556976, 
                        0.9889008402824402, 
                        0.11583226919174194
                    ], 
                    "center": [
                        2.9858129024505615, 
                        180.43185424804688, 
                        -35.03282165527344
                    ]
                }, 
                {
                    "length": 23.11333465576172, 
                    "direction": [
                        0.23560921847820282, 
                        0.37723907828330994, 
                        -0.8956443667411804
                    ], 
                    "center": [
                        2.174346923828125, 
                        155.75848388671875, 
                        -27.061555862426758
                    ]
                }, 
                {
                    "length": 16.338380813598633, 
                    "direction": [
                        0.28253427147865295, 
                        -0.16494107246398926, 
                        -0.9449702501296997
                    ], 
                    "center": [
                        -2.8565866947174072, 
                        152.74630737304688, 
                        -8.991250038146973
                    ]
                }
            ]
        }, 
        {
            "type": 2, 
            "bone": [
                {
                    "length": 66.7167739868164, 
                    "direction": [
                        -0.07057514041662216, 
                        -0.017789287492632866, 
                        0.9973477721214294
                    ], 
                    "center": [
                        -22.430553436279297, 
                        200.33389282226562, 
                        -0.05154228210449219
                    ]
                }, 
                {
                    "length": 46.092411041259766, 
                    "direction": [
                        -0.24640677869319916, 
                        0.9589278101921082, 
                        0.1405031979084015
                    ], 
                    "center": [
                        -14.397539138793945, 
                        178.82766723632812, 
                        -36.55952453613281
                    ]
                }, 
                {
                    "length": 27.192768096923828, 
                    "direction": [
                        0.013836163096129894, 
                        0.39732107520103455, 
                        -0.9175752997398376
                    ], 
                    "center": [
                        -8.906919479370117, 
                        151.32589721679688, 
                        -27.321882247924805
                    ]
                }, 
                {
                    "length": 17.970151901245117, 
                    "direction": [
                        0.14981655776500702, 
                        -0.13997973501682281, 
                        -0.9787546992301941
                    ], 
                    "center": [
                        -10.441154479980469, 
                        147.18148803710938, 
                        -6.0519914627075195
                    ]
                }
            ]
        }, 
        {
            "type": 3, 
            "bone": [
                {
                    "length": 59.900508880615234, 
                    "direction": [
                        0.0797281488776207, 
                        -0.003285324200987816, 
                        0.9968111515045166
                    ], 
                    "center": [
                        -38.6562614440918, 
                        197.97354125976562, 
                        1.7311439514160156
                    ]
                }, 
                {
                    "length": 42.725589752197266, 
                    "direction": [
                        -0.29118046164512634, 
                        0.9393309354782104, 
                        0.18130463361740112
                    ], 
                    "center": [
                        -34.82371139526367, 
                        178.00521850585938, 
                        -31.996780395507812
                    ]
                }, 
                {
                    "length": 26.4904842376709, 
                    "direction": [
                        -0.17410384118556976, 
                        0.38601210713386536, 
                        -0.9059153199195862
                    ], 
                    "center": [
                        -26.2972354888916, 
                        152.82565307617188, 
                        -23.870885848999023
                    ]
                }, 
                {
                    "length": 17.86687469482422, 
                    "direction": [
                        -0.008575069718062878, 
                        -0.14459185302257538, 
                        -0.9894542694091797
                    ], 
                    "center": [
                        -23.914583206176758, 
                        149.00453186035156, 
                        -3.032592296600342
                    ]
                }
            ]
        }, 
        {
            "type": 4, 
            "bone": [
                {
                    "length": 55.44927978515625, 
                    "direction": [
                        0.22166883945465088, 
                        -0.029314866289496422, 
                        0.9746811985969543
                    ], 
                    "center": [
                        -53.11095428466797, 
                        190.29364013671875, 
                        5.147154808044434
                    ]
                }, 
                {
                    "length": 33.812801361083984, 
                    "direction": [
                        -0.3700698912143707, 
                        0.8861191868782043, 
                        0.27900010347366333
                    ], 
                    "center": [
                        -53.000091552734375, 
                        176.12530517578125, 
                        -26.592418670654297
                    ]
                }, 
                {
                    "length": 18.703414916992188, 
                    "direction": [
                        -0.5258919596672058, 
                        0.3106619715690613, 
                        -0.7917870283126831
                    ], 
                    "center": [
                        -41.82555389404297, 
                        158.23898315429688, 
                        -23.904747009277344
                    ]
                }, 
                {
                    "length": 16.48296356201172, 
                    "direction": [
                        -0.3075105845928192, 
                        -0.19261962175369263, 
                        -0.9318450093269348
                    ], 
                    "center": [
                        -34.37322235107422, 
                        156.92123413085938, 
                        -8.820401191711426
                    ]
                }
            ]
        }
    ], 
    "hand": {
        "grab_strength": 1.0, 
        "wrist_position": [
            -32.27950668334961, 
            187.7090606689453, 
            40.861167907714844
        ], 
        "palm_width": 87.01065063476562, 
        "palm_velocity": [
            42.88451385498047, 
            14.802987098693848, 
            -33.312705993652344
        ], 
        "palm_normal": [
            0.09425652027130127, 
            -0.9826728701591492, 
            -0.15959253907203674
        ], 
        "is_left": true, 
        "palm_position": [
            -23.21428680419922, 
            192.70281982421875, 
            -10.4185152053833
        ], 
        "pinch_strength": 0.30690065026283264, 
        "is_right": false
    }
}