{
    "timestamp": 33129218010, 
    "id": 506192, 
    "fingers": [
        {
            "type": 0, 
            "bone": [
                {
                    "length": 0.0, 
                    "direction": [
                        0.0, 
                        0.0, 
                        0.0
                    ], 
                    "center": [
                        0.7105851173400879, 
                        212.3441925048828, 
                        54.99680709838867
                    ]
                }, 
                {
                    "length": 47.7345085144043, 
                    "direction": [
                        -0.557080864906311, 
                        -0.07948525249958038, 
                        0.8266456127166748
                    ], 
                    "center": [
                        14.006575584411621, 
                        214.2412872314453, 
                        35.26704406738281
                    ]
                }, 
                {
                    "length": 32.60446548461914, 
                    "direction": [
                        -0.24597753584384918, 
                        0.052380554378032684, 
                        0.967859148979187
                    ], 
                    "center": [
                        31.312549591064453, 
                        215.28445434570312, 
                        -0.2409815788269043
                    ]
                }, 
                {
                    "length": 22.38007164001465, 
                    "direction": [
                        0.3702407777309418, 
                        0.2618735432624817, 
                        0.8912598490715027
                    ], 
                    "center": [
                        31.17952537536621, 
                        211.5001678466797, 
                        -25.992477416992188
                    ]
                }
            ]
        }, 
        {
            "type": 1, 
            "bone": [
                {
                    "length": 70.35211181640625, 
                    "direction": [
                        -0.200881227850914, 
                        -0.0872448980808258, 
                        0.9757228493690491
                    ], 
                    "center": [
                        -0.015545845031738281, 
                        235.8814697265625, 
                        14.832015991210938
                    ]
                }, 
                {
                    "length": 41.0834846496582, 
                    "direction": [
                        -0.027699997648596764, 
                        0.9758895039558411, 
                        0.21650049090385437
                    ], 
                    "center": [
                        7.6196699142456055, 
                        218.9039306640625, 
                        -23.937362670898438
                    ]
                }, 
                {
                    "length": 23.113327026367188, 
                    "direction": [
                        0.24968531727790833, 
                        0.4541183114051819, 
                        -0.8552390336990356
                    ], 
                    "center": [
                        5.3031463623046875, 
                        193.609375, 
                        -18.50094985961914
                    ]
                }, 
                {
                    "length": 16.33837890625, 
                    "direction": [
                        0.2610965967178345, 
                        -0.08924662321805954, 
                        -0.9611782431602478
                    ], 
                    "center": [
                        0.2846696376800537, 
                        189.09036254882812, 
                        -0.7651934623718262
                    ]
                }
            ]
        }, 
        {
            "type": 2, 
            "bone": [
                {
                    "length": 66.7167739868164, 
                    "direction": [
                        -0.06490524858236313, 
                        -0.08851440250873566, 
                        0.993958055973053
                    ], 
                    "center": [
                        -16.201541900634766, 
                        237.7330780029297, 
                        13.272554397583008
                    ]
                }, 
                {
                    "length": 46.092403411865234, 
                    "direction": [
                        -0.17805369198322296, 
                        0.9544445872306824, 
                        0.23944194614887238
                    ], 
                    "center": [
                        -9.93294620513916, 
                        218.689453125, 
                        -25.402507781982422
                    ]
                }, 
                {
                    "length": 27.192764282226562, 
                    "direction": [
                        0.031011659651994705, 
                        0.489958792924881, 
                        -0.8711938858032227
                    ], 
                    "center": [
                        -6.251132011413574, 
                        190.03146362304688, 
                        -19.075653076171875
                    ]
                }, 
                {
                    "length": 17.970151901245117, 
                    "direction": [
                        0.13003581762313843, 
                        -0.05210191383957863, 
                        -0.9901394844055176
                    ], 
                    "center": [
                        -7.841159820556641, 
                        183.8379364013672, 
                        1.665910243988037
                    ]
                }
            ]
        }, 
        {
            "type": 3, 
            "bone": [
                {
                    "length": 59.9005126953125, 
                    "direction": [
                        0.08604444563388824, 
                        -0.08473548293113708, 
                        0.9926813244819641
                    ], 
                    "center": [
                        -32.54240798950195, 
                        236.4036865234375, 
                        15.07021427154541
                    ]
                }, 
                {
                    "length": 42.725582122802734, 
                    "direction": [
                        -0.2206665426492691, 
                        0.9325808882713318, 
                        0.2856556475162506
                    ], 
                    "center": [
                        -30.405406951904297, 
                        219.0189971923828, 
                        -20.763246536254883
                    ]
                }, 
                {
                    "length": 26.490488052368164, 
                    "direction": [
                        -0.14829689264297485, 
                        0.49944397807121277, 
                        -0.8535594344139099
                    ], 
                    "center": [
                        -23.727127075195312, 
                        192.481201171875, 
                        -15.56004524230957
                    ]
                }, 
                {
                    "length": 17.86687660217285, 
                    "direction": [
                        -0.020863231271505356, 
                        -0.036753036081790924, 
                        -0.9991065859794617
                    ], 
                    "center": [
                        -21.57651710510254, 
                        186.19427490234375, 
                        4.67101526260376
                    ]
                }
            ]
        }, 
        {
            "type": 4, 
            "bone": [
                {
                    "length": 55.44927978515625, 
                    "direction": [
                        0.22559572756290436, 
                        -0.11903303116559982, 
                        0.9669217467308044
                    ], 
                    "center": [
                        -47.48786163330078, 
                        229.53350830078125, 
                        18.07392692565918
                    ]
                }, 
                {
                    "length": 33.812801361083984, 
                    "direction": [
                        -0.29508328437805176, 
                        0.8823402523994446, 
                        0.366608202457428
                    ], 
                    "center": [
                        -48.753623962402344, 
                        217.91644287109375, 
                        -14.931657791137695
                    ]
                }, 
                {
                    "length": 18.703420639038086, 
                    "direction": [
                        -0.5107112526893616, 
                        0.42788100242614746, 
                        -0.7457156777381897
                    ], 
                    "center": [
                        -38.98880386352539, 
                        198.99783325195312, 
                        -14.155965805053711
                    ]
                }, 
                {
                    "length": 16.482967376708984, 
                    "direction": [
                        -0.3345233201980591, 
                        -0.07863156497478485, 
                        -0.9391013383865356
                    ], 
                    "center": [
                        -31.455810546875, 
                        195.6444549560547, 
                        0.557340145111084
                    ]
                }
            ]
        }
    ], 
    "hand": {
        "grab_strength": 1.0, 
        "wrist_position": [
            -26.654123306274414, 
            222.7660369873047, 
            53.234657287597656
        ], 
        "palm_width": 87.01065063476562, 
        "palm_velocity": [
            23.433612823486328, 
            -5.839901924133301, 
            -3.1112172603607178
        ], 
        "palm_normal": [
            0.022350644692778587, 
            -0.9718994498252869, 
            -0.23433290421962738
        ], 
        "is_left": true, 
        "palm_position": [
            -17.601621627807617, 
            230.98751831054688, 
            2.3703134059906006
        ], 
        "pinch_strength": 0.2995993196964264, 
        "is_right": false
    }
}