{
    "timestamp": 33137890904, 
    "id": 506921, 
    "fingers": [
        {
            "type": 0, 
            "bone": [
                {
                    "length": 0.0, 
                    "direction": [
                        0.0, 
                        0.0, 
                        0.0
                    ], 
                    "center": [
                        -3.7618820667266846, 
                        179.6252899169922, 
                        43.29563522338867
                    ]
                }, 
                {
                    "length": 47.7345085144043, 
                    "direction": [
                        -0.5576975345611572, 
                        -0.0604434572160244, 
                        0.8278406262397766
                    ], 
                    "center": [
                        9.54882526397705, 
                        181.06790161132812, 
                        23.537353515625
                    ]
                }, 
                {
                    "length": 32.60446548461914, 
                    "direction": [
                        -0.2626911699771881, 
                        0.10095582157373428, 
                        0.9595838785171509
                    ], 
                    "center": [
                        27.141986846923828, 
                        180.86471557617188, 
                        -11.864288330078125
                    ]
                }, 
                {
                    "length": 22.380069732666016, 
                    "direction": [
                        0.4197957515716553, 
                        0.37488096952438354, 
                        0.826580822467804
                    ], 
                    "center": [
                        26.726909637451172, 
                        175.02398681640625, 
                        -36.757118225097656
                    ]
                }
            ]
        }, 
        {
            "type": 1, 
            "bone": [
                {
                    "length": 70.35211181640625, 
                    "direction": [
                        -0.2055322527885437, 
                        -0.023821866139769554, 
                        0.9783603549003601
                    ], 
                    "center": [
                        -5.60763692855835, 
                        199.83819580078125, 
                        1.3936920166015625
                    ]
                }, 
                {
                    "length": 41.08348846435547, 
                    "direction": [
                        -0.08863329142332077, 
                        0.9896274209022522, 
                        0.11305568367242813
                    ], 
                    "center": [
                        3.442859649658203, 
                        180.3474884033203, 
                        -35.343528747558594
                    ]
                }, 
                {
                    "length": 23.11333656311035, 
                    "direction": [
                        0.23653307557106018, 
                        0.3736133873462677, 
                        -0.8969197273254395
                    ], 
                    "center": [
                        2.530007839202881, 
                        155.70108032226562, 
                        -27.300485610961914
                    ]
                }, 
                {
                    "length": 16.338380813598633, 
                    "direction": [
                        0.28104686737060547, 
                        -0.16895973682403564, 
                        -0.9447038769721985
                    ], 
                    "center": [
                        -2.4994518756866455, 
                        152.7636260986328, 
                        -9.217616081237793
                    ]
                }
            ]
        }, 
        {
            "type": 2, 
            "bone": [
                {
                    "length": 66.7167739868164, 
                    "direction": [
                        -0.06998790055513382, 
                        -0.01448442880064249, 
                        0.9974426627159119
                    ], 
                    "center": [
                        -21.862640380859375, 
                        200.46597290039062, 
                        -0.40283775329589844
                    ]
                }, 
                {
                    "length": 46.092403411865234, 
                    "direction": [
                        -0.24255235493183136, 
                        0.9595966935157776, 
                        0.14262755215168
                    ], 
                    "center": [
                        -13.938047409057617, 
                        178.8341064453125, 
                        -36.96293640136719
                    ]
                }, 
                {
                    "length": 27.19277000427246, 
                    "direction": [
                        0.014271813444793224, 
                        0.3990953862667084, 
                        -0.9167984127998352
                    ], 
                    "center": [
                        -8.542181968688965, 
                        151.29278564453125, 
                        -27.784818649291992
                    ]
                }, 
                {
                    "length": 17.970151901245117, 
                    "direction": [
                        0.14845988154411316, 
                        -0.1401979625225067, 
                        -0.9789301753044128
                    ], 
                    "center": [
                        -10.070150375366211, 
                        147.126220703125, 
                        -6.523913383483887
                    ]
                }
            ]
        }, 
        {
            "type": 3, 
            "bone": [
                {
                    "length": 59.900508880615234, 
                    "direction": [
                        0.08037746697664261, 
                        -0.0006452451343648136, 
                        0.9967642426490784
                    ], 
                    "center": [
                        -38.097408294677734, 
                        198.18258666992188, 
                        1.3975334167480469
                    ]
                }, 
                {
                    "length": 42.72559356689453, 
                    "direction": [
                        -0.2868463397026062, 
                        0.9410918951034546, 
                        0.1790674924850464
                    ], 
                    "center": [
                        -34.37689208984375, 
                        178.09756469726562, 
                        -32.281192779541016
                    ]
                }, 
                {
                    "length": 26.4904842376709, 
                    "direction": [
                        -0.1732538640499115, 
                        0.3843364715576172, 
                        -0.9067902565002441
                    ], 
                    "center": [
                        -25.954265594482422, 
                        152.902587890625, 
                        -24.095918655395508
                    ]
                }, 
                {
                    "length": 17.86687660217285, 
                    "direction": [
                        -0.010108046233654022, 
                        -0.14736059308052063, 
                        -0.989031195640564
                    ], 
                    "center": [
                        -23.569175720214844, 
                        149.12838745117188, 
                        -3.2498135566711426
                    ]
                }
            ]
        }, 
        {
            "type": 4, 
            "bone": [
                {
                    "length": 55.44927978515625, 
                    "direction": [
                        0.22218722105026245, 
                        -0.027367109432816505, 
                        0.9746198654174805
                    ], 
                    "center": [
                        -52.58354187011719, 
                        190.57681274414062, 
                        4.846046447753906
                    ]
                }, 
                {
                    "length": 33.81280517578125, 
                    "direction": [
                        -0.36522069573402405, 
                        0.8884530663490295, 
                        0.2779656946659088
                    ], 
                    "center": [
                        -52.569034576416016, 
                        176.31500244140625, 
                        -26.874338150024414
                    ]
                }, 
                {
                    "length": 18.703414916992188, 
                    "direction": [
                        -0.5256578326225281, 
                        0.3117837607860565, 
                        -0.7915016412734985
                    ], 
                    "center": [
                        -41.478668212890625, 
                        158.37875366210938, 
                        -24.171846389770508
                    ]
                }, 
                {
                    "length": 16.48296546936035, 
                    "direction": [
                        -0.30972766876220703, 
                        -0.1933101862668991, 
                        -0.9309672117233276
                    ], 
                    "center": [
                        -34.01025390625, 
                        157.05621337890625, 
                        -9.097404479980469
                    ]
                }
            ]
        }
    ], 
    "hand": {
        "grab_strength": 1.0, 
        "wrist_position": [
            -31.739885330200195, 
            188.00755310058594, 
            40.55404281616211
        ], 
        "palm_width": 87.01065063476562, 
        "palm_velocity": [
            45.22735595703125, 
            13.304652214050293, 
            -32.6962890625
        ], 
        "palm_normal": [
            0.08981626480817795, 
            -0.9835536479949951, 
            -0.15670132637023926
        ], 
        "is_left": true, 
        "palm_position": [
            -22.686927795410156, 
            192.80735778808594, 
            -10.746326446533203
        ], 
        "pinch_strength": 0.30551135540008545, 
        "is_right": false
    }
}