{
    "timestamp": 33137948540, 
    "id": 506926, 
    "fingers": [
        {
            "type": 0, 
            "bone": [
                {
                    "length": 0.0, 
                    "direction": [
                        0.0, 
                        0.0, 
                        0.0
                    ], 
                    "center": [
                        -1.315800666809082, 
                        180.2850341796875, 
                        41.41493606567383
                    ]
                }, 
                {
                    "length": 47.7345085144043, 
                    "direction": [
                        -0.5646523237228394, 
                        -0.03104565106332302, 
                        0.8247447609901428
                    ], 
                    "center": [
                        12.160898208618164, 
                        181.0260009765625, 
                        21.73054313659668
                    ]
                }, 
                {
                    "length": 32.60446548461914, 
                    "direction": [
                        -0.2714614272117615, 
                        0.12227869778871536, 
                        0.9546499848365784
                    ], 
                    "center": [
                        30.063026428222656, 
                        179.7735595703125, 
                        -13.516777992248535
                    ]
                }, 
                {
                    "length": 22.38007164001465, 
                    "direction": [
                        0.40791428089141846, 
                        0.3736727833747864, 
                        0.8330513834953308
                    ], 
                    "center": [
                        29.923877716064453, 
                        173.59873962402344, 
                        -38.401580810546875
                    ]
                }
            ]
        }, 
        {
            "type": 1, 
            "bone": [
                {
                    "length": 70.35211181640625, 
                    "direction": [
                        -0.2142070084810257, 
                        -0.006727980449795723, 
                        0.9767650961875916
                    ], 
                    "center": [
                        -2.3308849334716797, 
                        200.01071166992188, 
                        -0.7467575073242188
                    ]
                }, 
                {
                    "length": 41.08347702026367, 
                    "direction": [
                        -0.06683957576751709, 
                        0.9924021363258362, 
                        0.10329786688089371
                    ], 
                    "center": [
                        6.57707405090332, 
                        179.86170959472656, 
                        -37.227420806884766
                    ]
                }, 
                {
                    "length": 23.113330841064453, 
                    "direction": [
                        0.25129517912864685, 
                        0.3596746027469635, 
                        -0.8986016511917114
                    ], 
                    "center": [
                        5.04594087600708, 
                        155.31939697265625, 
                        -28.964500427246094
                    ]
                }, 
                {
                    "length": 16.33837890625, 
                    "direction": [
                        0.2837318480014801, 
                        -0.18533235788345337, 
                        -0.9408230781555176
                    ], 
                    "center": [
                        -0.17605292797088623, 
                        152.67678833007812, 
                        -10.893898010253906
                    ]
                }
            ]
        }, 
        {
            "type": 2, 
            "bone": [
                {
                    "length": 66.7167739868164, 
                    "direction": [
                        -0.0786433145403862, 
                        -0.0003597607428673655, 
                        0.9969027042388916
                    ], 
                    "center": [
                        -18.550819396972656, 
                        201.0001220703125, 
                        -2.691390037536621
                    ]
                }, 
                {
                    "length": 46.09239959716797, 
                    "direction": [
                        -0.22168374061584473, 
                        0.9656248092651367, 
                        0.13573871552944183
                    ], 
                    "center": [
                        -10.818438529968262, 
                        178.7581329345703, 
                        -39.0747184753418
                    ]
                }, 
                {
                    "length": 27.192768096923828, 
                    "direction": [
                        0.030788199976086617, 
                        0.39364397525787354, 
                        -0.9187472462654114
                    ], 
                    "center": [
                        -6.128078460693359, 
                        151.15200805664062, 
                        -29.71133804321289
                    ]
                }, 
                {
                    "length": 17.97015380859375, 
                    "direction": [
                        0.15355822443962097, 
                        -0.15135537087917328, 
                        -0.9764791131019592
                    ], 
                    "center": [
                        -7.926419258117676, 
                        147.15982055664062, 
                        -8.445958137512207
                    ]
                }
            ]
        }, 
        {
            "type": 3, 
            "bone": [
                {
                    "length": 59.900508880615234, 
                    "direction": [
                        0.07200870662927628, 
                        0.00991074088960886, 
                        0.9973547458648682
                    ], 
                    "center": [
                        -34.849708557128906, 
                        199.1238555908203, 
                        -1.0035581588745117
                    ]
                }, 
                {
                    "length": 42.7255859375, 
                    "direction": [
                        -0.2644765079021454, 
                        0.9470837116241455, 
                        0.1818917840719223
                    ], 
                    "center": [
                        -31.356430053710938, 
                        178.59466552734375, 
                        -34.76030349731445
                    ]
                }, 
                {
                    "length": 26.490482330322266, 
                    "direction": [
                        -0.1593867838382721, 
                        0.3924731910228729, 
                        -0.9058480262756348
                    ], 
                    "center": [
                        -23.595355987548828, 
                        153.16390991210938, 
                        -26.647842407226562
                    ]
                }, 
                {
                    "length": 17.86687469482422, 
                    "direction": [
                        -0.007328510750085115, 
                        -0.14826758205890656, 
                        -0.9889200925827026
                    ], 
                    "center": [
                        -21.41876983642578, 
                        149.29005432128906, 
                        -5.815211772918701
                    ]
                }
            ]
        }, 
        {
            "type": 4, 
            "bone": [
                {
                    "length": 55.44927978515625, 
                    "direction": [
                        0.21332401037216187, 
                        -0.020430807024240494, 
                        0.976767897605896
                    ], 
                    "center": [
                        -49.540672302246094, 
                        191.9063720703125, 
                        2.412792205810547
                    ]
                }, 
                {
                    "length": 33.81280517578125, 
                    "direction": [
                        -0.34194642305374146, 
                        0.8994207978248596, 
                        0.2722403407096863
                    ], 
                    "center": [
                        -49.673919677734375, 
                        177.266845703125, 
                        -29.27035140991211
                    ]
                }, 
                {
                    "length": 18.70341682434082, 
                    "direction": [
                        -0.5146093964576721, 
                        0.3217466175556183, 
                        -0.7947680354118347
                    ], 
                    "center": [
                        -39.080360412597656, 
                        159.05198669433594, 
                        -26.44051742553711
                    ]
                }, 
                {
                    "length": 16.48296356201172, 
                    "direction": [
                        -0.3104594945907593, 
                        -0.192587211728096, 
                        -0.9308733940124512
                    ], 
                    "center": [
                        -31.70923614501953, 
                        157.63031005859375, 
                        -11.336301803588867
                    ]
                }
            ]
        }
    ], 
    "hand": {
        "grab_strength": 1.0, 
        "wrist_position": [
            -29.062976837158203, 
            189.29147338867188, 
            38.32861328125
        ], 
        "palm_width": 87.01065063476562, 
        "palm_velocity": [
            54.369197845458984, 
            6.557397365570068, 
            -33.347354888916016
        ], 
        "palm_normal": [
            0.06774064898490906, 
            -0.9872835278511047, 
            -0.1438138484954834
        ], 
        "is_left": true, 
        "palm_position": [
            -19.470294952392578, 
            193.23446655273438, 
            -12.946674346923828
        ], 
        "pinch_strength": 0.3051023781299591, 
        "is_right": false
    }
}