{
    "timestamp": 33137936834, 
    "id": 506925, 
    "fingers": [
        {
            "type": 0, 
            "bone": [
                {
                    "length": 0.0, 
                    "direction": [
                        0.0, 
                        0.0, 
                        0.0
                    ], 
                    "center": [
                        -1.811375379562378, 
                        180.30636596679688, 
                        41.72816848754883
                    ]
                }, 
                {
                    "length": 47.73450469970703, 
                    "direction": [
                        -0.5631312727928162, 
                        -0.036572568118572235, 
                        0.8255578279495239
                    ], 
                    "center": [
                        11.629021644592285, 
                        181.17926025390625, 
                        22.024372100830078
                    ]
                }, 
                {
                    "length": 32.60446548461914, 
                    "direction": [
                        -0.2699315547943115, 
                        0.11869758367538452, 
                        0.955535352230072
                    ], 
                    "center": [
                        29.469905853271484, 
                        180.11709594726562, 
                        -13.256786346435547
                    ]
                }, 
                {
                    "length": 22.380069732666016, 
                    "direction": [
                        0.41033777594566345, 
                        0.3752893805503845, 
                        0.8311322927474976
                    ], 
                    "center": [
                        29.278697967529297, 
                        173.98257446289062, 
                        -38.134544372558594
                    ]
                }
            ]
        }, 
        {
            "type": 1, 
            "bone": [
                {
                    "length": 70.35211181640625, 
                    "direction": [
                        -0.21218012273311615, 
                        -0.008860676549375057, 
                        0.9771903157234192
                    ], 
                    "center": [
                        -3.0214650630950928, 
                        200.06692504882812, 
                        -0.4120464324951172
                    ]
                }, 
                {
                    "length": 41.08349609375, 
                    "direction": [
                        -0.07202359288930893, 
                        0.9919682741165161, 
                        0.10397879779338837
                    ], 
                    "center": [
                        5.921686172485352, 
                        180.00186157226562, 
                        -36.92165756225586
                    ]
                }, 
                {
                    "length": 23.11333656311035, 
                    "direction": [
                        0.2476748377084732, 
                        0.36154741048812866, 
                        -0.8988550901412964
                    ], 
                    "center": [
                        4.538880348205566, 
                        155.44680786132812, 
                        -28.66979217529297
                    ]
                }, 
                {
                    "length": 16.338380813598633, 
                    "direction": [
                        0.282990962266922, 
                        -0.18309466540813446, 
                        -0.941484272480011
                    ], 
                    "center": [
                        -0.6352229118347168, 
                        152.76425170898438, 
                        -10.590858459472656
                    ]
                }
            ]
        }, 
        {
            "type": 2, 
            "bone": [
                {
                    "length": 66.7167739868164, 
                    "direction": [
                        -0.07661314308643341, 
                        -0.0017606090987101197, 
                        0.9970593452453613
                    ], 
                    "center": [
                        -19.25055503845215, 
                        200.96827697753906, 
                        -2.322813034057617
                    ]
                }, 
                {
                    "length": 46.0923957824707, 
                    "direction": [
                        -0.22666439414024353, 
                        0.9643741846084595, 
                        0.13640305399894714
                    ], 
                    "center": [
                        -11.471111297607422, 
                        178.80184936523438, 
                        -38.72667694091797
                    ]
                }, 
                {
                    "length": 27.192766189575195, 
                    "direction": [
                        0.02674952708184719, 
                        0.3940322995185852, 
                        -0.9187072515487671
                    ], 
                    "center": [
                        -6.611056327819824, 
                        151.21926879882812, 
                        -29.379150390625
                    ]
                }, 
                {
                    "length": 17.970151901245117, 
                    "direction": [
                        0.15231995284557343, 
                        -0.1500103771686554, 
                        -0.9768804907798767
                    ], 
                    "center": [
                        -8.343358993530273, 
                        147.209716796875, 
                        -8.110710144042969
                    ]
                }
            ]
        }, 
        {
            "type": 3, 
            "bone": [
                {
                    "length": 59.900508880615234, 
                    "direction": [
                        0.07398029416799545, 
                        0.009344464167952538, 
                        0.9972158670425415
                    ], 
                    "center": [
                        -35.53532791137695, 
                        199.00006103515625, 
                        -0.6037740707397461
                    ]
                }, 
                {
                    "length": 42.725582122802734, 
                    "direction": [
                        -0.269663006067276, 
                        0.9462323784828186, 
                        0.17867855727672577
                    ], 
                    "center": [
                        -31.99030303955078, 
                        178.50604248046875, 
                        -34.287715911865234
                    ]
                }, 
                {
                    "length": 26.490488052368164, 
                    "direction": [
                        -0.16307206451892853, 
                        0.3878183960914612, 
                        -0.9071959257125854
                    ], 
                    "center": [
                        -24.069618225097656, 
                        153.15512084960938, 
                        -26.08875846862793
                    ]
                }, 
                {
                    "length": 17.86687660217285, 
                    "direction": [
                        -0.008440665900707245, 
                        -0.15093469619750977, 
                        -0.9885076880455017
                    ], 
                    "center": [
                        -21.834285736083984, 
                        149.36672973632812, 
                        -5.241954803466797
                    ]
                }
            ]
        }, 
        {
            "type": 4, 
            "bone": [
                {
                    "length": 55.449275970458984, 
                    "direction": [
                        0.21541942656040192, 
                        -0.020193325355648994, 
                        0.9763128757476807
                    ], 
                    "center": [
                        -50.179100036621094, 
                        191.69796752929688, 
                        2.83528995513916
                    ]
                }, 
                {
                    "length": 33.81281280517578, 
                    "direction": [
                        -0.34742164611816406, 
                        0.8974426984786987, 
                        0.27183589339256287
                    ], 
                    "center": [
                        -50.27787780761719, 
                        177.0852813720703, 
                        -28.828399658203125
                    ]
                }, 
                {
                    "length": 18.703414916992188, 
                    "direction": [
                        -0.5172425508499146, 
                        0.31792205572128296, 
                        -0.7945978045463562
                    ], 
                    "center": [
                        -39.56712341308594, 
                        158.93963623046875, 
                        -25.99332046508789
                    ]
                }, 
                {
                    "length": 16.48296546936035, 
                    "direction": [
                        -0.31032535433769226, 
                        -0.19451826810836792, 
                        -0.9305165410041809
                    ], 
                    "center": [
                        -32.172481536865234, 
                        157.56964111328125, 
                        -10.89363956451416
                    ]
                }
            ]
        }
    ], 
    "hand": {
        "grab_strength": 1.0, 
        "wrist_position": [
            -29.61425018310547, 
            189.16184997558594, 
            38.70693588256836
        ], 
        "palm_width": 87.01065063476562, 
        "palm_velocity": [
            52.55020523071289, 
            8.765376091003418, 
            -34.56478500366211
        ], 
        "palm_normal": [
            0.07291781902313232, 
            -0.9867532253265381, 
            -0.1449175328016281
        ], 
        "is_left": true, 
        "palm_position": [
            -20.147830963134766, 
            193.20758056640625, 
            -12.58381175994873
        ], 
        "pinch_strength": 0.30486395955085754, 
        "is_right": false
    }
}