{
    "timestamp": 33138040114, 
    "id": 506932, 
    "fingers": [
        {
            "type": 0, 
            "bone": [
                {
                    "length": 0.0, 
                    "direction": [
                        0.0, 
                        0.0, 
                        0.0
                    ], 
                    "center": [
                        2.8361504077911377, 
                        180.5397491455078, 
                        39.63900375366211
                    ]
                }, 
                {
                    "length": 47.73451232910156, 
                    "direction": [
                        -0.5683758854866028, 
                        0.00797710195183754, 
                        0.822730302810669
                    ], 
                    "center": [
                        16.401723861694336, 
                        180.349365234375, 
                        20.002689361572266
                    ]
                }, 
                {
                    "length": 32.60446548461914, 
                    "direction": [
                        -0.2756560146808624, 
                        0.1491178572177887, 
                        0.9496197700500488
                    ], 
                    "center": [
                        34.46110534667969, 
                        177.72801208496094, 
                        -15.114547729492188
                    ]
                }, 
                {
                    "length": 22.380067825317383, 
                    "direction": [
                        0.3996123671531677, 
                        0.3684147894382477, 
                        0.8393929600715637
                    ], 
                    "center": [
                        34.483238220214844, 
                        171.1744842529297, 
                        -39.988304138183594
                    ]
                }
            ]
        }, 
        {
            "type": 1, 
            "bone": [
                {
                    "length": 70.35211181640625, 
                    "direction": [
                        -0.219426691532135, 
                        0.014681181870400906, 
                        0.975518524646759
                    ], 
                    "center": [
                        2.7786121368408203, 
                        199.70797729492188, 
                        -2.7911386489868164
                    ]
                }, 
                {
                    "length": 41.08348846435547, 
                    "direction": [
                        -0.030910629779100418, 
                        0.9953122138977051, 
                        0.09164077788591385
                    ], 
                    "center": [
                        11.132136344909668, 
                        178.74610900878906, 
                        -38.988494873046875
                    ]
                }, 
                {
                    "length": 23.11333465576172, 
                    "direction": [
                        0.2685231864452362, 
                        0.34022256731987, 
                        -0.9011902213096619
                    ], 
                    "center": [
                        8.663861274719238, 
                        154.3688201904297, 
                        -30.456199645996094
                    ]
                }, 
                {
                    "length": 16.33837890625, 
                    "direction": [
                        0.2811969518661499, 
                        -0.2066258043050766, 
                        -0.9371413588523865
                    ], 
                    "center": [
                        3.263476610183716, 
                        152.12493896484375, 
                        -12.385759353637695
                    ]
                }
            ]
        }, 
        {
            "type": 2, 
            "bone": [
                {
                    "length": 66.7167739868164, 
                    "direction": [
                        -0.08382721990346909, 
                        0.016274770721793175, 
                        0.9963473677635193
                    ], 
                    "center": [
                        -13.382711410522461, 
                        201.273681640625, 
                        -4.842247009277344
                    ]
                }, 
                {
                    "length": 46.092403411865234, 
                    "direction": [
                        -0.18731756508350372, 
                        0.9736334085464478, 
                        0.13019248843193054
                    ], 
                    "center": [
                        -6.269412040710449, 
                        178.29222106933594, 
                        -41.07923126220703
                    ]
                }, 
                {
                    "length": 27.19276237487793, 
                    "direction": [
                        0.04936690255999565, 
                        0.38899168372154236, 
                        -0.9199175834655762
                    ], 
                    "center": [
                        -2.623664379119873, 
                        150.56478881835938, 
                        -31.572124481201172
                    ]
                }, 
                {
                    "length": 17.970149993896484, 
                    "direction": [
                        0.1530940979719162, 
                        -0.162766695022583, 
                        -0.9747149348258972
                    ], 
                    "center": [
                        -4.670437812805176, 
                        146.73837280273438, 
                        -10.306686401367188
                    ]
                }
            ]
        }, 
        {
            "type": 3, 
            "bone": [
                {
                    "length": 59.900508880615234, 
                    "direction": [
                        0.06709861755371094, 
                        0.020935440436005592, 
                        0.9975266456604004
                    ], 
                    "center": [
                        -29.748865127563477, 
                        200.02883911132812, 
                        -3.22292423248291
                    ]
                }, 
                {
                    "length": 42.72559356689453, 
                    "direction": [
                        -0.22919851541519165, 
                        0.955277681350708, 
                        0.18684926629066467
                    ], 
                    "center": [
                        -26.862163543701172, 
                        178.99441528320312, 
                        -37.09072494506836
                    ]
                }, 
                {
                    "length": 26.490482330322266, 
                    "direction": [
                        -0.13923341035842896, 
                        0.4048873782157898, 
                        -0.9037035703659058
                    ], 
                    "center": [
                        -20.121662139892578, 
                        153.22418212890625, 
                        -29.11257553100586
                    ]
                }, 
                {
                    "length": 17.86687469482422, 
                    "direction": [
                        -0.005911893676966429, 
                        -0.14677560329437256, 
                        -0.989152193069458
                    ], 
                    "center": [
                        -18.22467041015625, 
                        149.17257690429688, 
                        -8.3062744140625
                    ]
                }
            ]
        }, 
        {
            "type": 4, 
            "bone": [
                {
                    "length": 55.44927978515625, 
                    "direction": [
                        0.20728975534439087, 
                        -0.014925738796591759, 
                        0.9781657457351685
                    ], 
                    "center": [
                        -44.71653747558594, 
                        193.410888671875, 
                        0.20632171630859375
                    ]
                }, 
                {
                    "length": 33.81279373168945, 
                    "direction": [
                        -0.30302542448043823, 
                        0.9137513041496277, 
                        0.27061817049980164
                    ], 
                    "center": [
                        -45.34050750732422, 
                        178.37646484375, 
                        -31.488149642944336
                    ]
                }, 
                {
                    "length": 18.703418731689453, 
                    "direction": [
                        -0.5024541020393372, 
                        0.34169521927833557, 
                        -0.7942191958427429
                    ], 
                    "center": [
                        -35.51863098144531, 
                        159.7327880859375, 
                        -28.63602066040039
                    ]
                }, 
                {
                    "length": 16.48296546936035, 
                    "direction": [
                        -0.318685382604599, 
                        -0.18529336154460907, 
                        -0.9295730590820312
                    ], 
                    "center": [
                        -28.193387985229492, 
                        158.064453125, 
                        -13.547653198242188
                    ]
                }
            ]
        }
    ], 
    "hand": {
        "grab_strength": 1.0, 
        "wrist_position": [
            -24.539203643798828, 
            190.5295867919922, 
            36.271446228027344
        ], 
        "palm_width": 87.01065063476562, 
        "palm_velocity": [
            54.1319580078125, 
            1.1189167499542236, 
            -22.74436378479004
        ], 
        "palm_normal": [
            0.03161970525979996, 
            -0.9910048842430115, 
            -0.13003651797771454
        ], 
        "is_left": true, 
        "palm_position": [
            -14.537436485290527, 
            193.40736389160156, 
            -14.996526718139648
        ], 
        "pinch_strength": 0.30215492844581604, 
        "is_right": false
    }
}