{
    "timestamp": 33137994438, 
    "id": 506930, 
    "fingers": [
        {
            "type": 0, 
            "bone": [
                {
                    "length": 0.0, 
                    "direction": [
                        0.0, 
                        0.0, 
                        0.0
                    ], 
                    "center": [
                        0.6624959707260132, 
                        180.25770568847656, 
                        40.478431701660156
                    ]
                }, 
                {
                    "length": 47.7345085144043, 
                    "direction": [
                        -0.567023754119873, 
                        -0.009660430252552032, 
                        0.823644757270813
                    ], 
                    "center": [
                        14.195796966552734, 
                        180.48828125, 
                        20.820293426513672
                    ]
                }, 
                {
                    "length": 32.60446548461914, 
                    "direction": [
                        -0.274818480014801, 
                        0.13533815741539001, 
                        0.9519235491752625
                    ], 
                    "center": [
                        32.209251403808594, 
                        178.5125274658203, 
                        -14.356324195861816
                    ]
                }, 
                {
                    "length": 22.38007164001465, 
                    "direction": [
                        0.40009331703186035, 
                        0.3668009042739868, 
                        0.8398705124855042
                    ], 
                    "center": [
                        32.21234893798828, 
                        172.20169067382812, 
                        -39.27298355102539
                    ]
                }
            ]
        }, 
        {
            "type": 1, 
            "bone": [
                {
                    "length": 70.35211181640625, 
                    "direction": [
                        -0.21761558949947357, 
                        0.0024821085389703512, 
                        0.9760313630104065
                    ], 
                    "center": [
                        0.23705720901489258, 
                        199.812744140625, 
                        -1.772735595703125
                    ]
                }, 
                {
                    "length": 41.083492279052734, 
                    "direction": [
                        -0.04475940018892288, 
                        0.9940794110298157, 
                        0.09900795668363571
                    ], 
                    "center": [
                        8.811351776123047, 
                        179.3052978515625, 
                        -38.13946533203125
                    ]
                }, 
                {
                    "length": 23.113332748413086, 
                    "direction": [
                        0.2620454728603363, 
                        0.3500855565071106, 
                        -0.8993176221847534
                    ], 
                    "center": [
                        6.702415943145752, 
                        154.83935546875, 
                        -29.780149459838867
                    ]
                }, 
                {
                    "length": 16.33837890625, 
                    "direction": [
                        0.2822955250740051, 
                        -0.1958249807357788, 
                        -0.9391281604766846
                    ], 
                    "center": [
                        1.3679181337356567, 
                        152.3932647705078, 
                        -11.715119361877441
                    ]
                }
            ]
        }, 
        {
            "type": 2, 
            "bone": [
                {
                    "length": 66.7167739868164, 
                    "direction": [
                        -0.08201156556606293, 
                        0.005872813519090414, 
                        0.9966140389442444
                    ], 
                    "center": [
                        -15.94964599609375, 
                        201.16000366210938, 
                        -3.7783126831054688
                    ]
                }, 
                {
                    "length": 46.0924072265625, 
                    "direction": [
                        -0.20059159398078918, 
                        0.9705268144607544, 
                        0.1335691660642624
                    ], 
                    "center": [
                        -8.590996742248535, 
                        178.59713745117188, 
                        -40.102012634277344
                    ]
                }, 
                {
                    "length": 27.192768096923828, 
                    "direction": [
                        0.04249560460448265, 
                        0.3920980393886566, 
                        -0.9189413785934448
                    ], 
                    "center": [
                        -4.5459089279174805, 
                        150.89906311035156, 
                        -30.68599510192871
                    ]
                }, 
                {
                    "length": 17.97015380859375, 
                    "direction": [
                        0.15344862639904022, 
                        -0.15619704127311707, 
                        -0.9757335782051086
                    ], 
                    "center": [
                        -6.502443313598633, 
                        146.9713897705078, 
                        -9.424674034118652
                    ]
                }
            ]
        }, 
        {
            "type": 3, 
            "bone": [
                {
                    "length": 59.900508880615234, 
                    "direction": [
                        0.0688318982720375, 
                        0.012735757976770401, 
                        0.997546911239624
                    ], 
                    "center": [
                        -32.292449951171875, 
                        199.66038513183594, 
                        -2.1391754150390625
                    ]
                }, 
                {
                    "length": 42.725589752197266, 
                    "direction": [
                        -0.24311941862106323, 
                        0.9517892599105835, 
                        0.18705660104751587
                    ], 
                    "center": [
                        -29.16027069091797, 
                        178.94607543945312, 
                        -36.01201248168945
                    ]
                }, 
                {
                    "length": 26.490482330322266, 
                    "direction": [
                        -0.1472909301519394, 
                        0.40191054344177246, 
                        -0.9037550687789917
                    ], 
                    "center": [
                        -22.015655517578125, 
                        153.289794921875, 
                        -28.037609100341797
                    ]
                }, 
                {
                    "length": 17.86687469482422, 
                    "direction": [
                        -0.006603975780308247, 
                        -0.14498470723628998, 
                        -0.9894118905067444
                    ], 
                    "center": [
                        -20.005756378173828, 
                        149.2615966796875, 
                        -7.228306293487549
                    ]
                }
            ]
        }, 
        {
            "type": 4, 
            "bone": [
                {
                    "length": 55.44927978515625, 
                    "direction": [
                        0.20949336886405945, 
                        -0.020885687321424484, 
                        0.9775870442390442
                    ], 
                    "center": [
                        -47.15449142456055, 
                        192.79232788085938, 
                        1.257512092590332
                    ]
                }, 
                {
                    "length": 33.81281661987305, 
                    "direction": [
                        -0.3192487955093384, 
                        0.9074170589447021, 
                        0.27326643466949463
                    ], 
                    "center": [
                        -47.565269470214844, 
                        178.03021240234375, 
                        -30.46569061279297
                    ]
                }, 
                {
                    "length": 18.703414916992188, 
                    "direction": [
                        -0.5065127611160278, 
                        0.33565816283226013, 
                        -0.7942155599594116
                    ], 
                    "center": [
                        -37.43115997314453, 
                        159.55006408691406, 
                        -27.658370971679688
                    ]
                }, 
                {
                    "length": 16.48296546936035, 
                    "direction": [
                        -0.31440237164497375, 
                        -0.18550720810890198, 
                        -0.9309878349304199
                    ], 
                    "center": [
                        -30.103260040283203, 
                        157.93994140625, 
                        -12.558380126953125
                    ]
                }
            ]
        }
    ], 
    "hand": {
        "grab_strength": 1.0, 
        "wrist_position": [
            -26.863128662109375, 
            189.87547302246094, 
            37.25574493408203
        ], 
        "palm_width": 87.01065063476562, 
        "palm_velocity": [
            54.661651611328125, 
            3.6052229404449463, 
            -24.7261962890625
        ], 
        "palm_normal": [
            0.04586799070239067, 
            -0.9891956448554993, 
            -0.13924096524715424
        ], 
        "is_left": true, 
        "palm_position": [
            -17.00984001159668, 
            193.3713836669922, 
            -14.002554893493652
        ], 
        "pinch_strength": 0.30166804790496826, 
        "is_right": false
    }
}