{
    "timestamp": 33137959781, 
    "id": 506927, 
    "fingers": [
        {
            "type": 0, 
            "bone": [
                {
                    "length": 0.0, 
                    "direction": [
                        0.0, 
                        0.0, 
                        0.0
                    ], 
                    "center": [
                        -0.8617755174636841, 
                        180.33758544921875, 
                        41.158329010009766
                    ]
                }, 
                {
                    "length": 47.73451232910156, 
                    "direction": [
                        -0.5651960372924805, 
                        -0.025373930111527443, 
                        0.8245662450790405
                    ], 
                    "center": [
                        12.627902030944824, 
                        180.9431915283203, 
                        21.478195190429688
                    ]
                }, 
                {
                    "length": 32.60446548461914, 
                    "direction": [
                        -0.2722083032131195, 
                        0.12614716589450836, 
                        0.9539337158203125
                    ], 
                    "center": [
                        30.55518341064453, 
                        179.4923095703125, 
                        -13.753188133239746
                    ]
                }, 
                {
                    "length": 22.380069732666016, 
                    "direction": [
                        0.40514516830444336, 
                        0.37254443764686584, 
                        0.8349060416221619
                    ], 
                    "center": [
                        30.459197998046875, 
                        173.26705932617188, 
                        -38.647064208984375
                    ]
                }
            ]
        }, 
        {
            "type": 1, 
            "bone": [
                {
                    "length": 70.35210418701172, 
                    "direction": [
                        -0.21497322618961334, 
                        -0.003783025313168764, 
                        0.9766126871109009
                    ], 
                    "center": [
                        -1.7434008121490479, 
                        199.98878479003906, 
                        -1.0411357879638672
                    ]
                }, 
                {
                    "length": 41.0834846496582, 
                    "direction": [
                        -0.06187662109732628, 
                        0.9928867220878601, 
                        0.10172214359045029
                    ], 
                    "center": [
                        7.08956241607666, 
                        179.72622680664062, 
                        -37.484066009521484
                    ]
                }, 
                {
                    "length": 23.11333465576172, 
                    "direction": [
                        0.253619521856308, 
                        0.3569929301738739, 
                        -0.8990178108215332
                    ], 
                    "center": [
                        5.429619312286377, 
                        155.2049560546875, 
                        -29.1839656829834
                    ]
                }, 
                {
                    "length": 16.338380813598633, 
                    "direction": [
                        0.2833176851272583, 
                        -0.1883610635995865, 
                        -0.9403464198112488
                    ], 
                    "center": [
                        0.18414652347564697, 
                        152.61807250976562, 
                        -11.112446784973145
                    ]
                }
            ]
        }, 
        {
            "type": 2, 
            "bone": [
                {
                    "length": 66.7167739868164, 
                    "direction": [
                        -0.07939364016056061, 
                        0.0019236792577430606, 
                        0.9968414306640625
                    ], 
                    "center": [
                        -17.95655059814453, 
                        201.05813598632812, 
                        -2.9999752044677734
                    ]
                }, 
                {
                    "length": 46.092403411865234, 
                    "direction": [
                        -0.21680215001106262, 
                        0.9670144319534302, 
                        0.13371600210666656
                    ], 
                    "center": [
                        -10.311639785766602, 
                        178.7079620361328, 
                        -39.33464431762695
                    ]
                }, 
                {
                    "length": 27.192764282226562, 
                    "direction": [
                        0.033543217927217484, 
                        0.39170363545417786, 
                        -0.9194797873497009
                    ], 
                    "center": [
                        -5.771240234375, 
                        151.09619140625, 
                        -29.914691925048828
                    ]
                }, 
                {
                    "length": 17.970151901245117, 
                    "direction": [
                        0.15354135632514954, 
                        -0.1540258526802063, 
                        -0.9760640859603882
                    ], 
                    "center": [
                        -7.6068878173828125, 
                        147.15438842773438, 
                        -8.643083572387695
                    ]
                }
            ]
        }, 
        {
            "type": 3, 
            "bone": [
                {
                    "length": 59.900508880615234, 
                    "direction": [
                        0.07130894809961319, 
                        0.011418266221880913, 
                        0.9973888397216797
                    ], 
                    "center": [
                        -34.26615905761719, 
                        199.26914978027344, 
                        -1.3210334777832031
                    ]
                }, 
                {
                    "length": 42.7255859375, 
                    "direction": [
                        -0.25971126556396484, 
                        0.9486144185066223, 
                        0.18077845871448517
                    ], 
                    "center": [
                        -30.85372543334961, 
                        178.662109375, 
                        -35.055015563964844
                    ]
                }, 
                {
                    "length": 26.4904842376709, 
                    "direction": [
                        -0.15652091801166534, 
                        0.392511785030365, 
                        -0.906330943107605
                    ], 
                    "center": [
                        -23.232410430908203, 
                        153.19815063476562, 
                        -26.912378311157227
                    ]
                }, 
                {
                    "length": 17.86687469482422, 
                    "direction": [
                        -0.007128775119781494, 
                        -0.14934878051280975, 
                        -0.98875892162323
                    ], 
                    "center": [
                        -21.09556770324707, 
                        149.33343505859375, 
                        -6.0747904777526855
                    ]
                }
            ]
        }, 
        {
            "type": 4, 
            "bone": [
                {
                    "length": 55.449283599853516, 
                    "direction": [
                        0.2124813050031662, 
                        -0.01969028264284134, 
                        0.9769666790962219
                    ], 
                    "center": [
                        -48.996726989746094, 
                        192.13394165039062, 
                        2.097691535949707
                    ]
                }, 
                {
                    "length": 33.81279754638672, 
                    "direction": [
                        -0.3364725708961487, 
                        0.9014670848846436, 
                        0.2722924053668976
                    ], 
                    "center": [
                        -49.19915771484375, 
                        177.43930053710938, 
                        -29.591842651367188
                    ]
                }, 
                {
                    "length": 18.703420639038086, 
                    "direction": [
                        -0.5130116939544678, 
                        0.32479530572891235, 
                        -0.7945608496665955
                    ], 
                    "center": [
                        -38.71308135986328, 
                        159.16134643554688, 
                        -26.76482391357422
                    ]
                }, 
                {
                    "length": 16.482967376708984, 
                    "direction": [
                        -0.31165754795074463, 
                        -0.19141890108585358, 
                        -0.930713951587677
                    ], 
                    "center": [
                        -31.347023010253906, 
                        157.70152282714844, 
                        -11.663858413696289
                    ]
                }
            ]
        }
    ], 
    "hand": {
        "grab_strength": 1.0, 
        "wrist_position": [
            -28.559799194335938, 
            189.48117065429688, 
            38.03395080566406
        ], 
        "palm_width": 87.01065063476562, 
        "palm_velocity": [
            52.92272186279297, 
            5.671639442443848, 
            -30.990970611572266
        ], 
        "palm_normal": [
            0.06275541335344315, 
            -0.9878888726234436, 
            -0.14190591871738434
        ], 
        "is_left": true, 
        "palm_position": [
            -18.908355712890625, 
            193.2780303955078, 
            -13.241340637207031
        ], 
        "pinch_strength": 0.3041440546512604, 
        "is_right": false
    }
}