{
    "timestamp": 33138108894, 
    "id": 506938, 
    "fingers": [
        {
            "type": 0, 
            "bone": [
                {
                    "length": 0.0, 
                    "direction": [
                        0.0, 
                        0.0, 
                        0.0
                    ], 
                    "center": [
                        6.215889930725098, 
                        180.96641540527344, 
                        38.350975036621094
                    ]
                }, 
                {
                    "length": 47.73451232910156, 
                    "direction": [
                        -0.5658566355705261, 
                        0.03242306038737297, 
                        0.8238658905029297
                    ], 
                    "center": [
                        19.72133445739746, 
                        180.19256591796875, 
                        18.687557220458984
                    ]
                }, 
                {
                    "length": 32.60446548461914, 
                    "direction": [
                        -0.2752838432788849, 
                        0.16909991204738617, 
                        0.9463741183280945
                    ], 
                    "center": [
                        37.71452331542969, 
                        176.66201782226562, 
                        -16.403871536254883
                    ]
                }, 
                {
                    "length": 22.380067825317383, 
                    "direction": [
                        0.4003217816352844, 
                        0.37575575709342957, 
                        0.8357930779457092
                    ], 
                    "center": [
                        37.72264862060547, 
                        169.70059204101562, 
                        -41.18443298339844
                    ]
                }
            ]
        }, 
        {
            "type": 1, 
            "bone": [
                {
                    "length": 70.35211181640625, 
                    "direction": [
                        -0.21775197982788086, 
                        0.03386980667710304, 
                        0.9754162430763245
                    ], 
                    "center": [
                        6.382113933563232, 
                        199.43865966796875, 
                        -4.386478424072266
                    ]
                }, 
                {
                    "length": 41.08348846435547, 
                    "direction": [
                        -0.019059447571635246, 
                        0.9961155652999878, 
                        0.08596768975257874
                    ], 
                    "center": [
                        14.433284759521484, 
                        177.78530883789062, 
                        -40.46370315551758
                    ]
                }, 
                {
                    "length": 23.11333465576172, 
                    "direction": [
                        0.27110302448272705, 
                        0.33274081349372864, 
                        -0.9032090306282043
                    ], 
                    "center": [
                        11.691751480102539, 
                        153.47796630859375, 
                        -31.791542053222656
                    ]
                }, 
                {
                    "length": 16.33837890625, 
                    "direction": [
                        0.2772012948989868, 
                        -0.21770493686199188, 
                        -0.9358225464820862
                    ], 
                    "center": [
                        6.294193267822266, 
                        151.41107177734375, 
                        -13.708544731140137
                    ]
                }
            ]
        }, 
        {
            "type": 2, 
            "bone": [
                {
                    "length": 66.7167739868164, 
                    "direction": [
                        -0.08211342990398407, 
                        0.03377657011151314, 
                        0.9960504174232483
                    ], 
                    "center": [
                        -9.757041931152344, 
                        201.21200561523438, 
                        -6.443114280700684
                    ]
                }, 
                {
                    "length": 46.0924072265625, 
                    "direction": [
                        -0.17387926578521729, 
                        0.9766124486923218, 
                        0.12646761536598206
                    ], 
                    "center": [
                        -3.010612964630127, 
                        177.57806396484375, 
                        -42.5843505859375
                    ]
                }, 
                {
                    "length": 27.192771911621094, 
                    "direction": [
                        0.05189768224954605, 
                        0.3847314417362213, 
                        -0.9215683937072754
                    ], 
                    "center": [
                        0.2910231649875641, 
                        149.8398895263672, 
                        -32.96894836425781
                    ]
                }, 
                {
                    "length": 17.970151901245117, 
                    "direction": [
                        0.14862121641635895, 
                        -0.17243219912052155, 
                        -0.9737446904182434
                    ], 
                    "center": [
                        -1.7499706745147705, 
                        146.1582489013672, 
                        -11.689777374267578
                    ]
                }
            ]
        }, 
        {
            "type": 3, 
            "bone": [
                {
                    "length": 59.90050506591797, 
                    "direction": [
                        0.06886674463748932, 
                        0.036199960857629776, 
                        0.9969689249992371
                    ], 
                    "center": [
                        -26.137554168701172, 
                        200.23843383789062, 
                        -4.783659934997559
                    ]
                }, 
                {
                    "length": 42.7255973815918, 
                    "direction": [
                        -0.21388305723667145, 
                        0.9570118188858032, 
                        0.19591458141803741
                    ], 
                    "center": [
                        -23.63098907470703, 
                        178.70977783203125, 
                        -38.82841491699219
                    ]
                }, 
                {
                    "length": 26.490480422973633, 
                    "direction": [
                        -0.133551687002182, 
                        0.41613516211509705, 
                        -0.8994417786598206
                    ], 
                    "center": [
                        -17.292924880981445, 
                        152.75352478027344, 
                        -31.10037612915039
                    ]
                }, 
                {
                    "length": 17.86687660217285, 
                    "direction": [
                        -0.007226026151329279, 
                        -0.14454315602779388, 
                        -0.9894720911979675
                    ], 
                    "center": [
                        -15.459447860717773, 
                        148.53298950195312, 
                        -10.347665786743164
                    ]
                }
            ]
        }, 
        {
            "type": 4, 
            "bone": [
                {
                    "length": 55.44927978515625, 
                    "direction": [
                        0.2084786295890808, 
                        -0.002062783809378743, 
                        0.9780247211456299
                    ], 
                    "center": [
                        -41.19725799560547, 
                        193.90170288085938, 
                        -1.2284765243530273
                    ]
                }, 
                {
                    "length": 33.812801361083984, 
                    "direction": [
                        -0.28129488229751587, 
                        0.9210450053215027, 
                        0.2693500220775604
                    ], 
                    "center": [
                        -42.2215690612793, 
                        178.3873291015625, 
                        -32.89759826660156
                    ]
                }, 
                {
                    "length": 18.70341682434082, 
                    "direction": [
                        -0.5047416687011719, 
                        0.3480856716632843, 
                        -0.7899823784828186
                    ], 
                    "center": [
                        -32.745689392089844, 
                        159.56057739257812, 
                        -30.063655853271484
                    ]
                }, 
                {
                    "length": 16.48296546936035, 
                    "direction": [
                        -0.33120113611221313, 
                        -0.18787707388401031, 
                        -0.9246664643287659
                    ], 
                    "center": [
                        -25.295902252197266, 
                        157.85377502441406, 
                        -15.055347442626953
                    ]
                }
            ]
        }
    ], 
    "hand": {
        "grab_strength": 1.0, 
        "wrist_position": [
            -21.01227569580078, 
            191.30792236328125, 
            34.854190826416016
        ], 
        "palm_width": 87.01065063476562, 
        "palm_velocity": [
            50.70284652709961, 
            -2.634165048599243, 
            -21.647974014282227
        ], 
        "palm_normal": [
            0.016639238223433495, 
            -0.9933561086654663, 
            -0.11387171596288681
        ], 
        "is_left": true, 
        "palm_position": [
            -11.043900489807129, 
            193.19921875, 
            -16.466140747070312
        ], 
        "pinch_strength": 0.3089100122451782, 
        "is_right": false
    }
}