{
    "timestamp": 33138086002, 
    "id": 506936, 
    "fingers": [
        {
            "type": 0, 
            "bone": [
                {
                    "length": 0.0, 
                    "direction": [
                        0.0, 
                        0.0, 
                        0.0
                    ], 
                    "center": [
                        5.126033306121826, 
                        180.79632568359375, 
                        38.7562141418457
                    ]
                }, 
                {
                    "length": 47.7345085144043, 
                    "direction": [
                        -0.5669760704040527, 
                        0.02450254000723362, 
                        0.8233697414398193
                    ], 
                    "center": [
                        18.65819549560547, 
                        180.21151733398438, 
                        19.104639053344727
                    ]
                }, 
                {
                    "length": 32.60446548461914, 
                    "direction": [
                        -0.2753646969795227, 
                        0.16263265907764435, 
                        0.947483479976654
                    ], 
                    "center": [
                        36.67941665649414, 
                        176.97543334960938, 
                        -15.993030548095703
                    ]
                }, 
                {
                    "length": 22.380067825317383, 
                    "direction": [
                        0.3994366228580475, 
                        0.3729344606399536, 
                        0.8374785780906677
                    ], 
                    "center": [
                        36.698768615722656, 
                        170.1510009765625, 
                        -40.81053924560547
                    ]
                }
            ]
        }, 
        {
            "type": 1, 
            "bone": [
                {
                    "length": 70.35211944580078, 
                    "direction": [
                        -0.21845994889736176, 
                        0.027551749721169472, 
                        0.9754568934440613
                    ], 
                    "center": [
                        5.23430871963501, 
                        199.5030975341797, 
                        -3.8792896270751953
                    ]
                }, 
                {
                    "length": 41.08348083496094, 
                    "direction": [
                        -0.022228432819247246, 
                        0.995957612991333, 
                        0.0870303139090538
                    ], 
                    "center": [
                        13.375479698181152, 
                        178.07522583007812, 
                        -39.97977066040039
                    ]
                }, 
                {
                    "length": 23.113338470458984, 
                    "direction": [
                        0.2704676687717438, 
                        0.3342558443546295, 
                        -0.9028400182723999
                    ], 
                    "center": [
                        10.706384658813477, 
                        153.75364685058594, 
                        -31.333702087402344
                    ]
                }, 
                {
                    "length": 16.338380813598633, 
                    "direction": [
                        0.2783527374267578, 
                        -0.21474158763885498, 
                        -0.9361655712127686
                    ], 
                    "center": [
                        5.3067626953125, 
                        151.64501953125, 
                        -13.25216293334961
                    ]
                }
            ]
        }, 
        {
            "type": 2, 
            "bone": [
                {
                    "length": 66.7167739868164, 
                    "direction": [
                        -0.08283420652151108, 
                        0.027950184419751167, 
                        0.9961712956428528
                    ], 
                    "center": [
                        -10.911418914794922, 
                        201.21568298339844, 
                        -5.935825347900391
                    ]
                }, 
                {
                    "length": 46.092411041259766, 
                    "direction": [
                        -0.17792220413684845, 
                        0.9757208228111267, 
                        0.12771962583065033
                    ], 
                    "center": [
                        -4.04777193069458, 
                        177.79664611816406, 
                        -42.109947204589844
                    ]
                }, 
                {
                    "length": 27.192768096923828, 
                    "direction": [
                        0.05158159136772156, 
                        0.3863554000854492, 
                        -0.9209065437316895
                    ], 
                    "center": [
                        -0.648662805557251, 
                        150.05694580078125, 
                        -32.53239822387695
                    ]
                }, 
                {
                    "length": 17.970151901245117, 
                    "direction": [
                        0.1503942757844925, 
                        -0.16897797584533691, 
                        -0.9740779995918274
                    ], 
                    "center": [
                        -2.7012901306152344, 
                        146.3221893310547, 
                        -11.259235382080078
                    ]
                }
            ]
        }, 
        {
            "type": 3, 
            "bone": [
                {
                    "length": 59.900508880615234, 
                    "direction": [
                        0.06813309341669083, 
                        0.03104207292199135, 
                        0.9971931576728821
                    ], 
                    "center": [
                        -27.288372039794922, 
                        200.16000366210938, 
                        -4.29151725769043
                    ]
                }, 
                {
                    "length": 42.7255859375, 
                    "direction": [
                        -0.21850746870040894, 
                        0.9569070339202881, 
                        0.19126777350902557
                    ], 
                    "center": [
                        -24.66104507446289, 
                        178.7880859375, 
                        -38.24372100830078
                    ]
                }, 
                {
                    "length": 26.490482330322266, 
                    "direction": [
                        -0.13542518019676208, 
                        0.4109164774417877, 
                        -0.9015583992004395
                    ], 
                    "center": [
                        -18.199377059936523, 
                        152.90318298339844, 
                        -30.388376235961914
                    ]
                }, 
                {
                    "length": 17.86687469482422, 
                    "direction": [
                        -0.007152581121772528, 
                        -0.14642545580863953, 
                        -0.9891958236694336
                    ], 
                    "center": [
                        -16.341739654541016, 
                        148.76858520507812, 
                        -9.610098838806152
                    ]
                }
            ]
        }, 
        {
            "type": 4, 
            "bone": [
                {
                    "length": 55.44927978515625, 
                    "direction": [
                        0.20792517066001892, 
                        -0.006493531633168459, 
                        0.978123128414154
                    ], 
                    "center": [
                        -42.321678161621094, 
                        193.73678588867188, 
                        -0.7801017761230469
                    ]
                }, 
                {
                    "length": 33.81279754638672, 
                    "direction": [
                        -0.2892458736896515, 
                        0.9189945459365845, 
                        0.2679288387298584
                    ], 
                    "center": [
                        -43.196224212646484, 
                        178.37991333007812, 
                        -32.42792510986328
                    ]
                }, 
                {
                    "length": 18.703418731689453, 
                    "direction": [
                        -0.5027565956115723, 
                        0.34471869468688965, 
                        -0.7927199006080627
                    ], 
                    "center": [
                        -33.60448455810547, 
                        159.61932373046875, 
                        -29.54435157775879
                    ]
                }, 
                {
                    "length": 16.482967376708984, 
                    "direction": [
                        -0.32577216625213623, 
                        -0.18770301342010498, 
                        -0.9266283512115479
                    ], 
                    "center": [
                        -26.218006134033203, 
                        157.94256591796875, 
                        -14.49427318572998
                    ]
                }
            ]
        }
    ], 
    "hand": {
        "grab_strength": 1.0, 
        "wrist_position": [
            -22.146005630493164, 
            191.03530883789062, 
            35.299869537353516
        ], 
        "palm_width": 87.01065063476562, 
        "palm_velocity": [
            53.744102478027344, 
            -3.178272247314453, 
            -22.79714012145996
        ], 
        "palm_normal": [
            0.02113763801753521, 
            -0.9926329851150513, 
            -0.11930201202630997
        ], 
        "is_left": true, 
        "palm_position": [
            -12.156760215759277, 
            193.25230407714844, 
            -16.003366470336914
        ], 
        "pinch_strength": 0.3056352138519287, 
        "is_right": false
    }
}