{
    "timestamp": 33138064228, 
    "id": 506934, 
    "fingers": [
        {
            "type": 0, 
            "bone": [
                {
                    "length": 0.0, 
                    "direction": [
                        0.0, 
                        0.0, 
                        0.0
                    ], 
                    "center": [
                        3.927345037460327, 
                        180.66268920898438, 
                        39.211936950683594
                    ]
                }, 
                {
                    "length": 47.73451232910156, 
                    "direction": [
                        -0.5684096813201904, 
                        0.01571669802069664, 
                        0.822595477104187
                    ], 
                    "center": [
                        17.493724822998047, 
                        180.28756713867188, 
                        19.578840255737305
                    ]
                }, 
                {
                    "length": 32.60446548461914, 
                    "direction": [
                        -0.2760608494281769, 
                        0.1553356647491455, 
                        0.9485047459602356
                    ], 
                    "center": [
                        35.56051254272461, 
                        177.38014221191406, 
                        -15.517000198364258
                    ]
                }, 
                {
                    "length": 22.380067825317383, 
                    "direction": [
                        0.3991517424583435, 
                        0.3700695335865021, 
                        0.8388841152191162
                    ], 
                    "center": [
                        35.594398498535156, 
                        170.70672607421875, 
                        -40.366886138916016
                    ]
                }
            ]
        }, 
        {
            "type": 1, 
            "bone": [
                {
                    "length": 70.35211181640625, 
                    "direction": [
                        -0.2197149693965912, 
                        0.020539209246635437, 
                        0.9753478169441223
                    ], 
                    "center": [
                        3.9900712966918945, 
                        199.6277618408203, 
                        -3.3093976974487305
                    ]
                }, 
                {
                    "length": 41.08348846435547, 
                    "direction": [
                        -0.0261626485735178, 
                        0.9956855177879333, 
                        0.08902717381715775
                    ], 
                    "center": [
                        12.256204605102539, 
                        178.4521484375, 
                        -39.44706344604492
                    ]
                }, 
                {
                    "length": 23.113338470458984, 
                    "direction": [
                        0.27029281854629517, 
                        0.3367968499660492, 
                        -0.9019476175308228
                    ], 
                    "center": [
                        9.66994571685791, 
                        154.10678100585938, 
                        -30.852325439453125
                    ]
                }, 
                {
                    "length": 16.338382720947266, 
                    "direction": [
                        0.28035202622413635, 
                        -0.21084897220134735, 
                        -0.9364537000656128
                    ], 
                    "center": [
                        4.256011962890625, 
                        151.93701171875, 
                        -12.778746604919434
                    ]
                }
            ]
        }, 
        {
            "type": 2, 
            "bone": [
                {
                    "length": 66.7167739868164, 
                    "direction": [
                        -0.08411678671836853, 
                        0.021495988592505455, 
                        0.9962239861488342
                    ], 
                    "center": [
                        -12.161727905273438, 
                        201.27134704589844, 
                        -5.374538421630859
                    ]
                }, 
                {
                    "length": 46.092403411865234, 
                    "direction": [
                        -0.18246781826019287, 
                        0.9747520685195923, 
                        0.12870104610919952
                    ], 
                    "center": [
                        -5.150537967681885, 
                        178.08993530273438, 
                        -41.573036193847656
                    ]
                }, 
                {
                    "length": 27.192768096923828, 
                    "direction": [
                        0.05145203322172165, 
                        0.38759493827819824, 
                        -0.9203927516937256
                    ], 
                    "center": [
                        -1.644909143447876, 
                        150.355712890625, 
                        -32.02509307861328
                    ]
                }, 
                {
                    "length": 17.970151901245117, 
                    "direction": [
                        0.15258687734603882, 
                        -0.16573435068130493, 
                        -0.9742943048477173
                    ], 
                    "center": [
                        -3.715475559234619, 
                        146.57496643066406, 
                        -10.756969451904297
                    ]
                }
            ]
        }, 
        {
            "type": 3, 
            "bone": [
                {
                    "length": 59.9005126953125, 
                    "direction": [
                        0.06683168560266495, 
                        0.025342874228954315, 
                        0.997442364692688
                    ], 
                    "center": [
                        -28.535018920898438, 
                        200.1231689453125, 
                        -3.755936622619629
                    ]
                }, 
                {
                    "length": 42.72557830810547, 
                    "direction": [
                        -0.22378510236740112, 
                        0.9560497403144836, 
                        0.1894441843032837
                    ], 
                    "center": [
                        -25.755970001220703, 
                        178.94024658203125, 
                        -37.67664337158203
                    ]
                }, 
                {
                    "length": 26.49048614501953, 
                    "direction": [
                        -0.13670240342617035, 
                        0.4084678292274475, 
                        -0.9024779796600342
                    ], 
                    "center": [
                        -19.16463851928711, 
                        153.10610961914062, 
                        -29.770160675048828
                    ]
                }, 
                {
                    "length": 17.86687660217285, 
                    "direction": [
                        -0.005956836044788361, 
                        -0.14598219096660614, 
                        -0.9892692565917969
                    ], 
                    "center": [
                        -17.30076789855957, 
                        148.99996948242188, 
                        -8.979045867919922
                    ]
                }
            ]
        }, 
        {
            "type": 4, 
            "bone": [
                {
                    "length": 55.44927978515625, 
                    "direction": [
                        0.2068333625793457, 
                        -0.01137145422399044, 
                        0.9783100485801697
                    ], 
                    "center": [
                        -43.53971862792969, 
                        193.60305786132812, 
                        -0.30116939544677734
                    ]
                }, 
                {
                    "length": 33.81280517578125, 
                    "direction": [
                        -0.29687681794166565, 
                        0.916395902633667, 
                        0.268481969833374
                    ], 
                    "center": [
                        -44.254981994628906, 
                        178.42538452148438, 
                        -31.963529586791992
                    ]
                }, 
                {
                    "length": 18.703418731689453, 
                    "direction": [
                        -0.5012444257736206, 
                        0.3428643047809601, 
                        -0.7944797277450562
                    ], 
                    "center": [
                        -34.548370361328125, 
                        159.72604370117188, 
                        -29.07284927368164
                    ]
                }, 
                {
                    "length": 16.48297119140625, 
                    "direction": [
                        -0.32067397236824036, 
                        -0.1864171326160431, 
                        -0.9286640286445618
                    ], 
                    "center": [
                        -27.218048095703125, 
                        158.0560302734375, 
                        -13.989535331726074
                    ]
                }
            ]
        }
    ], 
    "hand": {
        "grab_strength": 1.0, 
        "wrist_position": [
            -23.392059326171875, 
            190.78480529785156, 
            35.785518646240234
        ], 
        "palm_width": 87.01065063476562, 
        "palm_velocity": [
            51.82377243041992, 
            -0.6957847476005554, 
            -21.822084426879883
        ], 
        "palm_normal": [
            0.026285933330655098, 
            -0.9917727112770081, 
            -0.12528331577777863
        ], 
        "is_left": true, 
        "palm_position": [
            -13.35529899597168, 
            193.36293029785156, 
            -15.491557121276855
        ], 
        "pinch_strength": 0.30320921540260315, 
        "is_right": false
    }
}