{
    "timestamp": 33129239036, 
    "id": 506194, 
    "fingers": [
        {
            "type": 0, 
            "bone": [
                {
                    "length": 0.0, 
                    "direction": [
                        0.0, 
                        0.0, 
                        0.0
                    ], 
                    "center": [
                        1.1801514625549316, 
                        212.0106658935547, 
                        54.83815383911133
                    ]
                }, 
                {
                    "length": 47.73451232910156, 
                    "direction": [
                        -0.5571920275688171, 
                        -0.07477059215307236, 
                        0.8270105123519897
                    ], 
                    "center": [
                        14.478795051574707, 
                        213.79522705078125, 
                        35.09968185424805
                    ]
                }, 
                {
                    "length": 32.60446548461914, 
                    "direction": [
                        -0.24837391078472137, 
                        0.05348081514239311, 
                        0.9671867489814758
                    ], 
                    "center": [
                        31.826488494873047, 
                        214.70794677734375, 
                        -0.40609169006347656
                    ]
                }, 
                {
                    "length": 22.380069732666016, 
                    "direction": [
                        0.3746829926967621, 
                        0.260013610124588, 
                        0.8899469375610352
                    ], 
                    "center": [
                        31.682823181152344, 
                        210.92652893066406, 
                        -26.13193130493164
                    ]
                }
            ]
        }, 
        {
            "type": 1, 
            "bone": [
                {
                    "length": 70.35211181640625, 
                    "direction": [
                        -0.20052537322044373, 
                        -0.08623505383729935, 
                        0.9758857488632202
                    ], 
                    "center": [
                        0.58064866065979, 
                        235.56948852539062, 
                        14.683897018432617
                    ]
                }, 
                {
                    "length": 41.08347702026367, 
                    "direction": [
                        -0.02040901593863964, 
                        0.9761359095573425, 
                        0.21619939804077148
                    ], 
                    "center": [
                        8.053577423095703, 
                        218.55136108398438, 
                        -24.08502960205078
                    ]
                }, 
                {
                    "length": 23.11333465576172, 
                    "direction": [
                        0.2523226737976074, 
                        0.45203596353530884, 
                        -0.8555681109428406
                    ], 
                    "center": [
                        5.556804656982422, 
                        193.2758026123047, 
                        -18.63862419128418
                    ]
                }, 
                {
                    "length": 16.338380813598633, 
                    "direction": [
                        0.2597077190876007, 
                        -0.09115274995565414, 
                        -0.9613755941390991
                    ], 
                    "center": [
                        0.5191933512687683, 
                        188.79641723632812, 
                        -0.8974471092224121
                    ]
                }
            ]
        }, 
        {
            "type": 2, 
            "bone": [
                {
                    "length": 66.7167739868164, 
                    "direction": [
                        -0.06454376131296158, 
                        -0.08847369253635406, 
                        0.9939851760864258
                    ], 
                    "center": [
                        -15.593387603759766, 
                        237.53614807128906, 
                        13.141308784484863
                    ]
                }, 
                {
                    "length": 46.0923957824707, 
                    "direction": [
                        -0.17089293897151947, 
                        0.9561559557914734, 
                        0.23782648146152496
                    ], 
                    "center": [
                        -9.501879692077637, 
                        218.45172119140625, 
                        -25.49742889404297
                    ]
                }, 
                {
                    "length": 27.192764282226562, 
                    "direction": [
                        0.03414396196603775, 
                        0.48794320225715637, 
                        -0.8722074031829834
                    ], 
                    "center": [
                        -6.027681350708008, 
                        189.78170776367188, 
                        -19.11956024169922
                    ]
                }, 
                {
                    "length": 17.970151901245117, 
                    "direction": [
                        0.1290072202682495, 
                        -0.0544106662273407, 
                        -0.9901497960090637
                    ], 
                    "center": [
                        -7.651055335998535, 
                        183.63632202148438, 
                        1.635875940322876
                    ]
                }
            ]
        }, 
        {
            "type": 3, 
            "bone": [
                {
                    "length": 59.90050506591797, 
                    "direction": [
                        0.08642757683992386, 
                        -0.08576182276010513, 
                        0.9925599694252014
                    ], 
                    "center": [
                        -31.941455841064453, 
                        236.32156372070312, 
                        14.954668998718262
                    ]
                }, 
                {
                    "length": 42.72559356689453, 
                    "direction": [
                        -0.213729590177536, 
                        0.9337313771247864, 
                        0.28716766834259033
                    ], 
                    "center": [
                        -29.964122772216797, 
                        218.9430389404297, 
                        -20.90745735168457
                    ]
                }, 
                {
                    "length": 26.490482330322266, 
                    "direction": [
                        -0.14560343325138092, 
                        0.5016524791717529, 
                        -0.8527275323867798
                    ], 
                    "center": [
                        -23.469707489013672, 
                        192.35140991210938, 
                        -15.747579574584961
                    ]
                }, 
                {
                    "length": 17.86687660217285, 
                    "direction": [
                        -0.022061217576265335, 
                        -0.03555910661816597, 
                        -0.9991239905357361
                    ], 
                    "center": [
                        -21.344072341918945, 
                        186.02456665039062, 
                        4.472616195678711
                    ]
                }
            ]
        }, 
        {
            "type": 4, 
            "bone": [
                {
                    "length": 55.44927978515625, 
                    "direction": [
                        0.22570717334747314, 
                        -0.12103445082902908, 
                        0.9666472673416138
                    ], 
                    "center": [
                        -46.93212890625, 
                        229.55596923828125, 
                        17.970388412475586
                    ]
                }, 
                {
                    "length": 33.812808990478516, 
                    "direction": [
                        -0.2887280583381653, 
                        0.8843843340873718, 
                        0.36674317717552185
                    ], 
                    "center": [
                        -48.30842590332031, 
                        217.9598388671875, 
                        -15.029869079589844
                    ]
                }, 
                {
                    "length": 18.703414916992188, 
                    "direction": [
                        -0.5083748698234558, 
                        0.4312480390071869, 
                        -0.7453724145889282
                    ], 
                    "center": [
                        -38.67290115356445, 
                        198.97518920898438, 
                        -14.259672164916992
                    ]
                }, 
                {
                    "length": 16.482967376708984, 
                    "direction": [
                        -0.33588728308677673, 
                        -0.07631724327802658, 
                        -0.9388052821159363
                    ], 
                    "center": [
                        -31.1505184173584, 
                        195.5712432861328, 
                        0.4479811191558838
                    ]
                }
            ]
        }
    ], 
    "hand": {
        "grab_strength": 1.0, 
        "wrist_position": [
            -26.111909866333008, 
            222.62649536132812, 
            53.10755920410156
        ], 
        "palm_width": 87.01065063476562, 
        "palm_velocity": [
            25.064367294311523, 
            -7.347501277923584, 
            -4.687564373016357
        ], 
        "palm_normal": [
            0.015244903042912483, 
            -0.9719339609146118, 
            -0.23475927114486694
        ], 
        "is_left": true, 
        "palm_position": [
            -17.051944732666016, 
            230.80526733398438, 
            2.237661123275757
        ], 
        "pinch_strength": 0.29886749386787415, 
        "is_right": false
    }
}