{
    "timestamp": 33138177809, 
    "id": 506943, 
    "fingers": [
        {
            "type": 0, 
            "bone": [
                {
                    "length": 0.0, 
                    "direction": [
                        0.0, 
                        0.0, 
                        0.0
                    ], 
                    "center": [
                        9.023847579956055, 
                        181.30264282226562, 
                        36.59334182739258
                    ]
                }, 
                {
                    "length": 47.73451232910156, 
                    "direction": [
                        -0.5581358671188354, 
                        0.05639656260609627, 
                        0.8278306722640991
                    ], 
                    "center": [
                        22.345020294189453, 
                        179.95660400390625, 
                        16.835294723510742
                    ]
                }, 
                {
                    "length": 32.604461669921875, 
                    "direction": [
                        -0.27409693598747253, 
                        0.19052951037883759, 
                        0.9426395893096924
                    ], 
                    "center": [
                        40.13458251953125, 
                        175.5045166015625, 
                        -18.289880752563477
                    ]
                }, 
                {
                    "length": 22.38007164001465, 
                    "direction": [
                        0.3984268307685852, 
                        0.3912128508090973, 
                        0.8295834064483643
                    ], 
                    "center": [
                        40.144561767578125, 
                        168.02078247070312, 
                        -42.94007873535156
                    ]
                }
            ]
        }, 
        {
            "type": 1, 
            "bone": [
                {
                    "length": 70.35211181640625, 
                    "direction": [
                        -0.2120702564716339, 
                        0.0561797209084034, 
                        0.9756382703781128
                    ], 
                    "center": [
                        9.035964965820312, 
                        198.83799743652344, 
                        -6.537300109863281
                    ]
                }, 
                {
                    "length": 41.08348083496094, 
                    "direction": [
                        -0.01753409579396248, 
                        0.9968237280845642, 
                        0.0776856541633606
                    ], 
                    "center": [
                        16.855941772460938, 
                        176.38531494140625, 
                        -42.452205657958984
                    ]
                }, 
                {
                    "length": 23.11332893371582, 
                    "direction": [
                        0.2649728059768677, 
                        0.32488417625427246, 
                        -0.9078764915466309
                    ], 
                    "center": [
                        14.153919219970703, 
                        152.1542510986328, 
                        -33.55598068237305
                    ]
                }, 
                {
                    "length": 16.338376998901367, 
                    "direction": [
                        0.27001744508743286, 
                        -0.23045021295547485, 
                        -0.9348706603050232
                    ], 
                    "center": [
                        8.885894775390625, 
                        150.28225708007812, 
                        -15.426820755004883
                    ]
                }
            ]
        }, 
        {
            "type": 2, 
            "bone": [
                {
                    "length": 66.7167739868164, 
                    "direction": [
                        -0.07631918042898178, 
                        0.055876582860946655, 
                        0.9955164790153503
                    ], 
                    "center": [
                        -7.105976104736328, 
                        200.64453125, 
                        -8.542548179626465
                    ]
                }, 
                {
                    "length": 46.0924186706543, 
                    "direction": [
                        -0.1698940247297287, 
                        0.9778880476951599, 
                        0.1219465434551239
                    ], 
                    "center": [
                        -0.644677996635437, 
                        176.24395751953125, 
                        -44.5617790222168
                    ]
                }, 
                {
                    "length": 27.19276237487793, 
                    "direction": [
                        0.0450027771294117, 
                        0.3786022961139679, 
                        -0.9244647026062012
                    ], 
                    "center": [
                        2.658860683441162, 
                        148.55972290039062, 
                        -34.80281066894531
                    ]
                }, 
                {
                    "length": 17.970151901245117, 
                    "direction": [
                        0.1403558850288391, 
                        -0.18465949594974518, 
                        -0.9727287292480469
                    ], 
                    "center": [
                        0.7858773469924927, 
                        145.0712890625, 
                        -13.493392944335938
                    ]
                }
            ]
        }, 
        {
            "type": 3, 
            "bone": [
                {
                    "length": 59.900508880615234, 
                    "direction": [
                        0.07467355579137802, 
                        0.05758577212691307, 
                        0.995543897151947
                    ], 
                    "center": [
                        -23.481273651123047, 
                        199.78701782226562, 
                        -6.771364212036133
                    ]
                }, 
                {
                    "length": 42.7255859375, 
                    "direction": [
                        -0.20804761350154877, 
                        0.9589234590530396, 
                        0.19282647967338562
                    ], 
                    "center": [
                        -21.27328872680664, 
                        177.5770263671875, 
                        -40.70746994018555
                    ]
                }, 
                {
                    "length": 26.490478515625, 
                    "direction": [
                        -0.13467232882976532, 
                        0.4133070111274719, 
                        -0.9005780220031738
                    ], 
                    "center": [
                        -15.045042037963867, 
                        151.6173858642578, 
                        -32.89841079711914
                    ]
                }, 
                {
                    "length": 17.86687660217285, 
                    "direction": [
                        -0.0103874197229743, 
                        -0.15392890572547913, 
                        -0.9880272746086121
                    ], 
                    "center": [
                        -13.168479919433594, 
                        147.51815795898438, 
                        -12.143558502197266
                    ]
                }
            ]
        }, 
        {
            "type": 4, 
            "bone": [
                {
                    "length": 55.44927978515625, 
                    "direction": [
                        0.21399326622486115, 
                        0.01824033632874489, 
                        0.9766648411750793
                    ], 
                    "center": [
                        -38.550498962402344, 
                        193.60255432128906, 
                        -2.9952259063720703
                    ]
                }, 
                {
                    "length": 33.812801361083984, 
                    "direction": [
                        -0.26775747537612915, 
                        0.9268709421157837, 
                        0.2630894184112549
                    ], 
                    "center": [
                        -39.956565856933594, 
                        177.42678833007812, 
                        -34.52080154418945
                    ]
                }, 
                {
                    "length": 18.703413009643555, 
                    "direction": [
                        -0.5140019059181213, 
                        0.344858318567276, 
                        -0.7854138016700745
                    ], 
                    "center": [
                        -30.622957229614258, 
                        158.53173828125, 
                        -31.623737335205078
                    ]
                }, 
                {
                    "length": 16.48296546936035, 
                    "direction": [
                        -0.3463517725467682, 
                        -0.19849149882793427, 
                        -0.9168651103973389
                    ], 
                    "center": [
                        -22.96170997619629, 
                        156.9425811767578, 
                        -16.722450256347656
                    ]
                }
            ]
        }
    ], 
    "hand": {
        "grab_strength": 1.0, 
        "wrist_position": [
            -18.174335479736328, 
            191.69772338867188, 
            33.02287673950195
        ], 
        "palm_width": 87.01065063476562, 
        "palm_velocity": [
            35.440792083740234, 
            -14.213452339172363, 
            -29.39369773864746
        ], 
        "palm_normal": [
            0.01128706056624651, 
            -0.9956711530685425, 
            -0.09225799888372421
        ], 
        "is_left": true, 
        "palm_position": [
            -8.487448692321777, 
            192.4215545654297, 
            -18.38103675842285
        ], 
        "pinch_strength": 0.31721457839012146, 
        "is_right": false
    }
}