{
    "timestamp": 33138154798, 
    "id": 506942, 
    "fingers": [
        {
            "type": 0, 
            "bone": [
                {
                    "length": 0.0, 
                    "direction": [
                        0.0, 
                        0.0, 
                        0.0
                    ], 
                    "center": [
                        8.138981819152832, 
                        181.21910095214844, 
                        37.27484130859375
                    ]
                }, 
                {
                    "length": 47.7345085144043, 
                    "direction": [
                        -0.5612167119979858, 
                        0.0485936775803566, 
                        0.8262411952018738
                    ], 
                    "center": [
                        21.533681869506836, 
                        180.05929565429688, 
                        17.554733276367188
                    ]
                }, 
                {
                    "length": 32.60446548461914, 
                    "direction": [
                        -0.2750973403453827, 
                        0.18234562873840332, 
                        0.9439658522605896
                    ], 
                    "center": [
                        39.4130859375, 
                        175.92686462402344, 
                        -17.554126739501953
                    ]
                }, 
                {
                    "length": 22.380069732666016, 
                    "direction": [
                        0.3988134264945984, 
                        0.38321736454963684, 
                        0.8331220149993896
                    ], 
                    "center": [
                        39.43505096435547, 
                        168.666015625, 
                        -42.265541076660156
                    ]
                }
            ]
        }, 
        {
            "type": 1, 
            "bone": [
                {
                    "length": 70.35211181640625, 
                    "direction": [
                        -0.2147376388311386, 
                        0.04744722694158554, 
                        0.975518524646759
                    ], 
                    "center": [
                        8.294716835021973, 
                        199.15187072753906, 
                        -5.69180965423584
                    ]
                }, 
                {
                    "length": 41.08348846435547, 
                    "direction": [
                        -0.015744201838970184, 
                        0.9963447451591492, 
                        0.08395938575267792
                    ], 
                    "center": [
                        16.1717529296875, 
                        177.01620483398438, 
                        -41.73137664794922
                    ]
                }, 
                {
                    "length": 23.11333465576172, 
                    "direction": [
                        0.26892057061195374, 
                        0.3302565813064575, 
                        -0.9047719240188599
                    ], 
                    "center": [
                        13.387340545654297, 
                        152.73287963867188, 
                        -32.999900817871094
                    ]
                }, 
                {
                    "length": 16.338380813598633, 
                    "direction": [
                        0.2730158269405365, 
                        -0.22382771968841553, 
                        -0.9356086850166321
                    ], 
                    "center": [
                        8.04919719696045, 
                        150.7447052001953, 
                        -14.900588989257812
                    ]
                }
            ]
        }, 
        {
            "type": 2, 
            "bone": [
                {
                    "length": 66.7167739868164, 
                    "direction": [
                        -0.0790434256196022, 
                        0.046783074736595154, 
                        0.9957727789878845
                    ], 
                    "center": [
                        -7.839199542999268, 
                        200.99794006347656, 
                        -7.725425720214844
                    ]
                }, 
                {
                    "length": 46.0924072265625, 
                    "direction": [
                        -0.16891363263130188, 
                        0.9771517515182495, 
                        0.12900634109973907
                    ], 
                    "center": [
                        -1.3096202611923218, 
                        176.91769409179688, 
                        -43.9159049987793
                    ]
                }, 
                {
                    "length": 27.192768096923828, 
                    "direction": [
                        0.048715122044086456, 
                        0.38572579622268677, 
                        -0.9213263988494873
                    ], 
                    "center": [
                        1.9208483695983887, 
                        149.15357971191406, 
                        -34.3623046875
                    ]
                }, 
                {
                    "length": 17.970151901245117, 
                    "direction": [
                        0.143361434340477, 
                        -0.17678987979888916, 
                        -0.9737519025802612
                    ], 
                    "center": [
                        -0.029614508152008057, 
                        145.49757385253906, 
                        -13.086360931396484
                    ]
                }
            ]
        }, 
        {
            "type": 3, 
            "bone": [
                {
                    "length": 59.900508880615234, 
                    "direction": [
                        0.07195068895816803, 
                        0.048294547945261, 
                        0.9962382316589355
                    ], 
                    "center": [
                        -24.22049331665039, 
                        200.1455078125, 
                        -6.008044242858887
                    ]
                }, 
                {
                    "length": 42.7255859375, 
                    "direction": [
                        -0.20731784403324127, 
                        0.9579423666000366, 
                        0.19840769469738007
                    ], 
                    "center": [
                        -21.94654655456543, 
                        178.23475646972656, 
                        -40.08417510986328
                    ]
                }, 
                {
                    "length": 26.490482330322266, 
                    "direction": [
                        -0.13213202357292175, 
                        0.4190843105316162, 
                        -0.8982813954353333
                    ], 
                    "center": [
                        -15.767538070678711, 
                        152.2195587158203, 
                        -32.424766540527344
                    ]
                }, 
                {
                    "length": 17.866878509521484, 
                    "direction": [
                        -0.008537276647984982, 
                        -0.14687633514404297, 
                        -0.9891179800033569
                    ], 
                    "center": [
                        -13.941149711608887, 
                        147.98080444335938, 
                        -11.69058609008789
                    ]
                }
            ]
        }, 
        {
            "type": 4, 
            "bone": [
                {
                    "length": 55.44927978515625, 
                    "direction": [
                        0.21127229928970337, 
                        0.008943225257098675, 
                        0.9773863554000854
                    ], 
                    "center": [
                        -39.30817794799805, 
                        193.9461669921875, 
                        -2.3313446044921875
                    ]
                }, 
                {
                    "length": 33.81279754638672, 
                    "direction": [
                        -0.26881057024002075, 
                        0.9250185489654541, 
                        0.26848018169403076
                    ], 
                    "center": [
                        -40.621009826660156, 
                        178.0594940185547, 
                        -33.96806335449219
                    ]
                }, 
                {
                    "length": 18.70341682434082, 
                    "direction": [
                        -0.5100811719894409, 
                        0.35039201378822327, 
                        -0.785520613193512
                    ], 
                    "center": [
                        -31.306259155273438, 
                        159.1439971923828, 
                        -31.161136627197266
                    ]
                }, 
                {
                    "length": 16.48296546936035, 
                    "direction": [
                        -0.3421827554702759, 
                        -0.19129209220409393, 
                        -0.9199556708335876
                    ], 
                    "center": [
                        -23.716035842895508, 
                        157.44375610351562, 
                        -16.23337745666504
                    ]
                }
            ]
        }
    ], 
    "hand": {
        "grab_strength": 1.0, 
        "wrist_position": [
            -19.035720825195312, 
            191.68226623535156, 
            33.7244758605957
        ], 
        "palm_width": 87.01065063476562, 
        "palm_velocity": [
            40.936676025390625, 
            -7.615490913391113, 
            -25.999460220336914
        ], 
        "palm_normal": [
            0.010270160622894764, 
            -0.9947909116744995, 
            -0.10141783207654953
        ], 
        "is_left": true, 
        "palm_position": [
            -9.203568458557129, 
            192.86795043945312, 
            -17.643264770507812
        ], 
        "pinch_strength": 0.3154638707637787, 
        "is_right": false
    }
}