{
    "timestamp": 33138200778, 
    "id": 506945, 
    "fingers": [
        {
            "type": 0, 
            "bone": [
                {
                    "length": 0.0, 
                    "direction": [
                        0.0, 
                        0.0, 
                        0.0
                    ], 
                    "center": [
                        9.90372085571289, 
                        181.21084594726562, 
                        35.93241882324219
                    ]
                }, 
                {
                    "length": 47.7345085144043, 
                    "direction": [
                        -0.5546709299087524, 
                        0.06239497661590576, 
                        0.829727053642273
                    ], 
                    "center": [
                        23.142192840576172, 
                        179.72164916992188, 
                        16.129112243652344
                    ]
                }, 
                {
                    "length": 32.604461669921875, 
                    "direction": [
                        -0.2730158567428589, 
                        0.19623392820358276, 
                        0.9417827129364014
                    ], 
                    "center": [
                        40.8314323425293, 
                        175.0334014892578, 
                        -19.027355194091797
                    ]
                }, 
                {
                    "length": 22.380069732666016, 
                    "direction": [
                        0.39830857515335083, 
                        0.39673957228660583, 
                        0.8270115256309509
                    ], 
                    "center": [
                        40.825111389160156, 
                        167.3948211669922, 
                        -43.634803771972656
                    ]
                }
            ]
        }, 
        {
            "type": 1, 
            "bone": [
                {
                    "length": 70.35211181640625, 
                    "direction": [
                        -0.20920851826667786, 
                        0.062159206718206406, 
                        0.9758934378623962
                    ], 
                    "center": [
                        9.77084732055664, 
                        198.47296142578125, 
                        -7.308108329772949
                    ]
                }, 
                {
                    "length": 41.08348846435547, 
                    "direction": [
                        -0.01913440227508545, 
                        0.9969857931137085, 
                        0.07518818229436874
                    ], 
                    "center": [
                        17.523033142089844, 
                        175.80662536621094, 
                        -43.180686950683594
                    ]
                }, 
                {
                    "length": 23.11333656311035, 
                    "direction": [
                        0.2606130838394165, 
                        0.32285207509994507, 
                        -0.909861147403717
                    ], 
                    "center": [
                        14.904267311096191, 
                        151.595703125, 
                        -34.21022033691406
                    ]
                }, 
                {
                    "length": 16.338382720947266, 
                    "direction": [
                        0.2664918601512909, 
                        -0.23392526805400848, 
                        -0.935019314289093
                    ], 
                    "center": [
                        9.715425491333008, 
                        149.7755889892578, 
                        -16.05690574645996
                    ]
                }
            ]
        }, 
        {
            "type": 2, 
            "bone": [
                {
                    "length": 66.7167739868164, 
                    "direction": [
                        -0.07339847832918167, 
                        0.06210504099726677, 
                        0.995367169380188
                    ], 
                    "center": [
                        -6.3786725997924805, 
                        200.25213623046875, 
                        -9.276449203491211
                    ]
                }, 
                {
                    "length": 46.092411041259766, 
                    "direction": [
                        -0.1707126945257187, 
                        0.9778643846511841, 
                        0.12098909169435501
                    ], 
                    "center": [
                        0.004062056541442871, 
                        175.64434814453125, 
                        -45.26863098144531
                    ]
                }, 
                {
                    "length": 27.19276237487793, 
                    "direction": [
                        0.04026958346366882, 
                        0.3775344491004944, 
                        -0.9251194596290588
                    ], 
                    "center": [
                        3.3908212184906006, 
                        147.9751739501953, 
                        -35.47869110107422
                    ]
                }, 
                {
                    "length": 17.970151901245117, 
                    "direction": [
                        0.13640651106834412, 
                        -0.18699543178081512, 
                        -0.9728442430496216
                    ], 
                    "center": [
                        1.6176776885986328, 
                        144.52224731445312, 
                        -14.159334182739258
                    ]
                }
            ]
        }, 
        {
            "type": 3, 
            "bone": [
                {
                    "length": 59.900508880615234, 
                    "direction": [
                        0.07759200036525726, 
                        0.06395110487937927, 
                        0.9949319958686829
                    ], 
                    "center": [
                        -22.7478084564209, 
                        199.3909912109375, 
                        -7.450902938842773
                    ]
                }, 
                {
                    "length": 42.7255859375, 
                    "direction": [
                        -0.2082933634519577, 
                        0.9590016603469849, 
                        0.19217105209827423
                    ], 
                    "center": [
                        -20.621980667114258, 
                        176.9886932373047, 
                        -41.35468292236328
                    ]
                }, 
                {
                    "length": 26.49048614501953, 
                    "direction": [
                        -0.13729317486286163, 
                        0.41232937574386597, 
                        -0.9006303548812866
                    ], 
                    "center": [
                        -14.353771209716797, 
                        151.04034423828125, 
                        -33.530921936035156
                    ]
                }, 
                {
                    "length": 17.86687660217285, 
                    "direction": [
                        -0.012458914890885353, 
                        -0.15638937056064606, 
                        -0.9876169562339783
                    ], 
                    "center": [
                        -12.423988342285156, 
                        146.9760284423828, 
                        -12.779041290283203
                    ]
                }
            ]
        }, 
        {
            "type": 4, 
            "bone": [
                {
                    "length": 55.44927978515625, 
                    "direction": [
                        0.21689105033874512, 
                        0.02461361326277256, 
                        0.9758855104446411
                    ], 
                    "center": [
                        -37.799964904785156, 
                        193.21690368652344, 
                        -3.590667724609375
                    ]
                }, 
                {
                    "length": 33.81280517578125, 
                    "direction": [
                        -0.2654288709163666, 
                        0.9279078245162964, 
                        0.26179078221321106
                    ], 
                    "center": [
                        -39.32574462890625, 
                        176.846923828125, 
                        -35.07268142700195
                    ]
                }, 
                {
                    "length": 18.703418731689453, 
                    "direction": [
                        -0.5185971856117249, 
                        0.3429654836654663, 
                        -0.7832186222076416
                    ], 
                    "center": [
                        -29.988525390625, 
                        157.9520263671875, 
                        -32.174190521240234
                    ]
                }, 
                {
                    "length": 16.482969284057617, 
                    "direction": [
                        -0.3516528904438019, 
                        -0.20222307741641998, 
                        -0.9140273332595825
                    ], 
                    "center": [
                        -22.240612030029297, 
                        156.41131591796875, 
                        -17.316814422607422
                    ]
                }
            ]
        }
    ], 
    "hand": {
        "grab_strength": 1.0, 
        "wrist_position": [
            -17.31460952758789, 
            191.5584716796875, 
            32.37765121459961
        ], 
        "palm_width": 87.01065063476562, 
        "palm_velocity": [
            33.35955810546875, 
            -17.918825149536133, 
            -30.004281997680664
        ], 
        "palm_normal": [
            0.011932985857129097, 
            -0.9962243437767029, 
            -0.08599241822957993
        ], 
        "is_left": true, 
        "palm_position": [
            -7.781900405883789, 
            191.9658203125, 
            -19.058557510375977
        ], 
        "pinch_strength": 0.32003840804100037, 
        "is_right": false
    }
}