{
    "timestamp": 33138143331, 
    "id": 506941, 
    "fingers": [
        {
            "type": 0, 
            "bone": [
                {
                    "length": 0.0, 
                    "direction": [
                        0.0, 
                        0.0, 
                        0.0
                    ], 
                    "center": [
                        7.696201324462891, 
                        181.1913604736328, 
                        37.57786560058594
                    ]
                }, 
                {
                    "length": 47.73451232910156, 
                    "direction": [
                        -0.5626851320266724, 
                        0.044549982994794846, 
                        0.8254699110984802
                    ], 
                    "center": [
                        21.125951766967773, 
                        180.12808227539062, 
                        17.876163482666016
                    ]
                }, 
                {
                    "length": 32.60446548461914, 
                    "direction": [
                        -0.2749968469142914, 
                        0.17904812097549438, 
                        0.9446261525154114
                    ], 
                    "center": [
                        39.03876495361328, 
                        176.14590454101562, 
                        -17.225051879882812
                    ]
                }, 
                {
                    "length": 22.38006591796875, 
                    "direction": [
                        0.40022996068000793, 
                        0.38112908601760864, 
                        0.8334006667137146
                    ], 
                    "center": [
                        39.043243408203125, 
                        168.96217346191406, 
                        -41.950347900390625
                    ]
                }
            ]
        }, 
        {
            "type": 1, 
            "bone": [
                {
                    "length": 70.35211181640625, 
                    "direction": [
                        -0.21560420095920563, 
                        0.04412487894296646, 
                        0.9754834175109863
                    ], 
                    "center": [
                        7.872018814086914, 
                        199.26197814941406, 
                        -5.330914497375488
                    ]
                }, 
                {
                    "length": 41.08348846435547, 
                    "direction": [
                        -0.015772800892591476, 
                        0.9963666796684265, 
                        0.08369383215904236
                    ], 
                    "center": [
                        15.78012466430664, 
                        177.24273681640625, 
                        -41.363792419433594
                    ]
                }, 
                {
                    "length": 23.11332893371582, 
                    "direction": [
                        0.27019062638282776, 
                        0.3300982415676117, 
                        -0.9044513702392578
                    ], 
                    "center": [
                        12.981623649597168, 
                        152.96078491210938, 
                        -32.63056564331055
                    ]
                }, 
                {
                    "length": 16.33837890625, 
                    "direction": [
                        0.2743847966194153, 
                        -0.22275185585021973, 
                        -0.9354648590087891
                    ], 
                    "center": [
                        7.617619514465332, 
                        150.9656524658203, 
                        -14.53613567352295
                    ]
                }
            ]
        }, 
        {
            "type": 2, 
            "bone": [
                {
                    "length": 66.7167739868164, 
                    "direction": [
                        -0.07992660254240036, 
                        0.04351824149489403, 
                        0.9958503842353821
                    ], 
                    "center": [
                        -8.261836051940918, 
                        201.10000610351562, 
                        -7.372274398803711
                    ]
                }, 
                {
                    "length": 46.092403411865234, 
                    "direction": [
                        -0.16958561539649963, 
                        0.9771369099617004, 
                        0.12823501229286194
                    ], 
                    "center": [
                        -1.6873092651367188, 
                        177.1290283203125, 
                        -43.54756546020508
                    ]
                }, 
                {
                    "length": 27.19276237487793, 
                    "direction": [
                        0.05002617835998535, 
                        0.3854997456073761, 
                        -0.9213507771492004
                    ], 
                    "center": [
                        1.5408198833465576, 
                        149.36831665039062, 
                        -33.975860595703125
                    ]
                }, 
                {
                    "length": 17.970149993896484, 
                    "direction": [
                        0.1448531448841095, 
                        -0.17560961842536926, 
                        -0.9737447500228882
                    ], 
                    "center": [
                        -0.4408714771270752, 
                        145.7047882080078, 
                        -12.699652671813965
                    ]
                }
            ]
        }, 
        {
            "type": 3, 
            "bone": [
                {
                    "length": 59.900508880615234, 
                    "direction": [
                        0.07106564193964005, 
                        0.045163847506046295, 
                        0.9964486360549927
                    ], 
                    "center": [
                        -24.643798828125, 
                        200.22732543945312, 
                        -5.671516418457031
                    ]
                }, 
                {
                    "length": 42.7255859375, 
                    "direction": [
                        -0.2083292156457901, 
                        0.9575856328010559, 
                        0.19906991720199585
                    ], 
                    "center": [
                        -22.321739196777344, 
                        178.41796875, 
                        -39.768096923828125
                    ]
                }, 
                {
                    "length": 26.490478515625, 
                    "direction": [
                        -0.13210606575012207, 
                        0.4194420874118805, 
                        -0.898118257522583
                    ], 
                    "center": [
                        -16.12146759033203, 
                        152.4056396484375, 
                        -32.124996185302734
                    ]
                }, 
                {
                    "length": 17.86687660217285, 
                    "direction": [
                        -0.00806323904544115, 
                        -0.14570634067058563, 
                        -0.9892950057983398
                    ], 
                    "center": [
                        -14.299659729003906, 
                        148.15170288085938, 
                        -11.391398429870605
                    ]
                }
            ]
        }, 
        {
            "type": 4, 
            "bone": [
                {
                    "length": 55.44927978515625, 
                    "direction": [
                        0.21043862402439117, 
                        0.005998749285936356, 
                        0.9775886535644531
                    ], 
                    "center": [
                        -39.728973388671875, 
                        194.00265502929688, 
                        -2.027501106262207
                    ]
                }, 
                {
                    "length": 33.81280517578125, 
                    "direction": [
                        -0.27120348811149597, 
                        0.9241518974304199, 
                        0.2690574526786804
                    ], 
                    "center": [
                        -40.978233337402344, 
                        178.21224975585938, 
                        -33.679588317871094
                    ]
                }, 
                {
                    "length": 18.70341682434082, 
                    "direction": [
                        -0.508628249168396, 
                        0.3504295349121094, 
                        -0.7864454388618469
                    ], 
                    "center": [
                        -31.636615753173828, 
                        159.31105041503906, 
                        -30.8737735748291
                    ]
                }, 
                {
                    "length": 16.482967376708984, 
                    "direction": [
                        -0.3396766483783722, 
                        -0.1900349259376526, 
                        -0.9211441278457642
                    ], 
                    "center": [
                        -24.080631256103516, 
                        157.60009765625, 
                        -15.927570343017578
                    ]
                }
            ]
        }
    ], 
    "hand": {
        "grab_strength": 1.0, 
        "wrist_position": [
            -19.48493766784668, 
            191.64137268066406, 
            34.03804016113281
        ], 
        "palm_width": 87.01065063476562, 
        "palm_velocity": [
            43.69115447998047, 
            -5.615983486175537, 
            -24.77237319946289
        ], 
        "palm_normal": [
            0.011254695244133472, 
            -0.9944508671760559, 
            -0.10459830611944199
        ], 
        "is_left": true, 
        "palm_position": [
            -9.610482215881348, 
            193.0006561279297, 
            -17.31728172302246
        ], 
        "pinch_strength": 0.3132452070713043, 
        "is_right": false
    }
}