{
    "timestamp": 33138281888, 
    "id": 506951, 
    "fingers": [
        {
            "type": 0, 
            "bone": [
                {
                    "length": 0.0, 
                    "direction": [
                        0.0, 
                        0.0, 
                        0.0
                    ], 
                    "center": [
                        12.377530097961426, 
                        179.262451171875, 
                        33.303279876708984
                    ]
                }, 
                {
                    "length": 47.73451232910156, 
                    "direction": [
                        -0.5459086298942566, 
                        0.08573618531227112, 
                        0.8334465026855469
                    ], 
                    "center": [
                        25.406869888305664, 
                        177.21615600585938, 
                        13.411199569702148
                    ]
                }, 
                {
                    "length": 32.604461669921875, 
                    "direction": [
                        -0.27496516704559326, 
                        0.20951803028583527, 
                        0.9383476972579956
                    ], 
                    "center": [
                        42.91875457763672, 
                        171.7542724609375, 
                        -21.77804183959961
                    ]
                }, 
                {
                    "length": 22.380067825317383, 
                    "direction": [
                        0.3843480050563812, 
                        0.39544281363487244, 
                        0.8342071771621704
                    ], 
                    "center": [
                        43.100433349609375, 
                        163.91363525390625, 
                        -46.410011291503906
                    ]
                }
            ]
        }, 
        {
            "type": 1, 
            "bone": [
                {
                    "length": 70.35211181640625, 
                    "direction": [
                        -0.20747734606266022, 
                        0.06980182230472565, 
                        0.9757462739944458
                    ], 
                    "center": [
                        12.451351165771484, 
                        196.31643676757812, 
                        -10.019899368286133
                    ]
                }, 
                {
                    "length": 41.08348846435547, 
                    "direction": [
                        -0.008536284789443016, 
                        0.9964442849159241, 
                        0.08382029086351395
                    ], 
                    "center": [
                        19.924936294555664, 
                        173.3923797607422, 
                        -46.06462097167969
                    ]
                }, 
                {
                    "length": 23.113330841064453, 
                    "direction": [
                        0.26157739758491516, 
                        0.32880955934524536, 
                        -0.9074478149414062
                    ], 
                    "center": [
                        17.07732391357422, 
                        149.1237335205078, 
                        -37.29936599731445
                    ]
                }, 
                {
                    "length": 16.33837890625, 
                    "direction": [
                        0.26138147711753845, 
                        -0.23200422525405884, 
                        -0.9369384050369263
                    ], 
                    "center": [
                        11.919086456298828, 
                        147.21908569335938, 
                        -19.158267974853516
                    ]
                }
            ]
        }, 
        {
            "type": 2, 
            "bone": [
                {
                    "length": 66.7167739868164, 
                    "direction": [
                        -0.07166502624750137, 
                        0.06792433559894562, 
                        0.9951132535934448
                    ], 
                    "center": [
                        -3.673128604888916, 
                        198.31390380859375, 
                        -11.984108924865723
                    ]
                }, 
                {
                    "length": 46.09241485595703, 
                    "direction": [
                        -0.15739226341247559, 
                        0.9792577028274536, 
                        0.1276007741689682
                    ], 
                    "center": [
                        2.344796657562256, 
                        173.47987365722656, 
                        -48.12019348144531
                    ]
                }, 
                {
                    "length": 27.192764282226562, 
                    "direction": [
                        0.04111356660723686, 
                        0.38308125734329224, 
                        -0.922799289226532
                    ], 
                    "center": [
                        5.413095951080322, 
                        145.70318603515625, 
                        -38.51417922973633
                    ]
                }, 
                {
                    "length": 17.970151901245117, 
                    "direction": [
                        0.13012602925300598, 
                        -0.18584486842155457, 
                        -0.9739245176315308
                    ], 
                    "center": [
                        3.684907913208008, 
                        142.16448974609375, 
                        -17.21666145324707
                    ]
                }
            ]
        }, 
        {
            "type": 3, 
            "bone": [
                {
                    "length": 59.90050506591797, 
                    "direction": [
                        0.07933605462312698, 
                        0.0676368772983551, 
                        0.9945507049560547
                    ], 
                    "center": [
                        -20.05122184753418, 
                        197.6927032470703, 
                        -10.141570091247559
                    ]
                }, 
                {
                    "length": 42.725589752197266, 
                    "direction": [
                        -0.19430166482925415, 
                        0.9603204727172852, 
                        0.20007871091365814
                    ], 
                    "center": [
                        -18.276531219482422, 
                        175.15182495117188, 
                        -44.202857971191406
                    ]
                }, 
                {
                    "length": 26.490476608276367, 
                    "direction": [
                        -0.13150550425052643, 
                        0.42214474081993103, 
                        -0.896939218044281
                    ], 
                    "center": [
                        -12.383882522583008, 
                        149.0452880859375, 
                        -36.596923828125
                    ]
                }, 
                {
                    "length": 17.86687469482422, 
                    "direction": [
                        -0.014132115058600903, 
                        -0.15146592259407043, 
                        -0.9883614778518677
                    ], 
                    "center": [
                        -10.515811920166016, 
                        144.8070068359375, 
                        -15.887282371520996
                    ]
                }
            ]
        }, 
        {
            "type": 4, 
            "bone": [
                {
                    "length": 55.44927978515625, 
                    "direction": [
                        0.21804974973201752, 
                        0.026245733723044395, 
                        0.9755846261978149
                    ], 
                    "center": [
                        -35.185699462890625, 
                        191.75033569335938, 
                        -6.239771842956543
                    ]
                }, 
                {
                    "length": 33.81280517578125, 
                    "direction": [
                        -0.24399423599243164, 
                        0.9313753843307495, 
                        0.2701976001262665
                    ], 
                    "center": [
                        -37.105987548828125, 
                        175.2764892578125, 
                        -37.85557556152344
                    ]
                }, 
                {
                    "length": 18.703413009643555, 
                    "direction": [
                        -0.5201154351234436, 
                        0.3585210144519806, 
                        -0.7752049565315247
                    ], 
                    "center": [
                        -28.116954803466797, 
                        156.177490234375, 
                        -35.174156188964844
                    ]
                }, 
                {
                    "length": 16.482967376708984, 
                    "direction": [
                        -0.36375120282173157, 
                        -0.1935638189315796, 
                        -0.9111630320549011
                    ], 
                    "center": [
                        -20.255138397216797, 
                        154.41995239257812, 
                        -20.415332794189453
                    ]
                }
            ]
        }
    ], 
    "hand": {
        "grab_strength": 1.0, 
        "wrist_position": [
            -14.695094108581543, 
            189.9760284423828, 
            29.720022201538086
        ], 
        "palm_width": 87.01065063476562, 
        "palm_velocity": [
            33.872737884521484, 
            -26.031055450439453, 
            -33.242401123046875
        ], 
        "palm_normal": [
            -0.00219987821765244, 
            -0.9966958165168762, 
            -0.08119496703147888
        ], 
        "is_left": true, 
        "palm_position": [
            -5.2014994621276855, 
            190.00123596191406, 
            -21.725027084350586
        ], 
        "pinch_strength": 0.32961931824684143, 
        "is_right": false
    }
}