{
    "timestamp": 33138292505, 
    "id": 506952, 
    "fingers": [
        {
            "type": 0, 
            "bone": [
                {
                    "length": 0.0, 
                    "direction": [
                        0.0, 
                        0.0, 
                        0.0
                    ], 
                    "center": [
                        12.831452369689941, 
                        178.71868896484375, 
                        33.004695892333984
                    ]
                }, 
                {
                    "length": 47.7345085144043, 
                    "direction": [
                        -0.5422357320785522, 
                        0.08900567144155502, 
                        0.8354989290237427
                    ], 
                    "center": [
                        25.773128509521484, 
                        176.5943603515625, 
                        13.063631057739258
                    ]
                }, 
                {
                    "length": 32.60446548461914, 
                    "direction": [
                        -0.27168530225753784, 
                        0.21061451733112335, 
                        0.9390572905540466
                    ], 
                    "center": [
                        43.143882751464844, 
                        171.03656005859375, 
                        -22.18616485595703
                    ]
                }, 
                {
                    "length": 22.380067825317383, 
                    "direction": [
                        0.3851988911628723, 
                        0.3925328850746155, 
                        0.8351884484291077
                    ], 
                    "center": [
                        43.2625732421875, 
                        163.2106170654297, 
                        -46.84068298339844
                    ]
                }
            ]
        }, 
        {
            "type": 1, 
            "bone": [
                {
                    "length": 70.35211181640625, 
                    "direction": [
                        -0.2046590894460678, 
                        0.06876572966575623, 
                        0.9764148592948914
                    ], 
                    "center": [
                        12.86902141571045, 
                        195.858642578125, 
                        -10.284587860107422
                    ]
                }, 
                {
                    "length": 41.083492279052734, 
                    "direction": [
                        -0.004334995988756418, 
                        0.9961734414100647, 
                        0.08729036152362823
                    ], 
                    "center": [
                        20.157169342041016, 
                        172.97659301757812, 
                        -46.424110412597656
                    ]
                }, 
                {
                    "length": 23.11332893371582, 
                    "direction": [
                        0.2605176270008087, 
                        0.33091750741004944, 
                        -0.9069862961769104
                    ], 
                    "center": [
                        17.235502243041992, 
                        148.68914794921875, 
                        -37.735469818115234
                    ]
                }, 
                {
                    "length": 16.338380813598633, 
                    "direction": [
                        0.2579623758792877, 
                        -0.23029419779777527, 
                        -0.9383069276809692
                    ], 
                    "center": [
                        12.117444038391113, 
                        146.7461700439453, 
                        -19.588523864746094
                    ]
                }
            ]
        }, 
        {
            "type": 2, 
            "bone": [
                {
                    "length": 66.7167739868164, 
                    "direction": [
                        -0.06880701333284378, 
                        0.06625223904848099, 
                        0.9954276084899902
                    ], 
                    "center": [
                        -3.251500129699707, 
                        197.93093872070312, 
                        -12.203234672546387
                    ]
                }, 
                {
                    "length": 46.09239959716797, 
                    "direction": [
                        -0.15290945768356323, 
                        0.9792603254318237, 
                        0.132920503616333
                    ], 
                    "center": [
                        2.56777286529541, 
                        173.15264892578125, 
                        -48.472408294677734
                    ]
                }, 
                {
                    "length": 27.192766189575195, 
                    "direction": [
                        0.039520956575870514, 
                        0.38765278458595276, 
                        -0.9209578633308411
                    ], 
                    "center": [
                        5.554412841796875, 
                        145.31373596191406, 
                        -39.01402282714844
                    ]
                }, 
                {
                    "length": 17.970151901245117, 
                    "direction": [
                        0.12612785398960114, 
                        -0.18225310742855072, 
                        -0.9751284718513489
                    ], 
                    "center": [
                        3.8838024139404297, 
                        141.6806182861328, 
                        -17.730724334716797
                    ]
                }
            ]
        }, 
        {
            "type": 3, 
            "bone": [
                {
                    "length": 59.90050506591797, 
                    "direction": [
                        0.08218938112258911, 
                        0.06530120968818665, 
                        0.9944750666618347
                    ], 
                    "center": [
                        -19.62738037109375, 
                        197.37811279296875, 
                        -10.319693565368652
                    ]
                }, 
                {
                    "length": 42.72559356689453, 
                    "direction": [
                        -0.1895168274641037, 
                        0.9605675339698792, 
                        0.20345370471477509
                    ], 
                    "center": [
                        -18.04036521911621, 
                        174.90191650390625, 
                        -44.45081329345703
                    ]
                }, 
                {
                    "length": 26.490480422973633, 
                    "direction": [
                        -0.13194966316223145, 
                        0.4254521429538727, 
                        -0.8953098654747009
                    ], 
                    "center": [
                        -12.244050979614258, 
                        148.74630737304688, 
                        -36.938560485839844
                    ]
                }, 
                {
                    "length": 17.86687469482422, 
                    "direction": [
                        -0.017297405749559402, 
                        -0.14870229363441467, 
                        -0.9887307286262512
                    ], 
                    "center": [
                        -10.341819763183594, 
                        144.43951416015625, 
                        -16.247201919555664
                    ]
                }
            ]
        }, 
        {
            "type": 4, 
            "bone": [
                {
                    "length": 55.44927978515625, 
                    "direction": [
                        0.22067026793956757, 
                        0.023338407278060913, 
                        0.9750692248344421
                    ], 
                    "center": [
                        -34.77780532836914, 
                        191.49461364746094, 
                        -6.390678405761719
                    ]
                }, 
                {
                    "length": 33.81279754638672, 
                    "direction": [
                        -0.238880917429924, 
                        0.9318377375602722, 
                        0.2731563150882721
                    ], 
                    "center": [
                        -36.85719299316406, 
                        175.09353637695312, 
                        -38.042213439941406
                    ]
                }, 
                {
                    "length": 18.703414916992188, 
                    "direction": [
                        -0.5207323431968689, 
                        0.36280733346939087, 
                        -0.7727928161621094
                    ], 
                    "center": [
                        -27.948841094970703, 
                        155.9466552734375, 
                        -35.43336868286133
                    ]
                }, 
                {
                    "length": 16.482967376708984, 
                    "direction": [
                        -0.3672577440738678, 
                        -0.18984052538871765, 
                        -0.9105395674705505
                    ], 
                    "center": [
                        -20.05235481262207, 
                        154.11834716796875, 
                        -20.702239990234375
                    ]
                }
            ]
        }
    ], 
    "hand": {
        "grab_strength": 1.0, 
        "wrist_position": [
            -14.202844619750977, 
            189.5583953857422, 
            29.51255226135254
        ], 
        "palm_width": 87.01065063476562, 
        "palm_velocity": [
            33.88375473022461, 
            -28.415870666503906, 
            -29.64073371887207
        ], 
        "palm_normal": [
            -0.006798273883759975, 
            -0.9965124130249023, 
            -0.08316748589277267
        ], 
        "is_left": true, 
        "palm_position": [
            -4.841501235961914, 
            189.64454650878906, 
            -21.9566593170166
        ], 
        "pinch_strength": 0.33166995644569397, 
        "is_right": false
    }
}