{
    "timestamp": 33138269607, 
    "id": 506950, 
    "fingers": [
        {
            "type": 0, 
            "bone": [
                {
                    "length": 0.0, 
                    "direction": [
                        0.0, 
                        0.0, 
                        0.0
                    ], 
                    "center": [
                        11.944812774658203, 
                        179.84075927734375, 
                        33.750003814697266
                    ]
                }, 
                {
                    "length": 47.73450469970703, 
                    "direction": [
                        -0.5482979416847229, 
                        0.08121205866336823, 
                        0.8323305249214172
                    ], 
                    "center": [
                        25.031177520751953, 
                        177.90245056152344, 
                        13.884561538696289
                    ]
                }, 
                {
                    "length": 32.60446548461914, 
                    "direction": [
                        -0.2763313353061676, 
                        0.20776301622390747, 
                        0.9383366107940674
                    ], 
                    "center": [
                        42.62236022949219, 
                        172.5771484375, 
                        -21.277862548828125
                    ]
                }, 
                {
                    "length": 22.380069732666016, 
                    "direction": [
                        0.38641759753227234, 
                        0.3987877070903778, 
                        0.831654965877533
                    ], 
                    "center": [
                        42.80315399169922, 
                        164.72769165039062, 
                        -45.8810920715332
                    ]
                }
            ]
        }, 
        {
            "type": 1, 
            "bone": [
                {
                    "length": 70.35211181640625, 
                    "direction": [
                        -0.20824961364269257, 
                        0.07078585773706436, 
                        0.975510835647583
                    ], 
                    "center": [
                        11.946425437927246, 
                        196.8023681640625, 
                        -9.609484672546387
                    ]
                }, 
                {
                    "length": 41.0834846496582, 
                    "direction": [
                        -0.013331598602235317, 
                        0.9967218637466431, 
                        0.07979878038167953
                    ], 
                    "center": [
                        19.54568099975586, 
                        173.83798217773438, 
                        -45.563316345214844
                    ]
                }, 
                {
                    "length": 23.113338470458984, 
                    "direction": [
                        0.26052552461624146, 
                        0.32622089982032776, 
                        -0.9086838364601135
                    ], 
                    "center": [
                        16.808727264404297, 
                        149.59356689453125, 
                        -36.70116424560547
                    ]
                }, 
                {
                    "length": 16.338380813598633, 
                    "direction": [
                        0.2630334496498108, 
                        -0.23413169384002686, 
                        -0.9359464645385742
                    ], 
                    "center": [
                        11.649148941040039, 
                        147.7362060546875, 
                        -18.553878784179688
                    ]
                }
            ]
        }, 
        {
            "type": 2, 
            "bone": [
                {
                    "length": 66.7167739868164, 
                    "direction": [
                        -0.07243731617927551, 
                        0.0696684792637825, 
                        0.9949367046356201
                    ], 
                    "center": [
                        -4.1875786781311035, 
                        198.71026611328125, 
                        -11.58448600769043
                    ]
                }, 
                {
                    "length": 46.0924186706543, 
                    "direction": [
                        -0.16260956227779388, 
                        0.9788123369216919, 
                        0.12443611025810242
                    ], 
                    "center": [
                        1.9763474464416504, 
                        173.82833862304688, 
                        -47.641754150390625
                    ]
                }, 
                {
                    "length": 27.192766189575195, 
                    "direction": [
                        0.03996472805738449, 
                        0.3804017901420593, 
                        -0.9239574074745178
                    ], 
                    "center": [
                        5.180505752563477, 
                        146.09832763671875, 
                        -37.947052001953125
                    ]
                }, 
                {
                    "length": 17.97015380859375, 
                    "direction": [
                        0.1319437026977539, 
                        -0.18789377808570862, 
                        -0.9732866287231445
                    ], 
                    "center": [
                        3.451605796813965, 
                        142.61447143554688, 
                        -16.63951873779297
                    ]
                }
            ]
        }, 
        {
            "type": 3, 
            "bone": [
                {
                    "length": 59.900508880615234, 
                    "direction": [
                        0.07856336981058121, 
                        0.07017862051725388, 
                        0.9944358468055725
                    ], 
                    "center": [
                        -20.56292152404785, 
                        198.00634765625, 
                        -9.7472505569458
                    ]
                }, 
                {
                    "length": 42.72559356689453, 
                    "direction": [
                        -0.19945374131202698, 
                        0.9598450660705566, 
                        0.1972704529762268
                    ], 
                    "center": [
                        -18.655025482177734, 
                        175.39950561523438, 
                        -43.7451057434082
                    ]
                }, 
                {
                    "length": 26.490482330322266, 
                    "direction": [
                        -0.1334764063358307, 
                        0.41881242394447327, 
                        -0.8982093930244446
                    ], 
                    "center": [
                        -12.626208305358887, 
                        149.34725952148438, 
                        -36.062355041503906
                    ]
                }, 
                {
                    "length": 17.86687660217285, 
                    "direction": [
                        -0.013075682334601879, 
                        -0.15423379838466644, 
                        -0.9879478812217712
                    ], 
                    "center": [
                        -10.741470336914062, 
                        145.17782592773438, 
                        -15.339582443237305
                    ]
                }
            ]
        }, 
        {
            "type": 4, 
            "bone": [
                {
                    "length": 55.44927978515625, 
                    "direction": [
                        0.21750204265117645, 
                        0.029481904581189156, 
                        0.9756144881248474
                    ], 
                    "center": [
                        -35.6673698425293, 
                        191.99234008789062, 
                        -5.838886260986328
                    ]
                }, 
                {
                    "length": 33.812801361083984, 
                    "direction": [
                        -0.2496289610862732, 
                        0.9307586550712585, 
                        0.2671586573123932
                    ], 
                    "center": [
                        -37.477210998535156, 
                        175.43917846679688, 
                        -37.404136657714844
                    ]
                }, 
                {
                    "length": 18.70342254638672, 
                    "direction": [
                        -0.5212987065315247, 
                        0.35316896438598633, 
                        -0.7768650054931641
                    ], 
                    "center": [
                        -28.381847381591797, 
                        156.40066528320312, 
                        -34.65581130981445
                    ]
                }, 
                {
                    "length": 16.482967376708984, 
                    "direction": [
                        -0.3617430627346039, 
                        -0.19809064269065857, 
                        -0.9109896421432495
                    ], 
                    "center": [
                        -20.5255126953125, 
                        154.73049926757812, 
                        -19.882888793945312
                    ]
                }
            ]
        }
    ], 
    "hand": {
        "grab_strength": 1.0, 
        "wrist_position": [
            -15.182621955871582, 
            190.4032440185547, 
            30.132905960083008
        ], 
        "palm_width": 87.01065063476562, 
        "palm_velocity": [
            31.61676788330078, 
            -23.88571548461914, 
            -32.86002731323242
        ], 
        "palm_normal": [
            0.0031072492711246014, 
            -0.9968645572662354, 
            -0.07906566560268402
        ], 
        "is_left": true, 
        "palm_position": [
            -5.667895793914795, 
            190.36886596679688, 
            -21.3082332611084
        ], 
        "pinch_strength": 0.3272106349468231, 
        "is_right": false
    }
}