{
    "timestamp": 33138361358, 
    "id": 506958, 
    "fingers": [
        {
            "type": 0, 
            "bone": [
                {
                    "length": 0.0, 
                    "direction": [
                        0.0, 
                        0.0, 
                        0.0
                    ], 
                    "center": [
                        16.621843338012695, 
                        174.78643798828125, 
                        31.99875831604004
                    ]
                }, 
                {
                    "length": 47.73450469970703, 
                    "direction": [
                        -0.5156451463699341, 
                        0.11409032344818115, 
                        0.8491722941398621
                    ], 
                    "center": [
                        28.928874969482422, 
                        172.06341552734375, 
                        11.73134994506836
                    ]
                }, 
                {
                    "length": 32.604469299316406, 
                    "direction": [
                        -0.2460886538028717, 
                        0.2154311090707779, 
                        0.9450024962425232
                    ], 
                    "center": [
                        45.247703552246094, 
                        165.82838439941406, 
                        -23.941713333129883
                    ]
                }, 
                {
                    "length": 22.38006591796875, 
                    "direction": [
                        0.4129085838794708, 
                        0.3608638644218445, 
                        0.8362318873405457
                    ], 
                    "center": [
                        44.6390380859375, 
                        158.27828979492188, 
                        -48.70482635498047
                    ]
                }
            ]
        }, 
        {
            "type": 1, 
            "bone": [
                {
                    "length": 70.35211181640625, 
                    "direction": [
                        -0.18065428733825684, 
                        0.05853494629263878, 
                        0.981803297996521
                    ], 
                    "center": [
                        16.63277816772461, 
                        192.804443359375, 
                        -10.932503700256348
                    ]
                }, 
                {
                    "length": 41.08349609375, 
                    "direction": [
                        0.04271712154150009, 
                        0.9911853671073914, 
                        0.12540632486343384
                    ], 
                    "center": [
                        22.110000610351562, 
                        170.38473510742188, 
                        -48.04453659057617
                    ]
                }, 
                {
                    "length": 23.11332893371582, 
                    "direction": [
                        0.259949654340744, 
                        0.35450679063796997, 
                        -0.8981932401657104
                    ], 
                    "center": [
                        18.228364944458008, 
                        145.9271240234375, 
                        -40.240482330322266
                    ]
                }, 
                {
                    "length": 16.338380813598633, 
                    "direction": [
                        0.23049867153167725, 
                        -0.21052585542201996, 
                        -0.9500259160995483
                    ], 
                    "center": [
                        13.341226577758789, 
                        143.550048828125, 
                        -22.099422454833984
                    ]
                }
            ]
        }, 
        {
            "type": 2, 
            "bone": [
                {
                    "length": 66.7167739868164, 
                    "direction": [
                        -0.04474019259214401, 
                        0.04879549518227577, 
                        0.997806191444397
                    ], 
                    "center": [
                        0.6018692255020142, 
                        195.7244873046875, 
                        -12.458938598632812
                    ]
                }, 
                {
                    "length": 46.092403411865234, 
                    "direction": [
                        -0.10076206177473068, 
                        0.9804996848106384, 
                        0.16872264444828033
                    ], 
                    "center": [
                        4.416512489318848, 
                        171.49996948242188, 
                        -49.63256072998047
                    ]
                }, 
                {
                    "length": 27.192768096923828, 
                    "direction": [
                        0.03700949251651764, 
                        0.4162627160549164, 
                        -0.908490777015686
                    ], 
                    "center": [
                        6.235500335693359, 
                        143.24349975585938, 
                        -41.168785095214844
                    ]
                }, 
                {
                    "length": 17.970155715942383, 
                    "direction": [
                        0.09415589272975922, 
                        -0.15952810645103455, 
                        -0.9826929569244385
                    ], 
                    "center": [
                        4.8863067626953125, 
                        139.0172119140625, 
                        -19.987024307250977
                    ]
                }
            ]
        }, 
        {
            "type": 3, 
            "bone": [
                {
                    "length": 59.900508880615234, 
                    "direction": [
                        0.10596147924661636, 
                        0.04027216136455536, 
                        0.9935542941093445
                    ], 
                    "center": [
                        -15.73847484588623, 
                        195.9566650390625, 
                        -10.231372833251953
                    ]
                }, 
                {
                    "length": 42.725582122802734, 
                    "direction": [
                        -0.13560575246810913, 
                        0.9619855880737305, 
                        0.23705460131168365
                    ], 
                    "center": [
                        -16.0151309967041, 
                        174.19979858398438, 
                        -45.05272674560547
                    ]
                }, 
                {
                    "length": 26.490488052368164, 
                    "direction": [
                        -0.12862172722816467, 
                        0.4598841667175293, 
                        -0.8786141872406006
                    ], 
                    "center": [
                        -11.414587020874023, 
                        147.55783081054688, 
                        -38.47941589355469
                    ]
                }, 
                {
                    "length": 17.86687469482422, 
                    "direction": [
                        -0.04501543194055557, 
                        -0.1196935623884201, 
                        -0.9917898178100586
                    ], 
                    "center": [
                        -9.308818817138672, 
                        142.53582763671875, 
                        -17.981863021850586
                    ]
                }
            ]
        }, 
        {
            "type": 4, 
            "bone": [
                {
                    "length": 55.449283599853516, 
                    "direction": [
                        0.24170422554016113, 
                        -0.008187292143702507, 
                        0.9703153967857361
                    ], 
                    "center": [
                        -31.08325958251953, 
                        190.76165771484375, 
                        -6.091615676879883
                    ]
                }, 
                {
                    "length": 33.81281280517578, 
                    "direction": [
                        -0.18357011675834656, 
                        0.9359976053237915, 
                        0.300350546836853
                    ], 
                    "center": [
                        -34.680912017822266, 
                        175.16429138183594, 
                        -38.07111358642578
                    ]
                }, 
                {
                    "length": 18.703413009643555, 
                    "direction": [
                        -0.5176851749420166, 
                        0.40837958455085754, 
                        -0.7518165111541748
                    ], 
                    "center": [
                        -26.736162185668945, 
                        155.52088928222656, 
                        -36.118194580078125
                    ]
                }, 
                {
                    "length": 16.48296546936035, 
                    "direction": [
                        -0.3960540294647217, 
                        -0.1492639183998108, 
                        -0.906014084815979
                    ], 
                    "center": [
                        -18.630849838256836, 
                        152.9320068359375, 
                        -21.620525360107422
                    ]
                }
            ]
        }
    ], 
    "hand": {
        "grab_strength": 1.0, 
        "wrist_position": [
            -9.894301414489746, 
            187.0426788330078, 
            29.310604095458984
        ], 
        "palm_width": 87.01065063476562, 
        "palm_velocity": [
            51.96650314331055, 
            -26.22319793701172, 
            -4.5049028396606445
        ], 
        "palm_normal": [
            -0.059056367725133896, 
            -0.9929518699645996, 
            -0.10275670140981674
        ], 
        "is_left": true, 
        "palm_position": [
            -1.6079338788986206, 
            187.73435974121094, 
            -22.3380126953125
        ], 
        "pinch_strength": 0.35443851351737976, 
        "is_right": false
    }
}