{
    "timestamp": 33138384330, 
    "id": 506960, 
    "fingers": [
        {
            "type": 0, 
            "bone": [
                {
                    "length": 0.0, 
                    "direction": [
                        0.0, 
                        0.0, 
                        0.0
                    ], 
                    "center": [
                        17.7410945892334, 
                        173.50767517089844, 
                        32.03568649291992
                    ]
                }, 
                {
                    "length": 47.7345085144043, 
                    "direction": [
                        -0.5143099427223206, 
                        0.11917417496442795, 
                        0.8492836952209473
                    ], 
                    "center": [
                        30.01626205444336, 
                        170.66331481933594, 
                        11.765617370605469
                    ]
                }, 
                {
                    "length": 32.60446548461914, 
                    "direction": [
                        -0.2472081333398819, 
                        0.21338506042957306, 
                        0.9451746344566345
                    ], 
                    "center": [
                        46.32147216796875, 
                        164.34030151367188, 
                        -23.91290855407715
                    ]
                }, 
                {
                    "length": 22.380067825317383, 
                    "direction": [
                        0.4196434020996094, 
                        0.34794026613235474, 
                        0.8383537530899048
                    ], 
                    "center": [
                        45.65569305419922, 
                        156.9681854248047, 
                        -48.702571868896484
                    ]
                }
            ]
        }, 
        {
            "type": 1, 
            "bone": [
                {
                    "length": 70.35211181640625, 
                    "direction": [
                        -0.1803077608346939, 
                        0.052731793373823166, 
                        0.9821957349777222
                    ], 
                    "center": [
                        18.099292755126953, 
                        191.91390991210938, 
                        -10.72906494140625
                    ]
                }, 
                {
                    "length": 41.0834846496582, 
                    "direction": [
                        0.059247586876153946, 
                        0.9888472557067871, 
                        0.13664168119430542
                    ], 
                    "center": [
                        23.224760055541992, 
                        169.74636840820312, 
                        -48.085697174072266
                    ]
                }, 
                {
                    "length": 23.11333465576172, 
                    "direction": [
                        0.2676613926887512, 
                        0.35993531346321106, 
                        -0.8937582969665527
                    ], 
                    "center": [
                        18.914438247680664, 
                        145.27406311035156, 
                        -40.56368637084961
                    ]
                }, 
                {
                    "length": 16.338380813598633, 
                    "direction": [
                        0.22859837114810944, 
                        -0.20476168394088745, 
                        -0.9517433643341064
                    ], 
                    "center": [
                        13.95370101928711, 
                        142.78713989257812, 
                        -22.45984649658203
                    ]
                }
            ]
        }, 
        {
            "type": 2, 
            "bone": [
                {
                    "length": 66.7167739868164, 
                    "direction": [
                        -0.04459717869758606, 
                        0.04046153277158737, 
                        0.9981852769851685
                    ], 
                    "center": [
                        2.123215913772583, 
                        195.12881469726562, 
                        -12.237746238708496
                    ]
                }, 
                {
                    "length": 46.092403411865234, 
                    "direction": [
                        -0.08361495286226273, 
                        0.9804834723472595, 
                        0.17793430387973785
                    ], 
                    "center": [
                        5.537912845611572, 
                        171.1826629638672, 
                        -49.63630676269531
                    ]
                }, 
                {
                    "length": 27.192768096923828, 
                    "direction": [
                        0.04468582570552826, 
                        0.42402487993240356, 
                        -0.9045473337173462
                    ], 
                    "center": [
                        6.857354164123535, 
                        142.821044921875, 
                        -41.438446044921875
                    ]
                }, 
                {
                    "length": 17.970149993896484, 
                    "direction": [
                        0.09175775200128555, 
                        -0.1520983725786209, 
                        -0.984096884727478
                    ], 
                    "center": [
                        5.4253387451171875, 
                        138.42245483398438, 
                        -20.297687530517578
                    ]
                }
            ]
        }, 
        {
            "type": 3, 
            "bone": [
                {
                    "length": 59.900508880615234, 
                    "direction": [
                        0.10593470185995102, 
                        0.029332542791962624, 
                        0.9939402937889099
                    ], 
                    "center": [
                        -14.212139129638672, 
                        195.62753295898438, 
                        -10.017328262329102
                    ]
                }, 
                {
                    "length": 42.7255859375, 
                    "direction": [
                        -0.11886634677648544, 
                        0.9619301557540894, 
                        0.24609187245368958
                    ], 
                    "center": [
                        -14.845593452453613, 
                        174.19949340820312, 
                        -45.043304443359375
                    ]
                }, 
                {
                    "length": 26.4904842376709, 
                    "direction": [
                        -0.1198398619890213, 
                        0.4704396426677704, 
                        -0.8742568492889404
                    ], 
                    "center": [
                        -10.718968391418457, 
                        147.41888427734375, 
                        -38.72077178955078
                    ]
                }, 
                {
                    "length": 17.86687469482422, 
                    "direction": [
                        -0.04633314162492752, 
                        -0.10949648171663284, 
                        -0.9929068088531494
                    ], 
                    "center": [
                        -8.71774673461914, 
                        142.16598510742188, 
                        -18.270957946777344
                    ]
                }
            ]
        }, 
        {
            "type": 4, 
            "bone": [
                {
                    "length": 55.44927978515625, 
                    "direction": [
                        0.2408226579427719, 
                        -0.021288281306624413, 
                        0.9703356623649597
                    ], 
                    "center": [
                        -29.648733139038086, 
                        190.66517639160156, 
                        -5.933849334716797
                    ]
                }, 
                {
                    "length": 33.812801361083984, 
                    "direction": [
                        -0.16731120645999908, 
                        0.936255156993866, 
                        0.308922678232193
                    ], 
                    "center": [
                        -33.496826171875, 
                        175.4266815185547, 
                        -38.0588264465332
                    ]
                }, 
                {
                    "length": 18.703418731689453, 
                    "direction": [
                        -0.5097411870956421, 
                        0.42443984746932983, 
                        -0.7483412623405457
                    ], 
                    "center": [
                        -25.901241302490234, 
                        155.6287384033203, 
                        -36.2833251953125
                    ]
                }, 
                {
                    "length": 16.482967376708984, 
                    "direction": [
                        -0.39781704545021057, 
                        -0.13383381068706512, 
                        -0.907650887966156
                    ], 
                    "center": [
                        -17.855688095092773, 
                        152.76248168945312, 
                        -21.80466651916504
                    ]
                }
            ]
        }
    ], 
    "hand": {
        "grab_strength": 1.0, 
        "wrist_position": [
            -8.55388355255127, 
            186.25164794921875, 
            29.44478988647461
        ], 
        "palm_width": 87.01065063476562, 
        "palm_velocity": [
            56.877655029296875, 
            -22.926054000854492, 
            0.9612005352973938
        ], 
        "palm_normal": [
            -0.07640239596366882, 
            -0.9907822608947754, 
            -0.11186224222183228
        ], 
        "is_left": true, 
        "palm_position": [
            -0.21936486661434174, 
            187.2692413330078, 
            -22.190685272216797
        ], 
        "pinch_strength": 0.3579520583152771, 
        "is_right": false
    }
}