{
    "timestamp": 33129254908, 
    "id": 506195, 
    "fingers": [
        {
            "type": 0, 
            "bone": [
                {
                    "length": 0.0, 
                    "direction": [
                        0.0, 
                        0.0, 
                        0.0
                    ], 
                    "center": [
                        1.5373845100402832, 
                        211.74667358398438, 
                        54.74679946899414
                    ]
                }, 
                {
                    "length": 47.7345085144043, 
                    "direction": [
                        -0.5571705102920532, 
                        -0.07251827418804169, 
                        0.8272255659103394
                    ], 
                    "center": [
                        14.835514068603516, 
                        213.47747802734375, 
                        35.003196716308594
                    ]
                }, 
                {
                    "length": 32.60446548461914, 
                    "direction": [
                        -0.2487136721611023, 
                        0.0534934476017952, 
                        0.9670987129211426
                    ], 
                    "center": [
                        32.188232421875, 
                        214.33624267578125, 
                        -0.5062756538391113
                    ]
                }, 
                {
                    "length": 22.380067825317383, 
                    "direction": [
                        0.37790215015411377, 
                        0.25749844312667847, 
                        0.889316976070404
                    ], 
                    "center": [
                        32.01408386230469, 
                        210.582763671875, 
                        -26.223630905151367
                    ]
                }
            ]
        }, 
        {
            "type": 1, 
            "bone": [
                {
                    "length": 70.35211181640625, 
                    "direction": [
                        -0.20031417906284332, 
                        -0.08648556470870972, 
                        0.9759069681167603
                    ], 
                    "center": [
                        1.0332484245300293, 
                        235.36146545410156, 
                        14.624126434326172
                    ]
                }, 
                {
                    "length": 41.083492279052734, 
                    "direction": [
                        -0.015097414143383503, 
                        0.9760323166847229, 
                        0.21710123121738434
                    ], 
                    "center": [
                        8.389638900756836, 
                        218.35427856445312, 
                        -24.164072036743164
                    ]
                }, 
                {
                    "length": 23.113330841064453, 
                    "direction": [
                        0.25424304604530334, 
                        0.45148614048957825, 
                        -0.8552898168563843
                    ], 
                    "center": [
                        5.761564254760742, 
                        193.08718872070312, 
                        -18.739412307739258
                    ]
                }, 
                {
                    "length": 16.338380813598633, 
                    "direction": [
                        0.25869321823120117, 
                        -0.09148336201906204, 
                        -0.961617648601532
                    ], 
                    "center": [
                        0.7100479602813721, 
                        188.6168670654297, 
                        -0.9994773864746094
                    ]
                }
            ]
        }, 
        {
            "type": 2, 
            "bone": [
                {
                    "length": 66.7167739868164, 
                    "direction": [
                        -0.06433390080928802, 
                        -0.08945440500974655, 
                        0.9939109683036804
                    ], 
                    "center": [
                        -15.131388664245605, 
                        237.4141387939453, 
                        13.095129013061523
                    ]
                }, 
                {
                    "length": 46.092403411865234, 
                    "direction": [
                        -0.1657649278640747, 
                        0.9567139148712158, 
                        0.2392078936100006
                    ], 
                    "center": [
                        -9.165060997009277, 
                        218.34957885742188, 
                        -25.57297134399414
                    ]
                }, 
                {
                    "length": 27.19276237487793, 
                    "direction": [
                        0.03609341382980347, 
                        0.4889150857925415, 
                        -0.8715843558311462
                    ], 
                    "center": [
                        -5.8355488777160645, 
                        189.65347290039062, 
                        -19.23541259765625
                    ]
                }, 
                {
                    "length": 17.970151901245117, 
                    "direction": [
                        0.12805946171283722, 
                        -0.05376873165369034, 
                        -0.9903078079223633
                    ], 
                    "center": [
                        -7.476912498474121, 
                        183.48910522460938, 
                        1.5129725933074951
                    ]
                }
            ]
        }, 
        {
            "type": 3, 
            "bone": [
                {
                    "length": 59.900508880615234, 
                    "direction": [
                        0.08664844930171967, 
                        -0.08752433210611343, 
                        0.9923867583274841
                    ], 
                    "center": [
                        -31.48432159423828, 
                        236.28207397460938, 
                        14.917987823486328
                    ]
                }, 
                {
                    "length": 42.72557830810547, 
                    "direction": [
                        -0.20861628651618958, 
                        0.9341684579849243, 
                        0.2894970774650574
                    ], 
                    "center": [
                        -29.62283706665039, 
                        218.94699096679688, 
                        -20.988712310791016
                    ]
                }, 
                {
                    "length": 26.490489959716797, 
                    "direction": [
                        -0.14361485838890076, 
                        0.5043463110923767, 
                        -0.8514748215675354
                    ], 
                    "center": [
                        -23.26399803161621, 
                        192.31036376953125, 
                        -15.895184516906738
                    ]
                }, 
                {
                    "length": 17.86687469482422, 
                    "direction": [
                        -0.022915886715054512, 
                        -0.03352225944399834, 
                        -0.9991752505302429
                    ], 
                    "center": [
                        -21.157066345214844, 
                        185.9296417236328, 
                        4.308878421783447
                    ]
                }
            ]
        }, 
        {
            "type": 4, 
            "bone": [
                {
                    "length": 55.44927978515625, 
                    "direction": [
                        0.22572554647922516, 
                        -0.1234855204820633, 
                        0.9663329124450684
                    ], 
                    "center": [
                        -46.50790023803711, 
                        229.59042358398438, 
                        17.934947967529297
                    ]
                }, 
                {
                    "length": 33.812801361083984, 
                    "direction": [
                        -0.28390616178512573, 
                        0.8854066729545593, 
                        0.3680386245250702
                    ], 
                    "center": [
                        -47.96622848510742, 
                        218.0449676513672, 
                        -15.078493118286133
                    ]
                }, 
                {
                    "length": 18.70341682434082, 
                    "direction": [
                        -0.506670355796814, 
                        0.43477484583854675, 
                        -0.7444836497306824
                    ], 
                    "center": [
                        -38.42816162109375, 
                        199.01004028320312, 
                        -14.338506698608398
                    ]
                }, 
                {
                    "length": 16.48296546936035, 
                    "direction": [
                        -0.3369441628456116, 
                        -0.07341508567333221, 
                        -0.9386580586433411
                    ], 
                    "center": [
                        -30.913009643554688, 
                        195.5491943359375, 
                        0.3596210479736328
                    ]
                }
            ]
        }
    ], 
    "hand": {
        "grab_strength": 1.0, 
        "wrist_position": [
            -25.700328826904297, 
            222.50636291503906, 
            53.04877853393555
        ], 
        "palm_width": 87.01065063476562, 
        "palm_velocity": [
            25.66092300415039, 
            -6.891897201538086, 
            -4.133908748626709
        ], 
        "palm_normal": [
            0.010038597509264946, 
            -0.9716881513595581, 
            -0.23605379462242126
        ], 
        "is_left": true, 
        "palm_position": [
            -16.632219314575195, 
            230.70538330078125, 
            2.183588981628418
        ], 
        "pinch_strength": 0.29885268211364746, 
        "is_right": false
    }
}