{
    "timestamp": 33138441711, 
    "id": 506965, 
    "fingers": [
        {
            "type": 0, 
            "bone": [
                {
                    "length": 0.0, 
                    "direction": [
                        0.0, 
                        0.0, 
                        0.0
                    ], 
                    "center": [
                        20.00990867614746, 
                        171.46685791015625, 
                        32.285911560058594
                    ]
                }, 
                {
                    "length": 47.7345085144043, 
                    "direction": [
                        -0.5191617012023926, 
                        0.12867605686187744, 
                        0.8449340462684631
                    ], 
                    "center": [
                        32.40087127685547, 
                        168.39572143554688, 
                        12.119654655456543
                    ]
                }, 
                {
                    "length": 32.604461669921875, 
                    "direction": [
                        -0.25588107109069824, 
                        0.2107357531785965, 
                        0.9434592127799988
                    ], 
                    "center": [
                        48.9632682800293, 
                        161.88909912109375, 
                        -23.427093505859375
                    ]
                }, 
                {
                    "length": 22.380075454711914, 
                    "direction": [
                        0.4307412803173065, 
                        0.32458361983299255, 
                        0.8420851230621338
                    ], 
                    "center": [
                        48.31468963623047, 
                        154.821533203125, 
                        -48.23054504394531
                    ]
                }
            ]
        }, 
        {
            "type": 1, 
            "bone": [
                {
                    "length": 70.35211181640625, 
                    "direction": [
                        -0.1880868524312973, 
                        0.045659389346838, 
                        0.9810904860496521
                    ], 
                    "center": [
                        21.412639617919922, 
                        190.42193603515625, 
                        -10.216782569885254
                    ]
                }, 
                {
                    "length": 41.08348083496094, 
                    "direction": [
                        0.08865383267402649, 
                        0.9832791686058044, 
                        0.15906822681427002
                    ], 
                    "center": [
                        26.20768928527832, 
                        168.6175537109375, 
                        -47.995216369628906
                    ]
                }, 
                {
                    "length": 23.11333465576172, 
                    "direction": [
                        0.2900429368019104, 
                        0.36991646885871887, 
                        -0.8826306462287903
                    ], 
                    "center": [
                        21.034656524658203, 
                        144.144287109375, 
                        -41.06248474121094
                    ]
                }, 
                {
                    "length": 16.338380813598633, 
                    "direction": [
                        0.2332714945077896, 
                        -0.19510678946971893, 
                        -0.9526373147964478
                    ], 
                    "center": [
                        15.77708625793457, 
                        141.463134765625, 
                        -23.079940795898438
                    ]
                }
            ]
        }, 
        {
            "type": 2, 
            "bone": [
                {
                    "length": 66.7167739868164, 
                    "direction": [
                        -0.05303383246064186, 
                        0.02856861613690853, 
                        0.9981839060783386
                    ], 
                    "center": [
                        5.570255279541016, 
                        194.19810485839844, 
                        -11.83115291595459
                    ]
                }, 
                {
                    "length": 46.092411041259766, 
                    "direction": [
                        -0.05206683650612831, 
                        0.9806293249130249, 
                        0.1888260692358017
                    ], 
                    "center": [
                        8.539321899414062, 
                        170.64532470703125, 
                        -49.480682373046875
                    ]
                }, 
                {
                    "length": 27.192760467529297, 
                    "direction": [
                        0.06855151057243347, 
                        0.43213340640068054, 
                        -0.899200439453125
                    ], 
                    "center": [
                        8.807211875915527, 
                        142.17007446289062, 
                        -41.606536865234375
                    ]
                }, 
                {
                    "length": 17.970149993896484, 
                    "direction": [
                        0.09678583592176437, 
                        -0.14405043423175812, 
                        -0.984825849533081
                    ], 
                    "center": [
                        7.0055317878723145, 
                        137.58892822265625, 
                        -20.531932830810547
                    ]
                }
            ]
        }, 
        {
            "type": 3, 
            "bone": [
                {
                    "length": 59.900508880615234, 
                    "direction": [
                        0.09706928580999374, 
                        0.01238600630313158, 
                        0.995200514793396
                    ], 
                    "center": [
                        -10.759920120239258, 
                        195.22210693359375, 
                        -9.75761604309082
                    ]
                }, 
                {
                    "length": 42.72559356689453, 
                    "direction": [
                        -0.08883235603570938, 
                        0.9623057246208191, 
                        0.25705382227897644
                    ], 
                    "center": [
                        -11.769462585449219, 
                        174.29360961914062, 
                        -45.055511474609375
                    ]
                }, 
                {
                    "length": 26.490474700927734, 
                    "direction": [
                        -0.09476650506258011, 
                        0.4848463833332062, 
                        -0.869450032711029
                    ], 
                    "center": [
                        -8.61655044555664, 
                        147.3141632080078, 
                        -39.03083038330078
                    ]
                }, 
                {
                    "length": 17.86687660217285, 
                    "direction": [
                        -0.039706822484731674, 
                        -0.09543662518262863, 
                        -0.9946432113647461
                    ], 
                    "center": [
                        -7.006627082824707, 
                        141.74484252929688, 
                        -18.629173278808594
                    ]
                }
            ]
        }, 
        {
            "type": 4, 
            "bone": [
                {
                    "length": 55.44927978515625, 
                    "direction": [
                        0.23039141297340393, 
                        -0.04247061908245087, 
                        0.9721707701683044
                    ], 
                    "center": [
                        -26.395214080810547, 
                        190.73318481445312, 
                        -5.88783073425293
                    ]
                }, 
                {
                    "length": 33.812801361083984, 
                    "direction": [
                        -0.14066684246063232, 
                        0.9377930760383606, 
                        0.31742238998413086
                    ], 
                    "center": [
                        -30.404563903808594, 
                        176.0559539794922, 
                        -38.2073860168457
                    ]
                }, 
                {
                    "length": 18.703414916992188, 
                    "direction": [
                        -0.4857981503009796, 
                        0.4491799473762512, 
                        -0.7498250007629395
                    ], 
                    "center": [
                        -23.483352661132812, 
                        156.00064086914062, 
                        -36.56171417236328
                    ]
                }, 
                {
                    "length": 16.482967376708984, 
                    "direction": [
                        -0.39046910405158997, 
                        -0.10950376093387604, 
                        -0.9140803217887878
                    ], 
                    "center": [
                        -15.722265243530273, 
                        152.7025146484375, 
                        -22.016189575195312
                    ]
                }
            ]
        }
    ], 
    "hand": {
        "grab_strength": 1.0, 
        "wrist_position": [
            -5.811548709869385, 
            185.13107299804688, 
            29.623422622680664
        ], 
        "palm_width": 87.01065063476562, 
        "palm_velocity": [
            54.4547119140625, 
            -12.391676902770996, 
            3.8514838218688965
        ], 
        "palm_normal": [
            -0.10880982875823975, 
            -0.9860230088233948, 
            -0.12617073953151703
        ], 
        "is_left": true, 
        "palm_position": [
            3.0609970092773438, 
            186.55685424804688, 
            -21.91265296936035
        ], 
        "pinch_strength": 0.3686774969100952, 
        "is_right": false
    }
}