{
    "timestamp": 33138398054, 
    "id": 506961, 
    "fingers": [
        {
            "type": 0, 
            "bone": [
                {
                    "length": 0.0, 
                    "direction": [
                        0.0, 
                        0.0, 
                        0.0
                    ], 
                    "center": [
                        18.310047149658203, 
                        172.85519409179688, 
                        32.080963134765625
                    ]
                }, 
                {
                    "length": 47.7345085144043, 
                    "direction": [
                        -0.5154376029968262, 
                        0.12124429643154144, 
                        0.8483064770698547
                    ], 
                    "center": [
                        30.61212730407715, 
                        169.96142578125, 
                        11.834217071533203
                    ]
                }, 
                {
                    "length": 32.60446548461914, 
                    "direction": [
                        -0.24936161935329437, 
                        0.211765319108963, 
                        0.9449731111526489
                    ], 
                    "center": [
                        46.9793586730957, 
                        163.61541748046875, 
                        -23.81770133972168
                    ]
                }, 
                {
                    "length": 22.38007164001465, 
                    "direction": [
                        0.42318734526634216, 
                        0.34042537212371826, 
                        0.8396565318107605
                    ], 
                    "center": [
                        46.30902862548828, 
                        156.35379028320312, 
                        -48.61865997314453
                    ]
                }
            ]
        }, 
        {
            "type": 1, 
            "bone": [
                {
                    "length": 70.35211944580078, 
                    "direction": [
                        -0.18213646113872528, 
                        0.049513768404722214, 
                        0.9820257425308228
                    ], 
                    "center": [
                        18.95195198059082, 
                        191.47409057617188, 
                        -10.588305473327637
                    ]
                }, 
                {
                    "length": 41.0834846496582, 
                    "direction": [
                        0.06801772117614746, 
                        0.9872628450393677, 
                        0.14382538199424744
                    ], 
                    "center": [
                        23.961593627929688, 
                        169.45230102539062, 
                        -48.086524963378906
                    ]
                }, 
                {
                    "length": 23.11333465576172, 
                    "direction": [
                        0.27369582653045654, 
                        0.36357152462005615, 
                        -0.8904528617858887
                    ], 
                    "center": [
                        19.401378631591797, 
                        144.97052001953125, 
                        -40.750282287597656
                    ]
                }, 
                {
                    "length": 16.33837890625, 
                    "direction": [
                        0.22941900789737701, 
                        -0.20110072195529938, 
                        -0.9523262977600098
                    ], 
                    "center": [
                        14.3641996383667, 
                        142.41168212890625, 
                        -22.679882049560547
                    ]
                }
            ]
        }, 
        {
            "type": 2, 
            "bone": [
                {
                    "length": 66.7167739868164, 
                    "direction": [
                        -0.04659193009138107, 
                        0.035825811326503754, 
                        0.9982712864875793
                    ], 
                    "center": [
                        3.0119481086730957, 
                        194.85385131835938, 
                        -12.118083000183105
                    ]
                }, 
                {
                    "length": 46.092403411865234, 
                    "direction": [
                        -0.07439038902521133, 
                        0.9803391098976135, 
                        0.1827598214149475
                    ], 
                    "center": [
                        6.280595779418945, 
                        171.065673828125, 
                        -49.63072204589844
                    ]
                }, 
                {
                    "length": 27.19277000427246, 
                    "direction": [
                        0.05102422088384628, 
                        0.42813238501548767, 
                        -0.902274489402771
                    ], 
                    "center": [
                        7.301266670227051, 
                        142.65151977539062, 
                        -41.574974060058594
                    ]
                }, 
                {
                    "length": 17.97015380859375, 
                    "direction": [
                        0.09261536598205566, 
                        -0.1480446606874466, 
                        -0.9846345782279968
                    ], 
                    "center": [
                        5.775365829467773, 
                        138.16067504882812, 
                        -20.460285186767578
                    ]
                }
            ]
        }, 
        {
            "type": 3, 
            "bone": [
                {
                    "length": 59.900508880615234, 
                    "direction": [
                        0.10383294522762299, 
                        0.023236211389303207, 
                        0.9943232536315918
                    ], 
                    "center": [
                        -13.322990417480469, 
                        195.502197265625, 
                        -9.93353271484375
                    ]
                }, 
                {
                    "length": 42.72559356689453, 
                    "direction": [
                        -0.10998769104480743, 
                        0.9617457389831543, 
                        0.25089412927627563
                    ], 
                    "center": [
                        -14.083168983459473, 
                        174.26068115234375, 
                        -45.073570251464844
                    ]
                }, 
                {
                    "length": 26.490480422973633, 
                    "direction": [
                        -0.11306124180555344, 
                        0.47618135809898376, 
                        -0.8720483779907227
                    ], 
                    "center": [
                        -10.236001014709473, 
                        147.407958984375, 
                        -38.882877349853516
                    ]
                }, 
                {
                    "length": 17.86687660217285, 
                    "direction": [
                        -0.04496970772743225, 
                        -0.10388977825641632, 
                        -0.9935716390609741
                    ], 
                    "center": [
                        -8.336743354797363, 
                        142.0289306640625, 
                        -18.456377029418945
                    ]
                }
            ]
        }, 
        {
            "type": 4, 
            "bone": [
                {
                    "length": 55.449283599853516, 
                    "direction": [
                        0.2382725030183792, 
                        -0.028590578585863113, 
                        0.9707773327827454
                    ], 
                    "center": [
                        -28.817419052124023, 
                        190.6714630126953, 
                        -5.911717414855957
                    ]
                }, 
                {
                    "length": 33.81279754638672, 
                    "direction": [
                        -0.15893815457820892, 
                        0.9362909197807312, 
                        0.31320586800575256
                    ], 
                    "center": [
                        -32.736366271972656, 
                        175.63482666015625, 
                        -38.12135314941406
                    ]
                }, 
                {
                    "length": 18.703420639038086, 
                    "direction": [
                        -0.5035949945449829, 
                        0.43319040536880493, 
                        -0.7474878430366516
                    ], 
                    "center": [
                        -25.339820861816406, 
                        155.7544403076172, 
                        -36.426246643066406
                    ]
                }, 
                {
                    "length": 16.48296546936035, 
                    "direction": [
                        -0.3967553973197937, 
                        -0.12528933584690094, 
                        -0.9093337059020996
                    ], 
                    "center": [
                        -17.360492706298828, 
                        152.73593139648438, 
                        -21.941699981689453
                    ]
                }
            ]
        }
    ], 
    "hand": {
        "grab_strength": 1.0, 
        "wrist_position": [
            -7.851969242095947, 
            185.87060546875, 
            29.493389129638672
        ], 
        "palm_width": 87.01065063476562, 
        "palm_velocity": [
            58.423519134521484, 
            -19.715835571289062, 
            2.6816213130950928
        ], 
        "palm_normal": [
            -0.08587895333766937, 
            -0.9894002676010132, 
            -0.11709807813167572
        ], 
        "is_left": true, 
        "palm_position": [
            0.616034746170044, 
            187.06842041015625, 
            -22.116493225097656
        ], 
        "pinch_strength": 0.3608956038951874, 
        "is_right": false
    }
}