{
    "timestamp": 33129271874, 
    "id": 506196, 
    "fingers": [
        {
            "type": 0, 
            "bone": [
                {
                    "length": 0.0, 
                    "direction": [
                        0.0, 
                        0.0, 
                        0.0
                    ], 
                    "center": [
                        1.8835134506225586, 
                        211.4640350341797, 
                        54.69668960571289
                    ]
                }, 
                {
                    "length": 47.7345085144043, 
                    "direction": [
                        -0.5568177103996277, 
                        -0.07093947380781174, 
                        0.8276000022888184
                    ], 
                    "center": [
                        15.173221588134766, 
                        213.15716552734375, 
                        34.94415283203125
                    ]
                }, 
                {
                    "length": 32.60446548461914, 
                    "direction": [
                        -0.24864716827869415, 
                        0.05297771841287613, 
                        0.967144250869751
                    ], 
                    "center": [
                        32.51643371582031, 
                        213.98663330078125, 
                        -0.5749988555908203
                    ]
                }, 
                {
                    "length": 22.380069732666016, 
                    "direction": [
                        0.3810730278491974, 
                        0.25469350814819336, 
                        0.8887714147567749
                    ], 
                    "center": [
                        32.30571746826172, 
                        210.27294921875, 
                        -26.2869930267334
                    ]
                }
            ]
        }, 
        {
            "type": 1, 
            "bone": [
                {
                    "length": 70.35211181640625, 
                    "direction": [
                        -0.19994543492794037, 
                        -0.087317556142807, 
                        0.9759085178375244
                    ], 
                    "center": [
                        1.4580316543579102, 
                        235.15359497070312, 
                        14.617208480834961
                    ]
                }, 
                {
                    "length": 41.08348083496094, 
                    "direction": [
                        -0.010286135599017143, 
                        0.9757726192474365, 
                        0.21854530274868011
                    ], 
                    "center": [
                        8.702618598937988, 
                        218.18101501464844, 
                        -24.200706481933594
                    ]
                }, 
                {
                    "length": 23.11333465576172, 
                    "direction": [
                        0.2557980716228485, 
                        0.4515395164489746, 
                        -0.8547978401184082
                    ], 
                    "center": [
                        5.957740306854248, 
                        192.9186553955078, 
                        -18.81139373779297
                    ]
                }, 
                {
                    "length": 16.338380813598633, 
                    "direction": [
                        0.25759294629096985, 
                        -0.09116115421056747, 
                        -0.9619436264038086
                    ], 
                    "center": [
                        0.8972408771514893, 
                        188.445068359375, 
                        -1.0744802951812744
                    ]
                }
            ]
        }, 
        {
            "type": 2, 
            "bone": [
                {
                    "length": 66.71678161621094, 
                    "direction": [
                        -0.06396634131669998, 
                        -0.09095427393913269, 
                        0.993798553943634
                    ], 
                    "center": [
                        -14.698041915893555, 
                        237.28451538085938, 
                        13.104825019836426
                    ]
                }, 
                {
                    "length": 46.09241485595703, 
                    "direction": [
                        -0.1611187756061554, 
                        0.9570066332817078, 
                        0.24120326340198517
                    ], 
                    "center": [
                        -8.85105037689209, 
                        218.2632293701172, 
                        -25.605514526367188
                    ]
                }, 
                {
                    "length": 27.192768096923828, 
                    "direction": [
                        0.03768238052725792, 
                        0.49044182896614075, 
                        -0.8706588745117188
                    ], 
                    "center": [
                        -5.6502180099487305, 
                        189.53961181640625, 
                        -19.326522827148438
                    ]
                }, 
                {
                    "length": 17.970151901245117, 
                    "direction": [
                        0.12703245878219604, 
                        -0.05247977003455162, 
                        -0.9905092716217041
                    ], 
                    "center": [
                        -7.303957939147949, 
                        183.34292602539062, 
                        1.411090612411499
                    ]
                }
            ]
        }, 
        {
            "type": 3, 
            "bone": [
                {
                    "length": 59.900508880615234, 
                    "direction": [
                        0.08702214807271957, 
                        -0.0897265151143074, 
                        0.9921573400497437
                    ], 
                    "center": [
                        -31.054641723632812, 
                        236.22552490234375, 
                        14.93868350982666
                    ]
                }, 
                {
                    "length": 42.725582122802734, 
                    "direction": [
                        -0.2039950042963028, 
                        0.9344001412391663, 
                        0.2920314371585846
                    ], 
                    "center": [
                        -29.30307388305664, 
                        218.9514617919922, 
                        -21.015289306640625
                    ]
                }, 
                {
                    "length": 26.490478515625, 
                    "direction": [
                        -0.1418391615152359, 
                        0.5070866942405701, 
                        -0.8501440286636353
                    ], 
                    "center": [
                        -23.066478729248047, 
                        192.27359008789062, 
                        -15.993534088134766
                    ]
                }, 
                {
                    "length": 17.86687660217285, 
                    "direction": [
                        -0.023714933544397354, 
                        -0.03127104043960571, 
                        -0.9992295503616333
                    ], 
                    "center": [
                        -20.975929260253906, 
                        185.83645629882812, 
                        4.1933817863464355
                    ]
                }
            ]
        }, 
        {
            "type": 4, 
            "bone": [
                {
                    "length": 55.449283599853516, 
                    "direction": [
                        0.2259090691804886, 
                        -0.12628963589668274, 
                        0.9659274816513062
                    ], 
                    "center": [
                        -46.10693359375, 
                        229.59866333007812, 
                        17.955524444580078
                    ]
                }, 
                {
                    "length": 33.812801361083984, 
                    "direction": [
                        -0.2794588804244995, 
                        0.8860560059547424, 
                        0.36987510323524475
                    ], 
                    "center": [
                        -47.645538330078125, 
                        218.1199951171875, 
                        -15.077725410461426
                    ]
                }, 
                {
                    "length": 18.703418731689453, 
                    "direction": [
                        -0.5052691102027893, 
                        0.4384574294090271, 
                        -0.7432752847671509
                    ], 
                    "center": [
                        -38.195762634277344, 
                        199.03964233398438, 
                        -14.380087852478027
                    ]
                }, 
                {
                    "length": 16.482967376708984, 
                    "direction": [
                        -0.3380700349807739, 
                        -0.07018335163593292, 
                        -0.9385003447532654
                    ], 
                    "center": [
                        -30.684436798095703, 
                        195.51773071289062, 
                        0.30544161796569824
                    ]
                }
            ]
        }
    ], 
    "hand": {
        "grab_strength": 1.0, 
        "wrist_position": [
            -25.304964065551758, 
            222.3538818359375, 
            53.03986740112305
        ], 
        "palm_width": 87.01065063476562, 
        "palm_velocity": [
            24.538150787353516, 
            -6.512668132781982, 
            -2.2897231578826904
        ], 
        "palm_normal": [
            0.005312334280461073, 
            -0.9712950587272644, 
            -0.23781871795654297
        ], 
        "is_left": true, 
        "palm_position": [
            -16.238813400268555, 
            230.6026153564453, 
            2.18237042427063
        ], 
        "pinch_strength": 0.29906943440437317, 
        "is_right": false
    }
}