{
    "timestamp": 33138432192, 
    "id": 506964, 
    "fingers": [
        {
            "type": 0, 
            "bone": [
                {
                    "length": 0.0, 
                    "direction": [
                        0.0, 
                        0.0, 
                        0.0
                    ], 
                    "center": [
                        19.70494270324707, 
                        171.66928100585938, 
                        32.241973876953125
                    ]
                }, 
                {
                    "length": 47.73451232910156, 
                    "direction": [
                        -0.5181796550750732, 
                        0.12747636437416077, 
                        0.8457183837890625
                    ], 
                    "center": [
                        32.07246780395508, 
                        168.62677001953125, 
                        12.056997299194336
                    ]
                }, 
                {
                    "length": 32.604469299316406, 
                    "direction": [
                        -0.25478848814964294, 
                        0.21078859269618988, 
                        0.9437429904937744
                    ], 
                    "center": [
                        48.5936164855957, 
                        162.14793395996094, 
                        -23.513099670410156
                    ]
                }, 
                {
                    "length": 22.38006591796875, 
                    "direction": [
                        0.4296106994152069, 
                        0.32716575264930725, 
                        0.8416634202003479
                    ], 
                    "center": [
                        47.93988037109375, 
                        155.0506134033203, 
                        -48.31645965576172
                    ]
                }
            ]
        }, 
        {
            "type": 1, 
            "bone": [
                {
                    "length": 70.35211181640625, 
                    "direction": [
                        -0.18685653805732727, 
                        0.045946769416332245, 
                        0.9813121557235718
                    ], 
                    "center": [
                        20.968137741088867, 
                        190.58392333984375, 
                        -10.283108711242676
                    ]
                }, 
                {
                    "length": 41.083499908447266, 
                    "direction": [
                        0.08514425903558731, 
                        0.9839260578155518, 
                        0.15697088837623596
                    ], 
                    "center": [
                        25.792001724243164, 
                        168.75613403320312, 
                        -48.0262565612793
                    ]
                }, 
                {
                    "length": 23.113332748413086, 
                    "direction": [
                        0.2869844436645508, 
                        0.36936789751052856, 
                        -0.8838592767715454
                    ], 
                    "center": [
                        20.72640609741211, 
                        144.27590942382812, 
                        -41.03624725341797
                    ]
                }, 
                {
                    "length": 16.33837890625, 
                    "direction": [
                        0.23234429955482483, 
                        -0.19564379751682281, 
                        -0.9527536034584045
                    ], 
                    "center": [
                        15.511757850646973, 
                        141.60549926757812, 
                        -23.038555145263672
                    ]
                }
            ]
        }, 
        {
            "type": 2, 
            "bone": [
                {
                    "length": 66.7167739868164, 
                    "direction": [
                        -0.051709678024053574, 
                        0.02943153865635395, 
                        0.9982284307479858
                    ], 
                    "center": [
                        5.108005046844482, 
                        194.29302978515625, 
                        -11.8785982131958
                    ]
                }, 
                {
                    "length": 46.092411041259766, 
                    "direction": [
                        -0.055866457521915436, 
                        0.9803978800773621, 
                        0.18894152343273163
                    ], 
                    "center": [
                        8.120466232299805, 
                        170.71678161621094, 
                        -49.53227233886719
                    ]
                }, 
                {
                    "length": 27.19276237487793, 
                    "direction": [
                        0.06511897593736649, 
                        0.4326759874820709, 
                        -0.899194598197937
                    ], 
                    "center": [
                        8.52259349822998, 
                        142.239501953125, 
                        -41.660865783691406
                    ]
                }, 
                {
                    "length": 17.970151901245117, 
                    "direction": [
                        0.0956505760550499, 
                        -0.14361906051635742, 
                        -0.9849997758865356
                    ], 
                    "center": [
                        6.777783393859863, 
                        137.6470947265625, 
                        -20.584774017333984
                    ]
                }
            ]
        }, 
        {
            "type": 3, 
            "bone": [
                {
                    "length": 59.900508880615234, 
                    "direction": [
                        0.09845442324876785, 
                        0.013864236883819103, 
                        0.9950448870658875
                    ], 
                    "center": [
                        -11.22324275970459, 
                        195.25196838378906, 
                        -9.782512664794922
                    ]
                }, 
                {
                    "length": 42.72559356689453, 
                    "direction": [
                        -0.09234550595283508, 
                        0.9620457291603088, 
                        0.25678855180740356
                    ], 
                    "center": [
                        -12.199219703674316, 
                        174.2847442626953, 
                        -45.07008361816406
                    ]
                }, 
                {
                    "length": 26.4904842376709, 
                    "direction": [
                        -0.09817597270011902, 
                        0.4841694235801697, 
                        -0.8694489598274231
                    ], 
                    "center": [
                        -8.92609691619873, 
                        147.31982421875, 
                        -39.03974151611328
                    ]
                }, 
                {
                    "length": 17.86687660217285, 
                    "direction": [
                        -0.04093317687511444, 
                        -0.09610532969236374, 
                        -0.994529128074646
                    ], 
                    "center": [
                        -7.260058403015137, 
                        141.7654266357422, 
                        -18.639118194580078
                    ]
                }
            ]
        }, 
        {
            "type": 4, 
            "bone": [
                {
                    "length": 55.44927978515625, 
                    "direction": [
                        0.23196817934513092, 
                        -0.04046754911541939, 
                        0.9718812108039856
                    ], 
                    "center": [
                        -26.834291458129883, 
                        190.7028350830078, 
                        -5.885249137878418
                    ]
                }, 
                {
                    "length": 33.81281280517578, 
                    "direction": [
                        -0.14341267943382263, 
                        0.9373460412025452, 
                        0.3175141215324402
                    ], 
                    "center": [
                        -30.840932846069336, 
                        175.97763061523438, 
                        -38.19832992553711
                    ]
                }, 
                {
                    "length": 18.70341682434082, 
                    "direction": [
                        -0.4892423450946808, 
                        0.4471607506275177, 
                        -0.7487918138504028
                    ], 
                    "center": [
                        -23.841087341308594, 
                        155.94876098632812, 
                        -36.56386947631836
                    ]
                }, 
                {
                    "length": 16.482967376708984, 
                    "direction": [
                        -0.3921034336090088, 
                        -0.11157739907503128, 
                        -0.913129448890686
                    ], 
                    "center": [
                        -16.03432273864746, 
                        152.68661499023438, 
                        -22.035846710205078
                    ]
                }
            ]
        }
    ], 
    "hand": {
        "grab_strength": 1.0, 
        "wrist_position": [
            -6.176446914672852, 
            185.2240753173828, 
            29.6021671295166
        ], 
        "palm_width": 87.01065063476562, 
        "palm_velocity": [
            57.55809783935547, 
            -14.270416259765625, 
            3.898289918899536
        ], 
        "palm_normal": [
            -0.10492587089538574, 
            -0.9865991473197937, 
            -0.12495051324367523
        ], 
        "is_left": true, 
        "palm_position": [
            2.6157150268554688, 
            186.63058471679688, 
            -21.948211669921875
        ], 
        "pinch_strength": 0.36773940920829773, 
        "is_right": false
    }
}