{
    "timestamp": 33138499466, 
    "id": 506970, 
    "fingers": [
        {
            "type": 0, 
            "bone": [
                {
                    "length": 0.0, 
                    "direction": [
                        0.0, 
                        0.0, 
                        0.0
                    ], 
                    "center": [
                        20.889663696289062, 
                        171.0803985595703, 
                        32.84208297729492
                    ]
                }, 
                {
                    "length": 47.73450469970703, 
                    "direction": [
                        -0.5272928476333618, 
                        0.13230068981647491, 
                        0.8393204212188721
                    ], 
                    "center": [
                        33.474693298339844, 
                        167.92274475097656, 
                        12.809810638427734
                    ]
                }, 
                {
                    "length": 32.60446548461914, 
                    "direction": [
                        -0.2646137475967407, 
                        0.21014323830604553, 
                        0.9411798119544983
                    ], 
                    "center": [
                        50.37351989746094, 
                        161.33929443359375, 
                        -22.565793991088867
                    ]
                }, 
                {
                    "length": 22.38007164001465, 
                    "direction": [
                        0.4338788390159607, 
                        0.31538140773773193, 
                        0.8439691066741943
                    ], 
                    "center": [
                        49.83219909667969, 
                        154.3843536376953, 
                        -47.353172302246094
                    ]
                }
            ]
        }, 
        {
            "type": 1, 
            "bone": [
                {
                    "length": 70.35211181640625, 
                    "direction": [
                        -0.1973947286605835, 
                        0.04524686187505722, 
                        0.9792793393135071
                    ], 
                    "center": [
                        23.004966735839844, 
                        190.1505126953125, 
                        -9.579582214355469
                    ]
                }, 
                {
                    "length": 41.0834846496582, 
                    "direction": [
                        0.10280665755271912, 
                        0.9820482134819031, 
                        0.15815222263336182
                    ], 
                    "center": [
                        27.836706161499023, 
                        168.38592529296875, 
                        -47.275489807128906
                    ]
                }, 
                {
                    "length": 23.113338470458984, 
                    "direction": [
                        0.30543917417526245, 
                        0.3623970150947571, 
                        -0.8805539011955261
                    ], 
                    "center": [
                        22.195018768310547, 
                        144.02484130859375, 
                        -40.34794235229492
                    ]
                }, 
                {
                    "length": 16.338380813598633, 
                    "direction": [
                        0.2403980791568756, 
                        -0.20049458742141724, 
                        -0.9497424960136414
                    ], 
                    "center": [
                        16.70130157470703, 
                        141.47462463378906, 
                        -22.413043975830078
                    ]
                }
            ]
        }, 
        {
            "type": 2, 
            "bone": [
                {
                    "length": 66.7167739868164, 
                    "direction": [
                        -0.06278946995735168, 
                        0.026109525933861732, 
                        0.9976852536201477
                    ], 
                    "center": [
                        7.237204074859619, 
                        194.1653289794922, 
                        -11.341912269592285
                    ]
                }, 
                {
                    "length": 46.09239959716797, 
                    "direction": [
                        -0.039169684052467346, 
                        0.9821884632110596, 
                        0.18377061188220978
                    ], 
                    "center": [
                        10.234472274780273, 
                        170.6586456298828, 
                        -48.85829544067383
                    ]
                }, 
                {
                    "length": 27.192768096923828, 
                    "direction": [
                        0.08634594082832336, 
                        0.42574363946914673, 
                        -0.9007145166397095
                    ], 
                    "center": [
                        9.963191986083984, 
                        142.23435974121094, 
                        -40.847049713134766
                    ]
                }, 
                {
                    "length": 17.970151901245117, 
                    "direction": [
                        0.10661356896162033, 
                        -0.1491170972585678, 
                        -0.9830552935600281
                    ], 
                    "center": [
                        7.831267833709717, 
                        137.78561401367188, 
                        -19.76776123046875
                    ]
                }
            ]
        }, 
        {
            "type": 3, 
            "bone": [
                {
                    "length": 59.900508880615234, 
                    "direction": [
                        0.08708169311285019, 
                        0.007722817361354828, 
                        0.996171236038208
                    ], 
                    "center": [
                        -9.096428871154785, 
                        195.42352294921875, 
                        -9.430840492248535
                    ]
                }, 
                {
                    "length": 42.7255859375, 
                    "direction": [
                        -0.07797054201364517, 
                        0.964881181716919, 
                        0.25084856152534485
                    ], 
                    "center": [
                        -10.03887939453125, 
                        174.57965087890625, 
                        -44.625247955322266
                    ]
                }, 
                {
                    "length": 26.490482330322266, 
                    "direction": [
                        -0.07762223482131958, 
                        0.48091554641723633, 
                        -0.8733240962028503
                    ], 
                    "center": [
                        -7.345085620880127, 
                        147.59725952148438, 
                        -38.41668701171875
                    ]
                }, 
                {
                    "length": 17.86687660217285, 
                    "direction": [
                        -0.02970619685947895, 
                        -0.09805848449468613, 
                        -0.9947371482849121
                    ], 
                    "center": [
                        -6.051581859588623, 
                        142.10342407226562, 
                        -17.962873458862305
                    ]
                }
            ]
        }, 
        {
            "type": 4, 
            "bone": [
                {
                    "length": 55.44927978515625, 
                    "direction": [
                        0.21980956196784973, 
                        -0.04902083799242973, 
                        0.9743103981018066
                    ], 
                    "center": [
                        -24.834800720214844, 
                        191.15330505371094, 
                        -5.735283851623535
                    ]
                }, 
                {
                    "length": 33.812801361083984, 
                    "direction": [
                        -0.1337999403476715, 
                        0.9400774240493774, 
                        0.31361129879951477
                    ], 
                    "center": [
                        -28.666866302490234, 
                        176.6190643310547, 
                        -38.04972839355469
                    ]
                }, 
                {
                    "length": 18.703414916992188, 
                    "direction": [
                        -0.46888867020606995, 
                        0.4534696042537689, 
                        -0.7579635977745056
                    ], 
                    "center": [
                        -22.019882202148438, 
                        156.48501586914062, 
                        -36.263511657714844
                    ]
                }, 
                {
                    "length": 16.48296546936035, 
                    "direction": [
                        -0.3785754144191742, 
                        -0.10457240790128708, 
                        -0.9196441769599915
                    ], 
                    "center": [
                        -14.514948844909668, 
                        153.10614013671875, 
                        -21.596025466918945
                    ]
                }
            ]
        }
    ], 
    "hand": {
        "grab_strength": 1.0, 
        "wrist_position": [
            -4.699268817901611, 
            185.1328125, 
            29.963932037353516
        ], 
        "palm_width": 87.01065063476562, 
        "palm_velocity": [
            29.18328857421875, 
            0.4844695031642914, 
            6.810059070587158
        ], 
        "palm_normal": [
            -0.12202490866184235, 
            -0.9838950634002686, 
            -0.13061577081680298
        ], 
        "is_left": true, 
        "palm_position": [
            4.718690872192383, 
            186.59469604492188, 
            -21.474252700805664
        ], 
        "pinch_strength": 0.3647350072860718, 
        "is_right": false
    }
}