{
    "timestamp": 33138487580, 
    "id": 506969, 
    "fingers": [
        {
            "type": 0, 
            "bone": [
                {
                    "length": 0.0, 
                    "direction": [
                        0.0, 
                        0.0, 
                        0.0
                    ], 
                    "center": [
                        20.75267791748047, 
                        171.0780029296875, 
                        32.74525833129883
                    ]
                }, 
                {
                    "length": 47.73451232910156, 
                    "direction": [
                        -0.5259086489677429, 
                        0.1321079134941101, 
                        0.840218722820282
                    ], 
                    "center": [
                        33.30467224121094, 
                        167.92495727539062, 
                        12.691543579101562
                    ]
                }, 
                {
                    "length": 32.60446548461914, 
                    "direction": [
                        -0.26339462399482727, 
                        0.210548996925354, 
                        0.9414311051368713
                    ], 
                    "center": [
                        50.15058898925781, 
                        161.3394775390625, 
                        -22.7096004486084
                    ]
                }, 
                {
                    "length": 22.380064010620117, 
                    "direction": [
                        0.43282902240753174, 
                        0.3170839548110962, 
                        0.8438701629638672
                    ], 
                    "center": [
                        49.60114288330078, 
                        154.35888671875, 
                        -47.499961853027344
                    ]
                }
            ]
        }, 
        {
            "type": 1, 
            "bone": [
                {
                    "length": 70.35211181640625, 
                    "direction": [
                        -0.1961113065481186, 
                        0.04526030644774437, 
                        0.9795365333557129
                    ], 
                    "center": [
                        22.759944915771484, 
                        190.13140869140625, 
                        -9.689159393310547
                    ]
                }, 
                {
                    "length": 41.0834846496582, 
                    "direction": [
                        0.10032016783952713, 
                        0.9822469353675842, 
                        0.1585146188735962
                    ], 
                    "center": [
                        27.59761619567871, 
                        168.36227416992188, 
                        -47.40155792236328
                    ]
                }, 
                {
                    "length": 23.11333465576172, 
                    "direction": [
                        0.3031032085418701, 
                        0.3639029562473297, 
                        -0.8807400465011597
                    ], 
                    "center": [
                        22.03400230407715, 
                        143.97970581054688, 
                        -40.479305267333984
                    ]
                }, 
                {
                    "length": 16.338382720947266, 
                    "direction": [
                        0.23950423300266266, 
                        -0.19938039779663086, 
                        -0.9502027034759521
                    ], 
                    "center": [
                        16.574583053588867, 
                        141.40298461914062, 
                        -22.538497924804688
                    ]
                }
            ]
        }, 
        {
            "type": 2, 
            "bone": [
                {
                    "length": 66.71676635742188, 
                    "direction": [
                        -0.06143263354897499, 
                        0.026468146592378616, 
                        0.9977602362632751
                    ], 
                    "center": [
                        6.979720115661621, 
                        194.10597229003906, 
                        -11.431055068969727
                    ]
                }, 
                {
                    "length": 46.092403411865234, 
                    "direction": [
                        -0.041471827775239944, 
                        0.9817768931388855, 
                        0.18545661866664886
                    ], 
                    "center": [
                        9.984781265258789, 
                        170.5968017578125, 
                        -48.98879623413086
                    ]
                }, 
                {
                    "length": 27.19277000427246, 
                    "direction": [
                        0.08343628793954849, 
                        0.42766720056533813, 
                        -0.9000773429870605
                    ], 
                    "center": [
                        9.80611801147461, 
                        142.15585327148438, 
                        -41.02507019042969
                    ]
                }, 
                {
                    "length": 17.970151901245117, 
                    "direction": [
                        0.10511856526136398, 
                        -0.14761076867580414, 
                        -0.9834434390068054
                    ], 
                    "center": [
                        7.7271881103515625, 
                        137.66741943359375, 
                        -19.950958251953125
                    ]
                }
            ]
        }, 
        {
            "type": 3, 
            "bone": [
                {
                    "length": 59.900508880615234, 
                    "direction": [
                        0.08848164230585098, 
                        0.008454417809844017, 
                        0.9960418939590454
                    ], 
                    "center": [
                        -9.35426139831543, 
                        195.32440185546875, 
                        -9.497335433959961
                    ]
                }, 
                {
                    "length": 42.725589752197266, 
                    "direction": [
                        -0.07981546968221664, 
                        0.9641357660293579, 
                        0.2531241178512573
                    ], 
                    "center": [
                        -10.299226760864258, 
                        174.4745635986328, 
                        -44.736480712890625
                    ]
                }, 
                {
                    "length": 26.490482330322266, 
                    "direction": [
                        -0.0803622305393219, 
                        0.4827996790409088, 
                        -0.872035801410675
                    ], 
                    "center": [
                        -7.529728889465332, 
                        147.48312377929688, 
                        -38.593597412109375
                    ]
                }, 
                {
                    "length": 17.866872787475586, 
                    "direction": [
                        -0.03120846301317215, 
                        -0.09662801027297974, 
                        -0.9948312044143677
                    ], 
                    "center": [
                        -6.1865129470825195, 
                        141.95155334472656, 
                        -18.156009674072266
                    ]
                }
            ]
        }, 
        {
            "type": 4, 
            "bone": [
                {
                    "length": 55.449283599853516, 
                    "direction": [
                        0.22131937742233276, 
                        -0.04796935245394707, 
                        0.974020779132843
                    ], 
                    "center": [
                        -25.076648712158203, 
                        191.01687622070312, 
                        -5.7771453857421875
                    ]
                }, 
                {
                    "length": 33.81280517578125, 
                    "direction": [
                        -0.13493363559246063, 
                        0.9396287202835083, 
                        0.31446877121925354
                    ], 
                    "center": [
                        -28.931406021118164, 
                        176.4610595703125, 
                        -38.098060607910156
                    ]
                }, 
                {
                    "length": 18.703418731689453, 
                    "direction": [
                        -0.47161751985549927, 
                        0.45301589369773865, 
                        -0.7565405368804932
                    ], 
                    "center": [
                        -22.239734649658203, 
                        156.33883666992188, 
                        -36.33964920043945
                    ]
                }, 
                {
                    "length": 16.482967376708984, 
                    "direction": [
                        -0.38046595454216003, 
                        -0.10517504066228867, 
                        -0.9187948703765869
                    ], 
                    "center": [
                        -14.693699836730957, 
                        152.96917724609375, 
                        -21.692468643188477
                    ]
                }
            ]
        }
    ], 
    "hand": {
        "grab_strength": 1.0, 
        "wrist_position": [
            -4.875307083129883, 
            185.06504821777344, 
            29.896398544311523
        ], 
        "palm_width": 87.01065063476562, 
        "palm_velocity": [
            33.35200119018555, 
            -2.406649351119995, 
            6.778410911560059
        ], 
        "palm_normal": [
            -0.11975591629743576, 
            -0.9842636585235596, 
            -0.12993687391281128
        ], 
        "is_left": true, 
        "palm_position": [
            4.465665817260742, 
            186.5238494873047, 
            -21.555910110473633
        ], 
        "pinch_strength": 0.3658154010772705, 
        "is_right": false
    }
}