{
    "timestamp": 33138511067, 
    "id": 506971, 
    "fingers": [
        {
            "type": 0, 
            "bone": [
                {
                    "length": 0.0, 
                    "direction": [
                        0.0, 
                        0.0, 
                        0.0
                    ], 
                    "center": [
                        21.01873779296875, 
                        171.08909606933594, 
                        32.978538513183594
                    ]
                }, 
                {
                    "length": 47.7345085144043, 
                    "direction": [
                        -0.5282973647117615, 
                        0.13257335126399994, 
                        0.8386455178260803
                    ], 
                    "center": [
                        33.62774658203125, 
                        167.9249267578125, 
                        12.962373733520508
                    ]
                }, 
                {
                    "length": 32.60446548461914, 
                    "direction": [
                        -0.2653062641620636, 
                        0.20939725637435913, 
                        0.9411511421203613
                    ], 
                    "center": [
                        50.56183624267578, 
                        161.34713745117188, 
                        -22.396656036376953
                    ]
                }, 
                {
                    "length": 22.38007164001465, 
                    "direction": [
                        0.4352724552154541, 
                        0.3124578297138214, 
                        0.8443387746810913
                    ], 
                    "center": [
                        50.016204833984375, 
                        154.43707275390625, 
                        -47.18770217895508
                    ]
                }
            ]
        }, 
        {
            "type": 1, 
            "bone": [
                {
                    "length": 70.35211181640625, 
                    "direction": [
                        -0.19869428873062134, 
                        0.04458121955394745, 
                        0.9790470600128174
                    ], 
                    "center": [
                        23.26746368408203, 
                        190.2114715576172, 
                        -9.412727355957031
                    ]
                }, 
                {
                    "length": 41.08349609375, 
                    "direction": [
                        0.10638102144002914, 
                        0.9815495014190674, 
                        0.15888217091560364
                    ], 
                    "center": [
                        28.071491241455078, 
                        168.48052978515625, 
                        -47.11545944213867
                    ]
                }, 
                {
                    "length": 23.113330841064453, 
                    "direction": [
                        0.3082332909107208, 
                        0.3615402579307556, 
                        -0.8799323439598083
                    ], 
                    "center": [
                        22.3240909576416, 
                        144.13958740234375, 
                        -40.2100944519043
                    ]
                }, 
                {
                    "length": 16.33837890625, 
                    "direction": [
                        0.241121307015419, 
                        -0.20085416734218597, 
                        -0.9494830965995789
                    ], 
                    "center": [
                        16.79217529296875, 
                        141.60220336914062, 
                        -22.284502029418945
                    ]
                }
            ]
        }, 
        {
            "type": 2, 
            "bone": [
                {
                    "length": 66.7167739868164, 
                    "direction": [
                        -0.06418780237436295, 
                        0.024924350902438164, 
                        0.997626543045044
                    ], 
                    "center": [
                        7.517178058624268, 
                        194.2865753173828, 
                        -11.192872047424316
                    ]
                }, 
                {
                    "length": 46.0924072265625, 
                    "direction": [
                        -0.03564215451478958, 
                        0.9825239777565002, 
                        0.1826917827129364
                    ], 
                    "center": [
                        10.479795455932617, 
                        170.8116912841797, 
                        -48.68243408203125
                    ]
                }, 
                {
                    "length": 27.192766189575195, 
                    "direction": [
                        0.08962739259004593, 
                        0.4241562485694885, 
                        -0.9011428356170654
                    ], 
                    "center": [
                        10.082603454589844, 
                        142.4012451171875, 
                        -40.6405029296875
                    ]
                }, 
                {
                    "length": 17.97014808654785, 
                    "direction": [
                        0.10776520520448685, 
                        -0.1502065509557724, 
                        -0.9827638268470764
                    ], 
                    "center": [
                        7.895717144012451, 
                        137.98388671875, 
                        -19.558015823364258
                    ]
                }
            ]
        }, 
        {
            "type": 3, 
            "bone": [
                {
                    "length": 59.900508880615234, 
                    "direction": [
                        0.0856170728802681, 
                        0.005990615580230951, 
                        0.9963100552558899
                    ], 
                    "center": [
                        -8.814579010009766, 
                        195.6019287109375, 
                        -9.304396629333496
                    ]
                }, 
                {
                    "length": 42.7255859375, 
                    "direction": [
                        -0.07489565759897232, 
                        0.9650700688362122, 
                        0.2510586380958557
                    ], 
                    "center": [
                        -9.778851509094238, 
                        174.80592346191406, 
                        -44.50745391845703
                    ]
                }, 
                {
                    "length": 26.4904842376709, 
                    "direction": [
                        -0.07439146935939789, 
                        0.4812997281551361, 
                        -0.8733936548233032
                    ], 
                    "center": [
                        -7.193538188934326, 
                        147.81439208984375, 
                        -38.30245590209961
                    ]
                }, 
                {
                    "length": 17.86687660217285, 
                    "direction": [
                        -0.02838648483157158, 
                        -0.09756315499544144, 
                        -0.9948244094848633
                    ], 
                    "center": [
                        -5.954616546630859, 
                        142.31103515625, 
                        -17.846942901611328
                    ]
                }
            ]
        }, 
        {
            "type": 4, 
            "bone": [
                {
                    "length": 55.449283599853516, 
                    "direction": [
                        0.21816867589950562, 
                        -0.05120854824781418, 
                        0.9745665788650513
                    ], 
                    "center": [
                        -24.574012756347656, 
                        191.3842315673828, 
                        -5.638422012329102
                    ]
                }, 
                {
                    "length": 33.812808990478516, 
                    "direction": [
                        -0.1315235197544098, 
                        0.9403827786445618, 
                        0.3136589527130127
                    ], 
                    "center": [
                        -28.399070739746094, 
                        176.90548706054688, 
                        -37.960777282714844
                    ]
                }, 
                {
                    "length": 18.703414916992188, 
                    "direction": [
                        -0.4656485915184021, 
                        0.4551795721054077, 
                        -0.7589353322982788
                    ], 
                    "center": [
                        -21.820873260498047, 
                        156.75027465820312, 
                        -36.166282653808594
                    ]
                }, 
                {
                    "length": 16.482969284057617, 
                    "direction": [
                        -0.3768329322338104, 
                        -0.102704256772995, 
                        -0.9205697774887085
                    ], 
                    "center": [
                        -14.360599517822266, 
                        153.3400115966797, 
                        -21.482078552246094
                    ]
                }
            ]
        }
    ], 
    "hand": {
        "grab_strength": 1.0, 
        "wrist_position": [
            -4.5141801834106445, 
            185.2393035888672, 
            30.082202911376953
        ], 
        "palm_width": 87.01065063476562, 
        "palm_velocity": [
            27.105670928955078, 
            4.552960395812988, 
            8.431672096252441
        ], 
        "palm_normal": [
            -0.12543421983718872, 
            -0.9832546710968018, 
            -0.13219863176345825
        ], 
        "is_left": true, 
        "palm_position": [
            4.986116409301758, 
            186.73960876464844, 
            -21.339731216430664
        ], 
        "pinch_strength": 0.3642219305038452, 
        "is_right": false
    }
}