{
    "timestamp": 33138590855, 
    "id": 506978, 
    "fingers": [
        {
            "type": 0, 
            "bone": [
                {
                    "length": 0.0, 
                    "direction": [
                        0.0, 
                        0.0, 
                        0.0
                    ], 
                    "center": [
                        21.840036392211914, 
                        171.37112426757812, 
                        34.91387176513672
                    ]
                }, 
                {
                    "length": 47.7345085144043, 
                    "direction": [
                        -0.5323468446731567, 
                        0.1205560639500618, 
                        0.8378980755805969
                    ], 
                    "center": [
                        34.545692443847656, 
                        168.4937744140625, 
                        14.915545463562012
                    ]
                }, 
                {
                    "length": 32.60446548461914, 
                    "direction": [
                        -0.2614840269088745, 
                        0.18829481303691864, 
                        0.9466631412506104
                    ], 
                    "center": [
                        51.514122009277344, 
                        162.54681396484375, 
                        -20.5155029296875
                    ]
                }, 
                {
                    "length": 22.380069732666016, 
                    "direction": [
                        0.4736032485961914, 
                        0.2744453251361847, 
                        0.8368869423866272
                    ], 
                    "center": [
                        50.47726058959961, 
                        156.4061279296875, 
                        -45.313018798828125
                    ]
                }
            ]
        }, 
        {
            "type": 1, 
            "bone": [
                {
                    "length": 70.35211944580078, 
                    "direction": [
                        -0.19938214123249054, 
                        0.02872101217508316, 
                        0.9795008301734924
                    ], 
                    "center": [
                        24.83251190185547, 
                        191.3773193359375, 
                        -7.021059036254883
                    ]
                }, 
                {
                    "length": 41.08348083496094, 
                    "direction": [
                        0.14128434658050537, 
                        0.9744581580162048, 
                        0.17455627024173737
                    ], 
                    "center": [
                        28.943763732910156, 
                        170.3499755859375, 
                        -45.06172561645508
                    ]
                }, 
                {
                    "length": 23.11333465576172, 
                    "direction": [
                        0.3218594491481781, 
                        0.3635893762111664, 
                        -0.8741905689239502
                    ], 
                    "center": [
                        22.321914672851562, 
                        146.13101196289062, 
                        -38.54468536376953
                    ]
                }, 
                {
                    "length": 16.33837890625, 
                    "direction": [
                        0.2351367175579071, 
                        -0.1927056759595871, 
                        -0.9526673555374146
                    ], 
                    "center": [
                        16.681415557861328, 
                        143.50338745117188, 
                        -20.659435272216797
                    ]
                }
            ]
        }, 
        {
            "type": 2, 
            "bone": [
                {
                    "length": 66.7167739868164, 
                    "direction": [
                        -0.06565963476896286, 
                        0.004108088091015816, 
                        0.9978336691856384
                    ], 
                    "center": [
                        9.232927322387695, 
                        196.02212524414062, 
                        -8.731484413146973
                    ]
                }, 
                {
                    "length": 46.092403411865234, 
                    "direction": [
                        -0.0025320190470665693, 
                        0.9799620509147644, 
                        0.19916778802871704
                    ], 
                    "center": [
                        11.48158073425293, 
                        173.30068969726562, 
                        -46.607666015625
                    ]
                }, 
                {
                    "length": 27.19276237487793, 
                    "direction": [
                        0.10761522501707077, 
                        0.43545472621917725, 
                        -0.8937550187110901
                    ], 
                    "center": [
                        10.076756477355957, 
                        144.79566955566406, 
                        -39.04589080810547
                    ]
                }, 
                {
                    "length": 17.97015380859375, 
                    "direction": [
                        0.10633799433708191, 
                        -0.13588103652000427, 
                        -0.985001802444458
                    ], 
                    "center": [
                        7.658123970031738, 
                        140.09596252441406, 
                        -18.04374122619629
                    ]
                }
            ]
        }, 
        {
            "type": 3, 
            "bone": [
                {
                    "length": 59.900508880615234, 
                    "direction": [
                        0.08342379331588745, 
                        -0.019840842112898827, 
                        0.9963165521621704
                    ], 
                    "center": [
                        -7.049551010131836, 
                        197.84471130371094, 
                        -6.838893890380859
                    ]
                }, 
                {
                    "length": 42.72559356689453, 
                    "direction": [
                        -0.04335934668779373, 
                        0.9646806716918945, 
                        0.2598293721675873
                    ], 
                    "center": [
                        -8.621837615966797, 
                        177.83067321777344, 
                        -42.22951126098633
                    ]
                }, 
                {
                    "length": 26.490482330322266, 
                    "direction": [
                        -0.056241583079099655, 
                        0.49119964241981506, 
                        -0.8692293763160706
                    ], 
                    "center": [
                        -6.950627326965332, 
                        150.71633911132812, 
                        -36.26704025268555
                    ]
                }, 
                {
                    "length": 17.86687660217285, 
                    "direction": [
                        -0.02947259321808815, 
                        -0.08323173224925995, 
                        -0.9960942268371582
                    ], 
                    "center": [
                        -5.9424028396606445, 
                        144.95382690429688, 
                        -15.855340957641602
                    ]
                }
            ]
        }, 
        {
            "type": 4, 
            "bone": [
                {
                    "length": 55.44927978515625, 
                    "direction": [
                        0.21402087807655334, 
                        -0.08096977323293686, 
                        0.9734675288200378
                    ], 
                    "center": [
                        -22.950908660888672, 
                        194.07859802246094, 
                        -3.296112060546875
                    ]
                }, 
                {
                    "length": 33.81280517578125, 
                    "direction": [
                        -0.10883220285177231, 
                        0.9407614469528198, 
                        0.32112830877304077
                    ], 
                    "center": [
                        -27.044601440429688, 
                        180.41856384277344, 
                        -35.714271545410156
                    ]
                }, 
                {
                    "length": 18.70341682434082, 
                    "direction": [
                        -0.44390377402305603, 
                        0.47447797656059265, 
                        -0.7601448893547058
                    ], 
                    "center": [
                        -21.053380966186523, 
                        160.0764923095703, 
                        -34.03474426269531
                    ]
                }, 
                {
                    "length": 16.482967376708984, 
                    "direction": [
                        -0.3700002133846283, 
                        -0.0789981558918953, 
                        -0.9256669282913208
                    ], 
                    "center": [
                        -13.852771759033203, 
                        156.29037475585938, 
                        -19.297224044799805
                    ]
                }
            ]
        }
    ], 
    "hand": {
        "grab_strength": 1.0, 
        "wrist_position": [
            -3.194014072418213, 
            186.43882751464844, 
            32.304718017578125
        ], 
        "palm_width": 87.01065063476562, 
        "palm_velocity": [
            18.295804977416992, 
            25.988468170166016, 
            29.46889305114746
        ], 
        "palm_normal": [
            -0.15822675824165344, 
            -0.9751517176628113, 
            -0.15505944192409515
        ], 
        "is_left": true, 
        "palm_position": [
            6.472572326660156, 
            188.80055236816406, 
            -19.0538387298584
        ], 
        "pinch_strength": 0.3621716797351837, 
        "is_right": false
    }
}