{
    "timestamp": 33138602386, 
    "id": 506979, 
    "fingers": [
        {
            "type": 0, 
            "bone": [
                {
                    "length": 0.0, 
                    "direction": [
                        0.0, 
                        0.0, 
                        0.0
                    ], 
                    "center": [
                        21.930418014526367, 
                        171.4852294921875, 
                        35.16720962524414
                    ]
                }, 
                {
                    "length": 47.73450469970703, 
                    "direction": [
                        -0.5336570143699646, 
                        0.1176363080739975, 
                        0.8374795317649841
                    ], 
                    "center": [
                        34.66734313964844, 
                        168.67758178710938, 
                        15.178874969482422
                    ]
                }, 
                {
                    "length": 32.604469299316406, 
                    "direction": [
                        -0.2623113989830017, 
                        0.18503518402576447, 
                        0.9470769166946411
                    ], 
                    "center": [
                        51.68053436279297, 
                        162.85342407226562, 
                        -20.248929977416992
                    ]
                }, 
                {
                    "length": 22.380067825317383, 
                    "direction": [
                        0.47967594861984253, 
                        0.27136632800102234, 
                        0.8344287872314453
                    ], 
                    "center": [
                        50.589202880859375, 
                        156.80035400390625, 
                        -45.02568817138672
                    ]
                }
            ]
        }, 
        {
            "type": 1, 
            "bone": [
                {
                    "length": 70.35211944580078, 
                    "direction": [
                        -0.19953694939613342, 
                        0.02725308947265148, 
                        0.9795112013816833
                    ], 
                    "center": [
                        24.963729858398438, 
                        191.56314086914062, 
                        -6.730497360229492
                    ]
                }, 
                {
                    "length": 41.08347702026367, 
                    "direction": [
                        0.14289483428001404, 
                        0.9739468097686768, 
                        0.17609289288520813
                    ], 
                    "center": [
                        29.047344207763672, 
                        170.59793090820312, 
                        -44.80309295654297
                    ]
                }, 
                {
                    "length": 23.11333465576172, 
                    "direction": [
                        0.32263892889022827, 
                        0.36431488394737244, 
                        -0.8736010193824768
                    ], 
                    "center": [
                        22.383403778076172, 
                        146.381103515625, 
                        -38.324432373046875
                    ]
                }, 
                {
                    "length": 16.33837890625, 
                    "direction": [
                        0.23499056696891785, 
                        -0.19166062772274017, 
                        -0.9529141783714294
                    ], 
                    "center": [
                        16.735092163085938, 
                        143.73654174804688, 
                        -20.443979263305664
                    ]
                }
            ]
        }, 
        {
            "type": 2, 
            "bone": [
                {
                    "length": 66.7167739868164, 
                    "direction": [
                        -0.06585802137851715, 
                        0.0023916198406368494, 
                        0.997826099395752
                    ], 
                    "center": [
                        9.371996879577637, 
                        196.2362060546875, 
                        -8.435595512390137
                    ]
                }, 
                {
                    "length": 46.09239959716797, 
                    "direction": [
                        -0.0008148328633978963, 
                        0.9800150990486145, 
                        0.19892117381095886
                    ], 
                    "center": [
                        11.587693214416504, 
                        173.57080078125, 
                        -46.305843353271484
                    ]
                }, 
                {
                    "length": 27.192768096923828, 
                    "direction": [
                        0.10880698263645172, 
                        0.4348906874656677, 
                        -0.8938853740692139
                    ], 
                    "center": [
                        10.127090454101562, 
                        145.07223510742188, 
                        -38.736610412597656
                    ]
                }, 
                {
                    "length": 17.970151901245117, 
                    "direction": [
                        0.10653118044137955, 
                        -0.13583943247795105, 
                        -0.9849866032600403
                    ], 
                    "center": [
                        7.690518379211426, 
                        140.37982177734375, 
                        -17.73282241821289
                    ]
                }
            ]
        }, 
        {
            "type": 3, 
            "bone": [
                {
                    "length": 59.900508880615234, 
                    "direction": [
                        0.08318695425987244, 
                        -0.02179466374218464, 
                        0.9962955117225647
                    ], 
                    "center": [
                        -6.907914161682129, 
                        198.08154296875, 
                        -6.5429792404174805
                    ]
                }, 
                {
                    "length": 42.72557830810547, 
                    "direction": [
                        -0.04193343594670296, 
                        0.9647059440612793, 
                        0.2599690854549408
                    ], 
                    "center": [
                        -8.503569602966309, 
                        178.12548828125, 
                        -41.935951232910156
                    ]
                }, 
                {
                    "length": 26.490482330322266, 
                    "direction": [
                        -0.05522877722978592, 
                        0.49126240611076355, 
                        -0.8692588806152344
                    ], 
                    "center": [
                        -6.8762359619140625, 
                        151.00979614257812, 
                        -35.97607421875
                    ]
                }, 
                {
                    "length": 17.86687660217285, 
                    "direction": [
                        -0.029338805004954338, 
                        -0.08272615075111389, 
                        -0.9961403608322144
                    ], 
                    "center": [
                        -5.882620811462402, 
                        145.24192810058594, 
                        -15.563570022583008
                    ]
                }
            ]
        }, 
        {
            "type": 4, 
            "bone": [
                {
                    "length": 55.44927978515625, 
                    "direction": [
                        0.21369007229804993, 
                        -0.08309227228164673, 
                        0.9733613133430481
                    ], 
                    "center": [
                        -22.8160457611084, 
                        194.3345947265625, 
                        -3.0103025436401367
                    ]
                }, 
                {
                    "length": 33.812801361083984, 
                    "direction": [
                        -0.108620285987854, 
                        0.94093257188797, 
                        0.3206985294818878
                    ], 
                    "center": [
                        -26.90414810180664, 
                        180.73049926757812, 
                        -35.418251037597656
                    ]
                }, 
                {
                    "length": 18.703414916992188, 
                    "direction": [
                        -0.44235339760780334, 
                        0.47452694177627563, 
                        -0.7610175609588623
                    ], 
                    "center": [
                        -20.931011199951172, 
                        160.3850860595703, 
                        -33.723297119140625
                    ]
                }, 
                {
                    "length": 16.482967376708984, 
                    "direction": [
                        -0.36879000067710876, 
                        -0.07826312631368637, 
                        -0.9262120723724365
                    ], 
                    "center": [
                        -13.754873275756836, 
                        156.5924530029297, 
                        -18.973121643066406
                    ]
                }
            ]
        }
    ], 
    "hand": {
        "grab_strength": 1.0, 
        "wrist_position": [
            -3.0787975788116455, 
            186.59799194335938, 
            32.58051300048828
        ], 
        "palm_width": 87.01065063476562, 
        "palm_velocity": [
            15.915268898010254, 
            24.167007446289062, 
            27.783037185668945
        ], 
        "palm_normal": [
            -0.15976519882678986, 
            -0.9746107459068298, 
            -0.15687252581119537
        ], 
        "is_left": true, 
        "palm_position": [
            6.60213565826416, 
            189.03794860839844, 
            -18.771682739257812
        ], 
        "pinch_strength": 0.362331360578537, 
        "is_right": false
    }
}