{
    "timestamp": 33138625260, 
    "id": 506981, 
    "fingers": [
        {
            "type": 0, 
            "bone": [
                {
                    "length": 0.0, 
                    "direction": [
                        0.0, 
                        0.0, 
                        0.0
                    ], 
                    "center": [
                        22.037012100219727, 
                        171.87049865722656, 
                        35.918479919433594
                    ]
                }, 
                {
                    "length": 47.73451232910156, 
                    "direction": [
                        -0.5358462333679199, 
                        0.11342732608318329, 
                        0.8366618752479553
                    ], 
                    "center": [
                        34.82619094848633, 
                        169.16329956054688, 
                        15.949658393859863
                    ]
                }, 
                {
                    "length": 32.60446548461914, 
                    "direction": [
                        -0.2643522620201111, 
                        0.1808653622865677, 
                        0.9473149180412292
                    ], 
                    "center": [
                        51.924903869628906, 
                        163.50759887695312, 
                        -19.462512969970703
                    ]
                }, 
                {
                    "length": 22.380069732666016, 
                    "direction": [
                        0.4851451516151428, 
                        0.26874202489852905, 
                        0.8321129679679871
                    ], 
                    "center": [
                        50.80564498901367, 
                        157.55184936523438, 
                        -44.21723175048828
                    ]
                }
            ]
        }, 
        {
            "type": 1, 
            "bone": [
                {
                    "length": 70.35211181640625, 
                    "direction": [
                        -0.20000790059566498, 
                        0.025558950379490852, 
                        0.9794608950614929
                    ], 
                    "center": [
                        25.0965576171875, 
                        192.02243041992188, 
                        -5.941769599914551
                    ]
                }, 
                {
                    "length": 41.08348083496094, 
                    "direction": [
                        0.14390292763710022, 
                        0.9739620089530945, 
                        0.17518581449985504
                    ], 
                    "center": [
                        29.176029205322266, 
                        171.11648559570312, 
                        -43.993961334228516
                    ]
                }, 
                {
                    "length": 23.11333465576172, 
                    "direction": [
                        0.3231481909751892, 
                        0.3628433644771576, 
                        -0.8740251064300537
                    ], 
                    "center": [
                        22.485496520996094, 
                        146.91635131835938, 
                        -37.491764068603516
                    ]
                }, 
                {
                    "length": 16.338380813598633, 
                    "direction": [
                        0.23506328463554382, 
                        -0.19231809675693512, 
                        -0.9527639746665955
                    ], 
                    "center": [
                        16.830703735351562, 
                        144.294189453125, 
                        -19.607637405395508
                    ]
                }
            ]
        }, 
        {
            "type": 2, 
            "bone": [
                {
                    "length": 66.7167739868164, 
                    "direction": [
                        -0.06634504348039627, 
                        0.0006262077949941158, 
                        0.9977964758872986
                    ], 
                    "center": [
                        9.507000923156738, 
                        196.7030029296875, 
                        -7.646121025085449
                    ]
                }, 
                {
                    "length": 46.0924072265625, 
                    "direction": [
                        -0.0005732919671572745, 
                        0.9798259139060974, 
                        0.19985179603099823
                    ], 
                    "center": [
                        11.733376502990723, 
                        174.10084533691406, 
                        -45.536827087402344
                    ]
                }, 
                {
                    "length": 27.192766189575195, 
                    "direction": [
                        0.10956508666276932, 
                        0.4354995787143707, 
                        -0.8934962749481201
                    ], 
                    "center": [
                        10.2568998336792, 
                        145.59835815429688, 
                        -37.99433898925781
                    ]
                }, 
                {
                    "length": 17.97015380859375, 
                    "direction": [
                        0.10712489485740662, 
                        -0.13497501611709595, 
                        -0.985041081905365
                    ], 
                    "center": [
                        7.804685592651367, 
                        140.889892578125, 
                        -16.995349884033203
                    ]
                }
            ]
        }, 
        {
            "type": 3, 
            "bone": [
                {
                    "length": 59.900508880615234, 
                    "direction": [
                        0.08269373327493668, 
                        -0.023600228130817413, 
                        0.9962954521179199
                    ], 
                    "center": [
                        -6.773303508758545, 
                        198.5496368408203, 
                        -5.758157730102539
                    ]
                }, 
                {
                    "length": 42.725582122802734, 
                    "direction": [
                        -0.04214688763022423, 
                        0.9665812253952026, 
                        0.2528724670410156
                    ], 
                    "center": [
                        -8.349626541137695, 
                        178.60760498046875, 
                        -40.9995231628418
                    ]
                }, 
                {
                    "length": 26.4904842376709, 
                    "direction": [
                        -0.05459453538060188, 
                        0.48478344082832336, 
                        -0.8729286789894104
                    ], 
                    "center": [
                        -6.726133823394775, 
                        151.53765869140625, 
                        -34.83943176269531
                    ]
                }, 
                {
                    "length": 17.86687660217285, 
                    "direction": [
                        -0.028763752430677414, 
                        -0.0870799720287323, 
                        -0.9957858920097351
                    ], 
                    "center": [
                        -5.74605655670166, 
                        145.89450073242188, 
                        -14.381490707397461
                    ]
                }
            ]
        }, 
        {
            "type": 4, 
            "bone": [
                {
                    "length": 55.449283599853516, 
                    "direction": [
                        0.2131904512643814, 
                        -0.08489417284727097, 
                        0.9733152985572815
                    ], 
                    "center": [
                        -22.684232711791992, 
                        194.80093383789062, 
                        -2.2399559020996094
                    ]
                }, 
                {
                    "length": 33.81281280517578, 
                    "direction": [
                        -0.11041964590549469, 
                        0.9412725567817688, 
                        0.3190821409225464
                    ], 
                    "center": [
                        -26.72806167602539, 
                        181.24105834960938, 
                        -34.61930847167969
                    ]
                }, 
                {
                    "length": 18.703418731689453, 
                    "direction": [
                        -0.44074735045433044, 
                        0.4729033410549164, 
                        -0.7629574537277222
                    ], 
                    "center": [
                        -20.739521026611328, 
                        160.9050750732422, 
                        -32.878883361816406
                    ]
                }, 
                {
                    "length": 16.482967376708984, 
                    "direction": [
                        -0.36646392941474915, 
                        -0.07884078472852707, 
                        -0.9270859360694885
                    ], 
                    "center": [
                        -13.597574234008789, 
                        157.13238525390625, 
                        -18.103363037109375
                    ]
                }
            ]
        }
    ], 
    "hand": {
        "grab_strength": 1.0, 
        "wrist_position": [
            -2.966602087020874, 
            186.99505615234375, 
            33.34659957885742
        ], 
        "palm_width": 87.01065063476562, 
        "palm_velocity": [
            10.385169982910156, 
            22.519716262817383, 
            31.327896118164062
        ], 
        "palm_normal": [
            -0.159967839717865, 
            -0.9742826819419861, 
            -0.1586931347846985
        ], 
        "is_left": true, 
        "palm_position": [
            6.740128993988037, 
            189.52403259277344, 
            -17.996417999267578
        ], 
        "pinch_strength": 0.35941052436828613, 
        "is_right": false
    }
}