{
    "timestamp": 33138581865, 
    "id": 506977, 
    "fingers": [
        {
            "type": 0, 
            "bone": [
                {
                    "length": 0.0, 
                    "direction": [
                        0.0, 
                        0.0, 
                        0.0
                    ], 
                    "center": [
                        21.72383689880371, 
                        171.31675720214844, 
                        34.6839714050293
                    ]
                }, 
                {
                    "length": 47.7345085144043, 
                    "direction": [
                        -0.5318040251731873, 
                        0.12345601618289948, 
                        0.8378204703330994
                    ], 
                    "center": [
                        34.41653823852539, 
                        168.37020874023438, 
                        14.687499046325684
                    ]
                }, 
                {
                    "length": 32.604469299316406, 
                    "direction": [
                        -0.26176467537879944, 
                        0.19177855551242828, 
                        0.9458858966827393
                    ], 
                    "center": [
                        51.376590728759766, 
                        162.29722595214844, 
                        -20.729028701782227
                    ]
                }, 
                {
                    "length": 22.380069732666016, 
                    "direction": [
                        0.4684176445007324, 
                        0.2783922553062439, 
                        0.8385002613067627
                    ], 
                    "center": [
                        50.40232849121094, 
                        156.0555877685547, 
                        -45.53192901611328
                    ]
                }
            ]
        }, 
        {
            "type": 1, 
            "bone": [
                {
                    "length": 70.35210418701172, 
                    "direction": [
                        -0.1997220367193222, 
                        0.030998598784208298, 
                        0.9793621897697449
                    ], 
                    "center": [
                        24.68484115600586, 
                        191.21328735351562, 
                        -7.305334091186523
                    ]
                }, 
                {
                    "length": 41.08348846435547, 
                    "direction": [
                        0.13869629800319672, 
                        0.9750797152519226, 
                        0.17315582931041718
                    ], 
                    "center": [
                        28.861209869384766, 
                        170.09304809570312, 
                        -45.312355041503906
                    ]
                }, 
                {
                    "length": 23.113330841064453, 
                    "direction": [
                        0.32155945897102356, 
                        0.36309826374053955, 
                        -0.8745051026344299
                    ], 
                    "center": [
                        22.295989990234375, 
                        145.86700439453125, 
                        -38.762916564941406
                    ]
                }, 
                {
                    "length": 16.33837890625, 
                    "direction": [
                        0.23620671033859253, 
                        -0.19395621120929718, 
                        -0.9521487355232239
                    ], 
                    "center": [
                        16.650218963623047, 
                        143.2552490234375, 
                        -20.878267288208008
                    ]
                }
            ]
        }, 
        {
            "type": 2, 
            "bone": [
                {
                    "length": 66.7167739868164, 
                    "direction": [
                        -0.0659516453742981, 
                        0.006726816762238741, 
                        0.9978001713752747
                    ], 
                    "center": [
                        9.07571029663086, 
                        195.8195037841797, 
                        -9.032944679260254
                    ]
                }, 
                {
                    "length": 46.0924072265625, 
                    "direction": [
                        -0.004728086292743683, 
                        0.9804337024688721, 
                        0.19679275155067444
                    ], 
                    "center": [
                        11.384716033935547, 
                        172.9998321533203, 
                        -46.853271484375
                    ]
                }, 
                {
                    "length": 27.192764282226562, 
                    "direction": [
                        0.106808140873909, 
                        0.43359678983688354, 
                        -0.8947546482086182
                    ], 
                    "center": [
                        10.041475296020508, 
                        144.50921630859375, 
                        -39.223175048828125
                    ]
                }, 
                {
                    "length": 17.970151901245117, 
                    "direction": [
                        0.10680942237377167, 
                        -0.1380344033241272, 
                        -0.9846513271331787
                    ], 
                    "center": [
                        7.629580497741699, 
                        139.85411071777344, 
                        -18.210582733154297
                    ]
                }
            ]
        }, 
        {
            "type": 3, 
            "bone": [
                {
                    "length": 59.900508880615234, 
                    "direction": [
                        0.08318377286195755, 
                        -0.016902722418308258, 
                        0.9963908195495605
                    ], 
                    "center": [
                        -7.211217880249023, 
                        197.61199951171875, 
                        -7.149931907653809
                    ]
                }, 
                {
                    "length": 42.7255744934082, 
                    "direction": [
                        -0.045460253953933716, 
                        0.9649671316146851, 
                        0.2584024667739868
                    ], 
                    "center": [
                        -8.73143482208252, 
                        177.50384521484375, 
                        -42.512290954589844
                    ]
                }, 
                {
                    "length": 26.490482330322266, 
                    "direction": [
                        -0.05711296200752258, 
                        0.48985350131988525, 
                        -0.8699319958686829
                    ], 
                    "center": [
                        -7.003802299499512, 
                        150.4012451171875, 
                        -36.51002502441406
                    ]
                }, 
                {
                    "length": 17.86687660217285, 
                    "direction": [
                        -0.02907555177807808, 
                        -0.0851140022277832, 
                        -0.9959468841552734
                    ], 
                    "center": [
                        -5.987582683563232, 
                        144.67337036132812, 
                        -16.0903377532959
                    ]
                }
            ]
        }, 
        {
            "type": 4, 
            "bone": [
                {
                    "length": 55.44927978515625, 
                    "direction": [
                        0.21391955018043518, 
                        -0.07781175523996353, 
                        0.9737473130226135
                    ], 
                    "center": [
                        -23.10538101196289, 
                        193.82122802734375, 
                        -3.6011581420898438
                    ]
                }, 
                {
                    "length": 33.81280517578125, 
                    "direction": [
                        -0.11020965129137039, 
                        0.9410673975944519, 
                        0.31975921988487244
                    ], 
                    "center": [
                        -27.1729736328125, 
                        180.06846618652344, 
                        -36.003929138183594
                    ]
                }, 
                {
                    "length": 18.703420639038086, 
                    "direction": [
                        -0.4451347589492798, 
                        0.47264960408210754, 
                        -0.760563850402832
                    ], 
                    "center": [
                        -21.146953582763672, 
                        159.73831176757812, 
                        -34.29733657836914
                    ]
                }, 
                {
                    "length": 16.482967376708984, 
                    "direction": [
                        -0.37030884623527527, 
                        -0.08140968531370163, 
                        -0.9253344535827637
                    ], 
                    "center": [
                        -13.93228816986084, 
                        155.98916625976562, 
                        -19.55863380432129
                    ]
                }
            ]
        }
    ], 
    "hand": {
        "grab_strength": 1.0, 
        "wrist_position": [
            -3.3420767784118652, 
            186.32286071777344, 
            32.02616882324219
        ], 
        "palm_width": 87.01065063476562, 
        "palm_velocity": [
            19.3829288482666, 
            25.84149932861328, 
            28.74250030517578
        ], 
        "palm_normal": [
            -0.15606842935085297, 
            -0.9759178757667542, 
            -0.1524038016796112
        ], 
        "is_left": true, 
        "palm_position": [
            6.333946704864502, 
            188.5634307861328, 
            -19.33603858947754
        ], 
        "pinch_strength": 0.3628927171230316, 
        "is_right": false
    }
}