{
    "timestamp": 33138568001, 
    "id": 506976, 
    "fingers": [
        {
            "type": 0, 
            "bone": [
                {
                    "length": 0.0, 
                    "direction": [
                        0.0, 
                        0.0, 
                        0.0
                    ], 
                    "center": [
                        21.559106826782227, 
                        171.2349395751953, 
                        34.37466812133789
                    ]
                }, 
                {
                    "length": 47.73450469970703, 
                    "direction": [
                        -0.5315333604812622, 
                        0.1263633370399475, 
                        0.8375588059425354
                    ], 
                    "center": [
                        34.24534606933594, 
                        168.218994140625, 
                        14.384440422058105
                    ]
                }, 
                {
                    "length": 32.604461669921875, 
                    "direction": [
                        -0.26239606738090515, 
                        0.19599711894989014, 
                        0.9448457956314087
                    ], 
                    "center": [
                        51.209228515625, 
                        162.0078582763672, 
                        -21.008880615234375
                    ]
                }, 
                {
                    "length": 22.380067825317383, 
                    "direction": [
                        0.4617728292942047, 
                        0.2844473719596863, 
                        0.8401521444320679
                    ], 
                    "center": [
                        50.319618225097656, 
                        155.62969970703125, 
                        -45.81330871582031
                    ]
                }
            ]
        }, 
        {
            "type": 1, 
            "bone": [
                {
                    "length": 70.35211944580078, 
                    "direction": [
                        -0.2000301629304886, 
                        0.03408582881093025, 
                        0.9791966080665588
                    ], 
                    "center": [
                        24.441238403320312, 
                        190.97442626953125, 
                        -7.69417667388916
                    ]
                }, 
                {
                    "length": 41.08347702026367, 
                    "direction": [
                        0.1337837427854538, 
                        0.9761195778846741, 
                        0.1711500883102417
                    ], 
                    "center": [
                        28.729358673095703, 
                        169.72422790527344, 
                        -45.6541748046875
                    ]
                }, 
                {
                    "length": 23.11333465576172, 
                    "direction": [
                        0.3204931318759918, 
                        0.3628334701061249, 
                        -0.8750061988830566
                    ], 
                    "center": [
                        22.277376174926758, 
                        145.47988891601562, 
                        -39.0577392578125
                    ]
                }, 
                {
                    "length": 16.338380813598633, 
                    "direction": [
                        0.23779243230819702, 
                        -0.1954411268234253, 
                        -0.9514502286911011
                    ], 
                    "center": [
                        16.630971908569336, 
                        142.88333129882812, 
                        -21.173006057739258
                    ]
                }
            ]
        }, 
        {
            "type": 2, 
            "bone": [
                {
                    "length": 66.7167739868164, 
                    "direction": [
                        -0.06615903228521347, 
                        0.010469654574990273, 
                        0.9977542161941528
                    ], 
                    "center": [
                        8.812567710876465, 
                        195.50582885742188, 
                        -9.442898750305176
                    ]
                }, 
                {
                    "length": 46.0924072265625, 
                    "direction": [
                        -0.009043749421834946, 
                        0.9810872077941895, 
                        0.1933547407388687
                    ], 
                    "center": [
                        11.227951049804688, 
                        172.54623413085938, 
                        -47.18246078491211
                    ]
                }, 
                {
                    "length": 27.192768096923828, 
                    "direction": [
                        0.1049107164144516, 
                        0.4309857487678528, 
                        -0.8962393403053284
                    ], 
                    "center": [
                        10.009967803955078, 
                        144.0760498046875, 
                        -39.452938079833984
                    ]
                }, 
                {
                    "length": 17.970151901245117, 
                    "direction": [
                        0.10742800682783127, 
                        -0.14109717309474945, 
                        -0.9841498136520386
                    ], 
                    "center": [
                        7.618312835693359, 
                        139.48397827148438, 
                        -18.424663543701172
                    ]
                }
            ]
        }, 
        {
            "type": 3, 
            "bone": [
                {
                    "length": 59.900508880615234, 
                    "direction": [
                        0.0830778032541275, 
                        -0.012517958879470825, 
                        0.9964643716812134
                    ], 
                    "center": [
                        -7.482324600219727, 
                        197.23516845703125, 
                        -7.569772720336914
                    ]
                }, 
                {
                    "length": 42.725589752197266, 
                    "direction": [
                        -0.04965008795261383, 
                        0.9655553698539734, 
                        0.2554168105125427
                    ], 
                    "center": [
                        -8.909860610961914, 
                        176.98312377929688, 
                        -42.87055206298828
                    ]
                }, 
                {
                    "length": 26.490482330322266, 
                    "direction": [
                        -0.05911627039313316, 
                        0.4869849681854248, 
                        -0.8714073300361633
                    ], 
                    "center": [
                        -7.066186904907227, 
                        149.90594482421875, 
                        -36.784969329833984
                    ]
                }, 
                {
                    "length": 17.86687469482422, 
                    "direction": [
                        -0.028569811955094337, 
                        -0.08852072805166245, 
                        -0.9956645369529724
                    ], 
                    "center": [
                        -6.027951240539551, 
                        144.24649047851562, 
                        -16.3482608795166
                    ]
                }
            ]
        }, 
        {
            "type": 4, 
            "bone": [
                {
                    "length": 55.44927978515625, 
                    "direction": [
                        0.21408076584339142, 
                        -0.07294951379299164, 
                        0.974088191986084
                    ], 
                    "center": [
                        -23.360517501831055, 
                        193.38980102539062, 
                        -4.00828742980957
                    ]
                }, 
                {
                    "length": 33.81281280517578, 
                    "direction": [
                        -0.1131538450717926, 
                        0.9413569569587708, 
                        0.3178732991218567
                    ], 
                    "center": [
                        -27.38280487060547, 
                        179.49732971191406, 
                        -36.38862609863281
                    ]
                }, 
                {
                    "length": 18.703413009643555, 
                    "direction": [
                        -0.4478287100791931, 
                        0.4694378674030304, 
                        -0.7609714865684509
                    ], 
                    "center": [
                        -21.281818389892578, 
                        159.19232177734375, 
                        -34.646339416503906
                    ]
                }, 
                {
                    "length": 16.482967376708984, 
                    "direction": [
                        -0.371051549911499, 
                        -0.08545512706041336, 
                        -0.9246719479560852
                    ], 
                    "center": [
                        -14.035839080810547, 
                        155.50656127929688, 
                        -19.909290313720703
                    ]
                }
            ]
        }
    ], 
    "hand": {
        "grab_strength": 1.0, 
        "wrist_position": [
            -3.571235418319702, 
            186.12123107910156, 
            31.6522274017334
        ], 
        "palm_width": 87.01065063476562, 
        "palm_velocity": [
            21.180166244506836, 
            25.435522079467773, 
            29.548973083496094
        ], 
        "palm_normal": [
            -0.15180325508117676, 
            -0.9771937131881714, 
            -0.14848625659942627
        ], 
        "is_left": true, 
        "palm_position": [
            6.104174613952637, 
            188.1963653564453, 
            -19.717044830322266
        ], 
        "pinch_strength": 0.36381810903549194, 
        "is_right": false
    }
}