{
    "timestamp": 33138615450, 
    "id": 506980, 
    "fingers": [
        {
            "type": 0, 
            "bone": [
                {
                    "length": 0.0, 
                    "direction": [
                        0.0, 
                        0.0, 
                        0.0
                    ], 
                    "center": [
                        21.949642181396484, 
                        171.67007446289062, 
                        35.582733154296875
                    ]
                }, 
                {
                    "length": 47.73451232910156, 
                    "direction": [
                        -0.5355471968650818, 
                        0.11457458883523941, 
                        0.8366969227790833
                    ], 
                    "center": [
                        34.73168182373047, 
                        168.93548583984375, 
                        15.61307430267334
                    ]
                }, 
                {
                    "length": 32.60446548461914, 
                    "direction": [
                        -0.2642342150211334, 
                        0.18194034695625305, 
                        0.9471420049667358
                    ], 
                    "center": [
                        51.82133483886719, 
                        163.23487854003906, 
                        -19.797115325927734
                    ]
                }, 
                {
                    "length": 22.38007354736328, 
                    "direction": [
                        0.48257553577423096, 
                        0.2693256139755249, 
                        0.8334174752235413
                    ], 
                    "center": [
                        50.728904724121094, 
                        157.2550811767578, 
                        -44.56361389160156
                    ]
                }
            ]
        }, 
        {
            "type": 1, 
            "bone": [
                {
                    "length": 70.35211181640625, 
                    "direction": [
                        -0.20063932240009308, 
                        0.02554788999259472, 
                        0.979331910610199
                    ], 
                    "center": [
                        25.03087615966797, 
                        191.82110595703125, 
                        -6.276357650756836
                    ]
                }, 
                {
                    "length": 41.0834846496582, 
                    "direction": [
                        0.1431998312473297, 
                        0.9738467931747437, 
                        0.17639797925949097
                    ], 
                    "center": [
                        29.147003173828125, 
                        170.91790771484375, 
                        -44.348915100097656
                    ]
                }, 
                {
                    "length": 23.113330841064453, 
                    "direction": [
                        0.32362478971481323, 
                        0.3641433119773865, 
                        -0.8733078837394714
                    ], 
                    "center": [
                        22.465404510498047, 
                        146.7051239013672, 
                        -37.879913330078125
                    ]
                }, 
                {
                    "length": 16.33837890625, 
                    "direction": [
                        0.2358637899160385, 
                        -0.1913188099861145, 
                        -0.9527671933174133
                    ], 
                    "center": [
                        16.798564910888672, 
                        144.05975341796875, 
                        -20.004047393798828
                    ]
                }
            ]
        }, 
        {
            "type": 2, 
            "bone": [
                {
                    "length": 66.7167739868164, 
                    "direction": [
                        -0.06698200851678848, 
                        0.0006490788073278964, 
                        0.9977539777755737
                    ], 
                    "center": [
                        9.441244125366211, 
                        196.49771118164062, 
                        -7.9908447265625
                    ]
                }, 
                {
                    "length": 46.09241485595703, 
                    "direction": [
                        -0.0009806461166590452, 
                        0.9797400236129761, 
                        0.20027120411396027
                    ], 
                    "center": [
                        11.698256492614746, 
                        173.89675903320312, 
                        -45.889801025390625
                    ]
                }, 
                {
                    "length": 27.192764282226562, 
                    "direction": [
                        0.10992920398712158, 
                        0.4360192120075226, 
                        -0.8931981921195984
                    ], 
                    "center": [
                        10.226217269897461, 
                        145.38919067382812, 
                        -38.361026763916016
                    ]
                }, 
                {
                    "length": 17.97015380859375, 
                    "direction": [
                        0.10771582275629044, 
                        -0.134515643119812, 
                        -0.9850395321846008
                    ], 
                    "center": [
                        7.763742923736572, 
                        140.66954040527344, 
                        -17.366107940673828
                    ]
                }
            ]
        }, 
        {
            "type": 3, 
            "bone": [
                {
                    "length": 59.90050506591797, 
                    "direction": [
                        0.08206373453140259, 
                        -0.023539859801530838, 
                        0.9963490962982178
                    ], 
                    "center": [
                        -6.840721130371094, 
                        198.34036254882812, 
                        -6.113344192504883
                    ]
                }, 
                {
                    "length": 42.725582122802734, 
                    "direction": [
                        -0.042239584028720856, 
                        0.964584469795227, 
                        0.2603702247142792
                    ], 
                    "center": [
                        -8.396195411682129, 
                        178.43917846679688, 
                        -41.51648712158203
                    ]
                }, 
                {
                    "length": 26.4904842376709, 
                    "direction": [
                        -0.054228682070970535, 
                        0.49161550402641296, 
                        -0.8691222667694092
                    ], 
                    "center": [
                        -6.775568008422852, 
                        151.32139587402344, 
                        -35.566986083984375
                    ]
                }, 
                {
                    "length": 17.86687469482422, 
                    "direction": [
                        -0.028209758922457695, 
                        -0.08191056549549103, 
                        -0.9962403774261475
                    ], 
                    "center": [
                        -5.805285453796387, 
                        145.54156494140625, 
                        -15.155401229858398
                    ]
                }
            ]
        }, 
        {
            "type": 4, 
            "bone": [
                {
                    "length": 55.44927978515625, 
                    "direction": [
                        0.21259039640426636, 
                        -0.08480226993560791, 
                        0.9734545946121216
                    ], 
                    "center": [
                        -22.75295639038086, 
                        194.58782958984375, 
                        -2.605149269104004
                    ]
                }, 
                {
                    "length": 33.812801361083984, 
                    "direction": [
                        -0.11008184403181076, 
                        0.9408996105194092, 
                        0.32029637694358826
                    ], 
                    "center": [
                        -26.78586196899414, 
                        181.03172302246094, 
                        -35.008888244628906
                    ]
                }, 
                {
                    "length": 18.703414916992188, 
                    "direction": [
                        -0.44082769751548767, 
                        0.47401949763298035, 
                        -0.7622181177139282
                    ], 
                    "center": [
                        -20.802282333374023, 
                        160.6916046142578, 
                        -33.29590606689453
                    ]
                }, 
                {
                    "length": 16.482969284057617, 
                    "direction": [
                        -0.3666204512119293, 
                        -0.07803353667259216, 
                        -0.9270923137664795
                    ], 
                    "center": [
                        -13.658293724060059, 
                        156.90182495117188, 
                        -18.527246475219727
                    ]
                }
            ]
        }
    ], 
    "hand": {
        "grab_strength": 1.0, 
        "wrist_position": [
            -3.0560970306396484, 
            186.7882843017578, 
            32.99429702758789
        ], 
        "palm_width": 87.01065063476562, 
        "palm_velocity": [
            12.28630256652832, 
            23.14027976989746, 
            29.66783332824707
        ], 
        "palm_normal": [
            -0.15962354838848114, 
            -0.974328875541687, 
            -0.15875636041164398
        ], 
        "is_left": true, 
        "palm_position": [
            6.682769775390625, 
            189.31765747070312, 
            -18.34261703491211
        ], 
        "pinch_strength": 0.36095818877220154, 
        "is_right": false
    }
}