{
    "timestamp": 33138659721, 
    "id": 506984, 
    "fingers": [
        {
            "type": 0, 
            "bone": [
                {
                    "length": 0.0, 
                    "direction": [
                        0.0, 
                        0.0, 
                        0.0
                    ], 
                    "center": [
                        22.111156463623047, 
                        172.37701416015625, 
                        36.708194732666016
                    ]
                }, 
                {
                    "length": 47.7345085144043, 
                    "direction": [
                        -0.53827965259552, 
                        0.10970106720924377, 
                        0.8355960249900818
                    ], 
                    "center": [
                        34.958412170410156, 
                        169.75875854492188, 
                        16.764812469482422
                    ]
                }, 
                {
                    "length": 32.604461669921875, 
                    "direction": [
                        -0.2670295834541321, 
                        0.17756600677967072, 
                        0.9471882581710815
                    ], 
                    "center": [
                        52.158851623535156, 
                        164.24575805664062, 
                        -18.61985206604004
                    ]
                }, 
                {
                    "length": 22.380067825317383, 
                    "direction": [
                        0.48759371042251587, 
                        0.26773571968078613, 
                        0.8310054540634155
                    ], 
                    "center": [
                        51.05583953857422, 
                        158.35507202148438, 
                        -43.36011505126953
                    ]
                }
            ]
        }, 
        {
            "type": 1, 
            "bone": [
                {
                    "length": 70.35211944580078, 
                    "direction": [
                        -0.20031943917274475, 
                        0.025039060041308403, 
                        0.9794105887413025
                    ], 
                    "center": [
                        25.168201446533203, 
                        192.54705810546875, 
                        -5.14350700378418
                    ]
                }, 
                {
                    "length": 41.083492279052734, 
                    "direction": [
                        0.14404824376106262, 
                        0.9744589924812317, 
                        0.17227771878242493
                    ], 
                    "center": [
                        29.255645751953125, 
                        171.64920043945312, 
                        -43.134193420410156
                    ]
                }, 
                {
                    "length": 23.11332893371582, 
                    "direction": [
                        0.3234792649745941, 
                        0.3597056567668915, 
                        -0.8751989006996155
                    ], 
                    "center": [
                        22.558303833007812, 
                        147.47511291503906, 
                        -36.55870056152344
                    ]
                }, 
                {
                    "length": 16.33837890625, 
                    "direction": [
                        0.23545974493026733, 
                        -0.1947360336780548, 
                        -0.9521746039390564
                    ], 
                    "center": [
                        16.896446228027344, 
                        144.90895080566406, 
                        -18.66582489013672
                    ]
                }
            ]
        }, 
        {
            "type": 2, 
            "bone": [
                {
                    "length": 66.7167739868164, 
                    "direction": [
                        -0.06664356589317322, 
                        0.00019897765014320612, 
                        0.9977768063545227
                    ], 
                    "center": [
                        9.575674057006836, 
                        197.2166748046875, 
                        -6.850749969482422
                    ]
                }, 
                {
                    "length": 46.092411041259766, 
                    "direction": [
                        -0.0009572038543410599, 
                        0.9806114435195923, 
                        0.19596007466316223
                    ], 
                    "center": [
                        11.820856094360352, 
                        174.61065673828125, 
                        -44.6511116027832
                    ]
                }, 
                {
                    "length": 27.192758560180664, 
                    "direction": [
                        0.11004667729139328, 
                        0.43202683329582214, 
                        -0.8951215744018555
                    ], 
                    "center": [
                        10.3466796875, 
                        146.13729858398438, 
                        -36.99683380126953
                    ]
                }, 
                {
                    "length": 17.970151901245117, 
                    "direction": [
                        0.10787259787321091, 
                        -0.1372956782579422, 
                        -0.9846386909484863
                    ], 
                    "center": [
                        7.881199359893799, 
                        141.4969024658203, 
                        -15.9793701171875
                    ]
                }
            ]
        }, 
        {
            "type": 3, 
            "bone": [
                {
                    "length": 59.90050506591797, 
                    "direction": [
                        0.08241364359855652, 
                        -0.0239158496260643, 
                        0.9963112473487854
                    ], 
                    "center": [
                        -6.706563949584961, 
                        199.05047607421875, 
                        -4.966955184936523
                    ]
                }, 
                {
                    "length": 42.7255973815918, 
                    "direction": [
                        -0.043242909014225006, 
                        0.9685526490211487, 
                        0.24502219259738922
                    ], 
                    "center": [
                        -8.251083374023438, 
                        179.07577514648438, 
                        -40.04108810424805
                    ]
                }, 
                {
                    "length": 26.490480422973633, 
                    "direction": [
                        -0.0547637976706028, 
                        0.4773736894130707, 
                        -0.8769921660423279
                    ], 
                    "center": [
                        -6.601934432983398, 
                        152.06185913085938, 
                        -33.65947723388672
                    ]
                }, 
                {
                    "length": 17.866878509521484, 
                    "direction": [
                        -0.028441298753023148, 
                        -0.09272593259811401, 
                        -0.9952853322029114
                    ], 
                    "center": [
                        -5.622496604919434, 
                        146.56729125976562, 
                        -13.152183532714844
                    ]
                }
            ]
        }, 
        {
            "type": 4, 
            "bone": [
                {
                    "length": 55.44927978515625, 
                    "direction": [
                        0.21296286582946777, 
                        -0.08510386943817139, 
                        0.9733468294143677
                    ], 
                    "center": [
                        -22.61574935913086, 
                        195.28860473632812, 
                        -1.454930305480957
                    ]
                }, 
                {
                    "length": 33.81280517578125, 
                    "direction": [
                        -0.11477737873792648, 
                        0.9427844882011414, 
                        0.3130234181880951
                    ], 
                    "center": [
                        -26.579593658447266, 
                        181.708984375, 
                        -33.732723236083984
                    ]
                }, 
                {
                    "length": 18.703413009643555, 
                    "direction": [
                        -0.4392355680465698, 
                        0.46662163734436035, 
                        -0.7676825523376465
                    ], 
                    "center": [
                        -20.53152084350586, 
                        161.40618896484375, 
                        -31.845680236816406
                    ]
                }, 
                {
                    "length": 16.482967376708984, 
                    "direction": [
                        -0.3630101978778839, 
                        -0.0835314616560936, 
                        -0.9280334711074829
                    ], 
                    "center": [
                        -13.432174682617188, 
                        157.73089599609375, 
                        -17.018165588378906
                    ]
                }
            ]
        }
    ], 
    "hand": {
        "grab_strength": 1.0, 
        "wrist_position": [
            -2.9029428958892822, 
            187.48391723632812, 
            34.13456344604492
        ], 
        "palm_width": 87.01065063476562, 
        "palm_velocity": [
            4.4189252853393555, 
            16.57301902770996, 
            24.32332420349121
        ], 
        "palm_normal": [
            -0.1591949611902237, 
            -0.9743413329124451, 
            -0.15910965204238892
        ], 
        "is_left": true, 
        "palm_position": [
            6.817240238189697, 
            190.03958129882812, 
            -17.204587936401367
        ], 
        "pinch_strength": 0.35406234860420227, 
        "is_right": false
    }
}