{
    "timestamp": 33138705612, 
    "id": 506988, 
    "fingers": [
        {
            "type": 0, 
            "bone": [
                {
                    "length": 0.0, 
                    "direction": [
                        0.0, 
                        0.0, 
                        0.0
                    ], 
                    "center": [
                        22.005142211914062, 
                        173.4100341796875, 
                        37.5284538269043
                    ]
                }, 
                {
                    "length": 47.7345085144043, 
                    "direction": [
                        -0.5418349504470825, 
                        0.11054497212171555, 
                        0.8331834673881531
                    ], 
                    "center": [
                        34.937255859375, 
                        170.77163696289062, 
                        17.64265251159668
                    ]
                }, 
                {
                    "length": 32.60446548461914, 
                    "direction": [
                        -0.26983776688575745, 
                        0.17960083484649658, 
                        0.9460079669952393
                    ], 
                    "center": [
                        52.26832580566406, 
                        165.205322265625, 
                        -17.665191650390625
                    ]
                }, 
                {
                    "length": 22.380069732666016, 
                    "direction": [
                        0.4900222718715668, 
                        0.27104175090789795, 
                        0.8285014629364014
                    ], 
                    "center": [
                        51.18391418457031, 
                        159.24447631835938, 
                        -42.358192443847656
                    ]
                }
            ]
        }, 
        {
            "type": 1, 
            "bone": [
                {
                    "length": 70.35211181640625, 
                    "direction": [
                        -0.2019079476594925, 
                        0.029677072539925575, 
                        0.9789547324180603
                    ], 
                    "center": [
                        25.118972778320312, 
                        193.37872314453125, 
                        -4.415514945983887
                    ]
                }, 
                {
                    "length": 41.0834846496582, 
                    "direction": [
                        0.14639674127101898, 
                        0.9766791462898254, 
                        0.1570538729429245
                    ], 
                    "center": [
                        29.214054107666016, 
                        172.27212524414062, 
                        -42.07744598388672
                    ]
                }, 
                {
                    "length": 23.113330841064453, 
                    "direction": [
                        0.3252577483654022, 
                        0.34526434540748596, 
                        -0.8803408145904541
                    ], 
                    "center": [
                        22.447914123535156, 
                        148.21932983398438, 
                        -35.129798889160156
                    ]
                }, 
                {
                    "length": 16.338376998901367, 
                    "direction": [
                        0.23684805631637573, 
                        -0.20627467334270477, 
                        -0.9493964910507202
                    ], 
                    "center": [
                        16.75416374206543, 
                        145.914306640625, 
                        -17.2001953125
                    ]
                }
            ]
        }, 
        {
            "type": 2, 
            "bone": [
                {
                    "length": 66.7167739868164, 
                    "direction": [
                        -0.06824883818626404, 
                        0.004996854811906815, 
                        0.9976558685302734
                    ], 
                    "center": [
                        9.526774406433105, 
                        198.03173828125, 
                        -6.170404434204102
                    ]
                }, 
                {
                    "length": 46.0924072265625, 
                    "direction": [
                        -0.0013988837599754333, 
                        0.9823180437088013, 
                        0.18721438944339752
                    ], 
                    "center": [
                        11.835684776306152, 
                        175.22634887695312, 
                        -43.765174865722656
                    ]
                }, 
                {
                    "length": 27.192764282226562, 
                    "direction": [
                        0.11177939921617508, 
                        0.42410802841186523, 
                        -0.8986867666244507
                    ], 
                    "center": [
                        10.348128318786621, 
                        146.82131958007812, 
                        -35.86086654663086
                    ]
                }, 
                {
                    "length": 17.970149993896484, 
                    "direction": [
                        0.109871044754982, 
                        -0.14456839859485626, 
                        -0.9833759665489197
                    ], 
                    "center": [
                        7.841133117675781, 
                        142.35394287109375, 
                        -14.806270599365234
                    ]
                }
            ]
        }, 
        {
            "type": 3, 
            "bone": [
                {
                    "length": 59.900508880615234, 
                    "direction": [
                        0.08082312345504761, 
                        -0.01904555782675743, 
                        0.9965464472770691
                    ], 
                    "center": [
                        -6.759428977966309, 
                        199.8660125732422, 
                        -4.321674346923828
                    ]
                }, 
                {
                    "length": 42.725582122802734, 
                    "direction": [
                        -0.04461004585027695, 
                        0.9726053476333618, 
                        0.22814194858074188
                    ], 
                    "center": [
                        -8.227107048034668, 
                        179.65887451171875, 
                        -39.04224395751953
                    ]
                }, 
                {
                    "length": 26.490482330322266, 
                    "direction": [
                        -0.053514715284109116, 
                        0.46132543683052063, 
                        -0.8856155872344971
                    ], 
                    "center": [
                        -6.5652971267700195, 
                        152.77093505859375, 
                        -32.18579864501953
                    ]
                }, 
                {
                    "length": 17.86687660217285, 
                    "direction": [
                        -0.026637064293026924, 
                        -0.10692670196294785, 
                        -0.993910014629364
                    ], 
                    "center": [
                        -5.618520736694336, 
                        147.61578369140625, 
                        -11.576574325561523
                    ]
                }
            ]
        }, 
        {
            "type": 4, 
            "bone": [
                {
                    "length": 55.44927978515625, 
                    "direction": [
                        0.2114410549402237, 
                        -0.08027493208646774, 
                        0.9740886092185974
                    ], 
                    "center": [
                        -22.67227554321289, 
                        196.11276245117188, 
                        -0.8170223236083984
                    ]
                }, 
                {
                    "length": 33.81280517578125, 
                    "direction": [
                        -0.1195642501115799, 
                        0.9459456205368042, 
                        0.30148154497146606
                    ], 
                    "center": [
                        -26.51300048828125, 
                        182.34580993652344, 
                        -32.92024612426758
                    ]
                }, 
                {
                    "length": 18.70341682434082, 
                    "direction": [
                        -0.4361717402935028, 
                        0.45605573058128357, 
                        -0.7757366895675659
                    ], 
                    "center": [
                        -20.412649154663086, 
                        162.08837890625, 
                        -30.762752532958984
                    ]
                }, 
                {
                    "length": 16.48296546936035, 
                    "direction": [
                        -0.3578384220600128, 
                        -0.09321461617946625, 
                        -0.9291194081306458
                    ], 
                    "center": [
                        -13.384578704833984, 
                        158.59170532226562, 
                        -15.850967407226562
                    ]
                }
            ]
        }
    ], 
    "hand": {
        "grab_strength": 1.0, 
        "wrist_position": [
            -3.0126760005950928, 
            188.49102783203125, 
            34.84148406982422
        ], 
        "palm_width": 87.01065063476562, 
        "palm_velocity": [
            0.18557091057300568, 
            15.797891616821289, 
            15.695809364318848
        ], 
        "palm_normal": [
            -0.15842951834201813, 
            -0.975184977054596, 
            -0.15464262664318085
        ], 
        "is_left": true, 
        "palm_position": [
            6.788753509521484, 
            190.80311584472656, 
            -16.49376678466797
        ], 
        "pinch_strength": 0.34280258417129517, 
        "is_right": false
    }
}