{
    "timestamp": 33138694129, 
    "id": 506987, 
    "fingers": [
        {
            "type": 0, 
            "bone": [
                {
                    "length": 0.0, 
                    "direction": [
                        0.0, 
                        0.0, 
                        0.0
                    ], 
                    "center": [
                        22.03530502319336, 
                        173.1481475830078, 
                        37.348358154296875
                    ]
                }, 
                {
                    "length": 47.7345085144043, 
                    "direction": [
                        -0.5408381223678589, 
                        0.11024033278226852, 
                        0.8338712453842163
                    ], 
                    "center": [
                        34.943626403808594, 
                        170.5170135498047, 
                        17.446142196655273
                    ]
                }, 
                {
                    "length": 32.60446548461914, 
                    "direction": [
                        -0.26902472972869873, 
                        0.1787804365158081, 
                        0.9463949203491211
                    ], 
                    "center": [
                        52.23765182495117, 
                        164.9713592529297, 
                        -17.884424209594727
                    ]
                }, 
                {
                    "length": 22.380067825317383, 
                    "direction": [
                        0.4889673888683319, 
                        0.26952680945396423, 
                        0.8296181559562683
                    ], 
                    "center": [
                        51.15179443359375, 
                        159.04083251953125, 
                        -42.596229553222656
                    ]
                }
            ]
        }, 
        {
            "type": 1, 
            "bone": [
                {
                    "length": 70.35211944580078, 
                    "direction": [
                        -0.20142914354801178, 
                        0.02817249298095703, 
                        0.979097843170166
                    ], 
                    "center": [
                        25.143661499023438, 
                        193.18519592285156, 
                        -4.563412666320801
                    ]
                }, 
                {
                    "length": 41.08347702026367, 
                    "direction": [
                        0.1465589851140976, 
                        0.9760646224021912, 
                        0.16068051755428314
                    ], 
                    "center": [
                        29.218568801879883, 
                        172.14413452148438, 
                        -42.30487060546875
                    ]
                }, 
                {
                    "length": 23.113332748413086, 
                    "direction": [
                        0.3250039517879486, 
                        0.3484905958175659, 
                        -0.8791624903678894
                    ], 
                    "center": [
                        22.452030181884766, 
                        148.06668090820312, 
                        -35.445343017578125
                    ]
                }, 
                {
                    "length": 16.338376998901367, 
                    "direction": [
                        0.2363227754831314, 
                        -0.20350933074951172, 
                        -0.9501239061355591
                    ], 
                    "center": [
                        16.7655029296875, 
                        145.70179748535156, 
                        -17.523412704467773
                    ]
                }
            ]
        }, 
        {
            "type": 2, 
            "bone": [
                {
                    "length": 66.7167739868164, 
                    "direction": [
                        -0.0677788257598877, 
                        0.0033663816284388304, 
                        0.997694730758667
                    ], 
                    "center": [
                        9.553943634033203, 
                        197.8521728515625, 
                        -6.303162574768066
                    ]
                }, 
                {
                    "length": 46.092403411865234, 
                    "direction": [
                        -0.0007492853328585625, 
                        0.981733500957489, 
                        0.19025954604148865
                    ], 
                    "center": [
                        11.83220386505127, 
                        175.11465454101562, 
                        -43.96940612792969
                    ]
                }, 
                {
                    "length": 27.19277000427246, 
                    "direction": [
                        0.11147577315568924, 
                        0.42676153779029846, 
                        -0.8974674344062805
                    ], 
                    "center": [
                        10.333805084228516, 
                        146.68701171875, 
                        -36.15185546875
                    ]
                }, 
                {
                    "length": 17.970151901245117, 
                    "direction": [
                        0.10918106883764267, 
                        -0.1421738564968109, 
                        -0.9838019013404846
                    ], 
                    "center": [
                        7.837137222290039, 
                        142.16204833984375, 
                        -15.110008239746094
                    ]
                }
            ]
        }, 
        {
            "type": 3, 
            "bone": [
                {
                    "length": 59.900508880615234, 
                    "direction": [
                        0.08127552270889282, 
                        -0.020779797807335854, 
                        0.9964749813079834
                    ], 
                    "center": [
                        -6.730091571807861, 
                        199.69485473632812, 
                        -4.443714141845703
                    ]
                }, 
                {
                    "length": 42.725582122802734, 
                    "direction": [
                        -0.04369920492172241, 
                        0.9714393019676208, 
                        0.2332295924425125
                    ], 
                    "center": [
                        -8.230777740478516, 
                        179.56455993652344, 
                        -39.27082824707031
                    ]
                }, 
                {
                    "length": 26.4904842376709, 
                    "direction": [
                        -0.053554605692625046, 
                        0.46638223528862, 
                        -0.8829607367515564
                    ], 
                    "center": [
                        -6.587896347045898, 
                        152.63455200195312, 
                        -32.55823516845703
                    ]
                }, 
                {
                    "length": 17.86687469482422, 
                    "direction": [
                        -0.027152420952916145, 
                        -0.10227227210998535, 
                        -0.994385838508606
                    ], 
                    "center": [
                        -5.635988235473633, 
                        147.370849609375, 
                        -11.979925155639648
                    ]
                }
            ]
        }, 
        {
            "type": 4, 
            "bone": [
                {
                    "length": 55.44927978515625, 
                    "direction": [
                        0.21183960139751434, 
                        -0.08206363022327423, 
                        0.9738529324531555
                    ], 
                    "center": [
                        -22.643951416015625, 
                        195.94696044921875, 
                        -0.9379243850708008
                    ]
                }, 
                {
                    "length": 33.81280517578125, 
                    "direction": [
                        -0.11793944239616394, 
                        0.9451599717140198, 
                        0.3045698404312134
                    ], 
                    "center": [
                        -26.523197174072266, 
                        182.24288940429688, 
                        -33.08682632446289
                    ]
                }, 
                {
                    "length": 18.703414916992188, 
                    "direction": [
                        -0.436703085899353, 
                        0.45905637741088867, 
                        -0.7736650705337524
                    ], 
                    "center": [
                        -20.445344924926758, 
                        161.97067260742188, 
                        -31.000919342041016
                    ]
                }, 
                {
                    "length": 16.482967376708984, 
                    "direction": [
                        -0.3591625690460205, 
                        -0.0903596505522728, 
                        -0.9288904070854187
                    ], 
                    "center": [
                        -13.401392936706543, 
                        158.42242431640625, 
                        -16.110393524169922
                    ]
                }
            ]
        }
    ], 
    "hand": {
        "grab_strength": 1.0, 
        "wrist_position": [
            -2.973083257675171, 
            188.25132751464844, 
            34.698490142822266
        ], 
        "palm_width": 87.01065063476562, 
        "palm_velocity": [
            1.0387721061706543, 
            16.730871200561523, 
            17.309782028198242
        ], 
        "palm_normal": [
            -0.15919221937656403, 
            -0.9748110771179199, 
            -0.1562088131904602
        ], 
        "is_left": true, 
        "palm_position": [
            6.805978775024414, 
            190.6428680419922, 
            -16.637386322021484
        ], 
        "pinch_strength": 0.34466078877449036, 
        "is_right": false
    }
}