{
    "timestamp": 33138682695, 
    "id": 506986, 
    "fingers": [
        {
            "type": 0, 
            "bone": [
                {
                    "length": 0.0, 
                    "direction": [
                        0.0, 
                        0.0, 
                        0.0
                    ], 
                    "center": [
                        22.075403213500977, 
                        172.92398071289062, 
                        37.223358154296875
                    ]
                }, 
                {
                    "length": 47.73451232910156, 
                    "direction": [
                        -0.5395529270172119, 
                        0.11032663285732269, 
                        0.8346918821334839
                    ], 
                    "center": [
                        34.95305252075195, 
                        170.29078674316406, 
                        17.30155372619629
                    ]
                }, 
                {
                    "length": 32.60446548461914, 
                    "direction": [
                        -0.26798275113105774, 
                        0.17859791219234467, 
                        0.9467248320579529
                    ], 
                    "center": [
                        52.19941711425781, 
                        164.7460479736328, 
                        -18.053979873657227
                    ]
                }, 
                {
                    "length": 22.380069732666016, 
                    "direction": [
                        0.48868831992149353, 
                        0.26903316378593445, 
                        0.8299427628517151
                    ], 
                    "center": [
                        51.099693298339844, 
                        158.82400512695312, 
                        -42.77479553222656
                    ]
                }
            ]
        }, 
        {
            "type": 1, 
            "bone": [
                {
                    "length": 70.35211944580078, 
                    "direction": [
                        -0.20070809125900269, 
                        0.02714117430150509, 
                        0.9792750477790833
                    ], 
                    "center": [
                        25.1517333984375, 
                        193.00485229492188, 
                        -4.669793128967285
                    ]
                }, 
                {
                    "length": 41.08348083496094, 
                    "direction": [
                        0.14590482413768768, 
                        0.9756025075912476, 
                        0.1640477031469345
                    ], 
                    "center": [
                        29.21471405029297, 
                        172.0095672607422, 
                        -42.486656188964844
                    ]
                }, 
                {
                    "length": 23.11333465576172, 
                    "direction": [
                        0.32422971725463867, 
                        0.35178810358047485, 
                        -0.8781344890594482
                    ], 
                    "center": [
                        22.47056007385254, 
                        147.90350341796875, 
                        -35.70817184448242
                    ]
                }, 
                {
                    "length": 16.33837890625, 
                    "direction": [
                        0.23570705950260162, 
                        -0.20090645551681519, 
                        -0.9508305788040161
                    ], 
                    "center": [
                        16.798009872436523, 
                        145.479248046875, 
                        -17.792346954345703
                    ]
                }
            ]
        }, 
        {
            "type": 2, 
            "bone": [
                {
                    "length": 66.7167739868164, 
                    "direction": [
                        -0.06704267114400864, 
                        0.0023232356179505587, 
                        0.9977473020553589
                    ], 
                    "center": [
                        9.560478210449219, 
                        197.67279052734375, 
                        -6.39317512512207
                    ]
                }, 
                {
                    "length": 46.092403411865234, 
                    "direction": [
                        -0.0006671026931144297, 
                        0.9815149903297424, 
                        0.1913837045431137
                    ], 
                    "center": [
                        11.812288284301758, 
                        174.97509765625, 
                        -44.08708572387695
                    ]
                }, 
                {
                    "length": 27.192764282226562, 
                    "direction": [
                        0.11075389385223389, 
                        0.42778119444847107, 
                        -0.897071361541748
                    ], 
                    "center": [
                        10.321809768676758, 
                        146.53863525390625, 
                        -36.30082702636719
                    ]
                }, 
                {
                    "length": 17.97015380859375, 
                    "direction": [
                        0.10842741280794144, 
                        -0.14109717309474945, 
                        -0.9840402007102966
                    ], 
                    "center": [
                        7.841729164123535, 
                        141.9901123046875, 
                        -15.262228012084961
                    ]
                }
            ]
        }, 
        {
            "type": 3, 
            "bone": [
                {
                    "length": 59.9005126953125, 
                    "direction": [
                        0.08201205730438232, 
                        -0.021813513711094856, 
                        0.9963926076889038
                    ], 
                    "center": [
                        -6.722280025482178, 
                        199.5126190185547, 
                        -4.519791603088379
                    ]
                }, 
                {
                    "length": 42.72559356689453, 
                    "direction": [
                        -0.043537188321352005, 
                        0.9709615707397461, 
                        0.23524056375026703
                    ], 
                    "center": [
                        -8.248485565185547, 
                        179.42349243164062, 
                        -39.38739776611328
                    ]
                }, 
                {
                    "length": 26.490478515625, 
                    "direction": [
                        -0.05425617843866348, 
                        0.46818408370018005, 
                        -0.8819636702537537
                    ], 
                    "center": [
                        -6.59977388381958, 
                        152.47982788085938, 
                        -32.73097610473633
                    ]
                }, 
                {
                    "length": 17.86687660217285, 
                    "direction": [
                        -0.02791055291891098, 
                        -0.10057530552148819, 
                        -0.9945378303527832
                    ], 
                    "center": [
                        -5.631800651550293, 
                        147.17709350585938, 
                        -12.16451358795166
                    ]
                }
            ]
        }, 
        {
            "type": 4, 
            "bone": [
                {
                    "length": 55.44927978515625, 
                    "direction": [
                        0.2125627100467682, 
                        -0.08306640386581421, 
                        0.9736103415489197
                    ], 
                    "center": [
                        -22.633342742919922, 
                        195.76019287109375, 
                        -1.0061655044555664
                    ]
                }, 
                {
                    "length": 33.81281280517578, 
                    "direction": [
                        -0.115992970764637, 
                        0.9440162777900696, 
                        0.30883491039276123
                    ], 
                    "center": [
                        -26.56554412841797, 
                        182.103271484375, 
                        -33.22045135498047
                    ]
                }, 
                {
                    "length": 18.703418731689453, 
                    "direction": [
                        -0.4382150173187256, 
                        0.46298694610595703, 
                        -0.7704612016677856
                    ], 
                    "center": [
                        -20.506458282470703, 
                        161.81362915039062, 
                        -31.236608505249023
                    ]
                }, 
                {
                    "length": 16.482967376708984, 
                    "direction": [
                        -0.361503005027771, 
                        -0.08699554204940796, 
                        -0.9283034801483154
                    ], 
                    "center": [
                        -13.429079055786133, 
                        158.20086669921875, 
                        -16.38088035583496
                    ]
                }
            ]
        }
    ], 
    "hand": {
        "grab_strength": 1.0, 
        "wrist_position": [
            -2.9357593059539795, 
            188.02853393554688, 
            34.60768508911133
        ], 
        "palm_width": 87.01065063476562, 
        "palm_velocity": [
            1.5311813354492188, 
            17.722929000854492, 
            21.82080078125
        ], 
        "palm_normal": [
            -0.15925414860248566, 
            -0.9746566414833069, 
            -0.1571069061756134
        ], 
        "is_left": true, 
        "palm_position": [
            6.8052825927734375, 
            190.47409057617188, 
            -16.732873916625977
        ], 
        "pinch_strength": 0.3475459814071655, 
        "is_right": false
    }
}