{
    "timestamp": 33138717085, 
    "id": 506989, 
    "fingers": [
        {
            "type": 0, 
            "bone": [
                {
                    "length": 0.0, 
                    "direction": [
                        0.0, 
                        0.0, 
                        0.0
                    ], 
                    "center": [
                        22.005752563476562, 
                        173.68797302246094, 
                        37.6286506652832
                    ]
                }, 
                {
                    "length": 47.73451232910156, 
                    "direction": [
                        -0.5426496267318726, 
                        0.11135497689247131, 
                        0.8325451016426086
                    ], 
                    "center": [
                        34.95730972290039, 
                        171.03024291992188, 
                        17.75808334350586
                    ]
                }, 
                {
                    "length": 32.60446548461914, 
                    "direction": [
                        -0.2704392671585083, 
                        0.18140308558940887, 
                        0.9454922080039978
                    ], 
                    "center": [
                        52.317630767822266, 
                        165.41522216796875, 
                        -17.5261173248291
                    ]
                }, 
                {
                    "length": 22.38006591796875, 
                    "direction": [
                        0.4910232126712799, 
                        0.27422377467155457, 
                        0.8268599510192871
                    ], 
                    "center": [
                        51.23182678222656, 
                        159.38937377929688, 
                        -42.19234085083008
                    ]
                }
            ]
        }, 
        {
            "type": 1, 
            "bone": [
                {
                    "length": 70.35211181640625, 
                    "direction": [
                        -0.20202447474002838, 
                        0.032181739807128906, 
                        0.9788516163825989
                    ], 
                    "center": [
                        25.0845890045166, 
                        193.53878784179688, 
                        -4.373817443847656
                    ]
                }, 
                {
                    "length": 41.08349609375, 
                    "direction": [
                        0.14505623281002045, 
                        0.9776077270507812, 
                        0.15245261788368225
                    ], 
                    "center": [
                        29.2113037109375, 
                        172.3249969482422, 
                        -41.937599182128906
                    ]
                }, 
                {
                    "length": 23.113330841064453, 
                    "direction": [
                        0.32473742961883545, 
                        0.3416122794151306, 
                        -0.881956160068512
                    ], 
                    "center": [
                        22.478713989257812, 
                        148.29531860351562, 
                        -34.87677001953125
                    ]
                }, 
                {
                    "length": 16.33837890625, 
                    "direction": [
                        0.23724184930324554, 
                        -0.20974884927272797, 
                        -0.9485366344451904
                    ], 
                    "center": [
                        16.787757873535156, 
                        146.0609130859375, 
                        -16.935523986816406
                    ]
                }
            ]
        }, 
        {
            "type": 2, 
            "bone": [
                {
                    "length": 66.7167739868164, 
                    "direction": [
                        -0.06832025945186615, 
                        0.007808843161910772, 
                        0.9976328611373901
                    ], 
                    "center": [
                        9.483765602111816, 
                        198.1572265625, 
                        -6.143298149108887
                    ]
                }, 
                {
                    "length": 46.09239959716797, 
                    "direction": [
                        -0.003094366053119302, 
                        0.9831961393356323, 
                        0.18252594769001007
                    ], 
                    "center": [
                        11.83413314819336, 
                        175.23780822753906, 
                        -43.629249572753906
                    ]
                }, 
                {
                    "length": 27.192764282226562, 
                    "direction": [
                        0.11130917072296143, 
                        0.4200403690338135, 
                        -0.9006533622741699
                    ], 
                    "center": [
                        10.392044067382812, 
                        146.8678436279297, 
                        -35.59015655517578
                    ]
                }, 
                {
                    "length": 17.970151901245117, 
                    "direction": [
                        0.11040114611387253, 
                        -0.14839449524879456, 
                        -0.982746422290802
                    ], 
                    "center": [
                        7.886679649353027, 
                        142.49014282226562, 
                        -14.514476776123047
                    ]
                }
            ]
        }, 
        {
            "type": 3, 
            "bone": [
                {
                    "length": 59.900508880615234, 
                    "direction": [
                        0.08079677075147629, 
                        -0.015956124290823936, 
                        0.9966028332710266
                    ], 
                    "center": [
                        -6.805978775024414, 
                        199.96627807617188, 
                        -4.300905227661133
                    ]
                }, 
                {
                    "length": 42.725589752197266, 
                    "direction": [
                        -0.0465099923312664, 
                        0.9736951589584351, 
                        0.22305721044540405
                    ], 
                    "center": [
                        -8.232278823852539, 
                        179.643310546875, 
                        -38.9145393371582
                    ]
                }, 
                {
                    "length": 26.490478515625, 
                    "direction": [
                        -0.054451264441013336, 
                        0.45653659105300903, 
                        -0.888036847114563
                    ], 
                    "center": [
                        -6.517475605010986, 
                        152.7955322265625, 
                        -31.917404174804688
                    ]
                }, 
                {
                    "length": 17.86687469482422, 
                    "direction": [
                        -0.026505494490265846, 
                        -0.11147525906562805, 
                        -0.9934136867523193
                    ], 
                    "center": [
                        -5.559470176696777, 
                        147.74444580078125, 
                        -11.280545234680176
                    ]
                }
            ]
        }, 
        {
            "type": 4, 
            "bone": [
                {
                    "length": 55.44927978515625, 
                    "direction": [
                        0.21153117716312408, 
                        -0.07700518518686295, 
                        0.9743329882621765
                    ], 
                    "center": [
                        -22.711946487426758, 
                        196.19342041015625, 
                        -0.7861099243164062
                    ]
                }, 
                {
                    "length": 33.812808990478516, 
                    "direction": [
                        -0.12271519750356674, 
                        0.9471906423568726, 
                        0.296261727809906
                    ], 
                    "center": [
                        -26.50189971923828, 
                        182.31475830078125, 
                        -32.807861328125
                    ]
                }, 
                {
                    "length": 18.703411102294922, 
                    "direction": [
                        -0.43618044257164, 
                        0.45055145025253296, 
                        -0.7789415717124939
                    ], 
                    "center": [
                        -20.348196029663086, 
                        162.08775329589844, 
                        -30.532150268554688
                    ]
                }, 
                {
                    "length": 16.482969284057617, 
                    "direction": [
                        -0.35623595118522644, 
                        -0.09845700114965439, 
                        -0.9291943311691284
                    ], 
                    "center": [
                        -13.333251953125, 
                        158.68576049804688, 
                        -15.589776039123535
                    ]
                }
            ]
        }
    ], 
    "hand": {
        "grab_strength": 1.0, 
        "wrist_position": [
            -3.0402514934539795, 
            188.71383666992188, 
            34.89582443237305
        ], 
        "palm_width": 87.01065063476562, 
        "palm_velocity": [
            -0.7182848453521729, 
            13.125683784484863, 
            11.838605880737305
        ], 
        "palm_normal": [
            -0.15658330917358398, 
            -0.9759331345558167, 
            -0.15177662670612335
        ], 
        "is_left": true, 
        "palm_position": [
            6.760004043579102, 
            190.89306640625, 
            -16.445463180541992
        ], 
        "pinch_strength": 0.34129998087882996, 
        "is_right": false
    }
}