{
    "timestamp": 33138648470, 
    "id": 506983, 
    "fingers": [
        {
            "type": 0, 
            "bone": [
                {
                    "length": 0.0, 
                    "direction": [
                        0.0, 
                        0.0, 
                        0.0
                    ], 
                    "center": [
                        22.103633880615234, 
                        172.2311553955078, 
                        36.497894287109375
                    ]
                }, 
                {
                    "length": 47.7345085144043, 
                    "direction": [
                        -0.5376145243644714, 
                        0.11044555902481079, 
                        0.8359260559082031
                    ], 
                    "center": [
                        34.93501663208008, 
                        169.59512329101562, 
                        16.546634674072266
                    ]
                }, 
                {
                    "length": 32.604469299316406, 
                    "direction": [
                        -0.2663405239582062, 
                        0.17820055782794952, 
                        0.9472630023956299
                    ], 
                    "center": [
                        52.10834503173828, 
                        164.05401611328125, 
                        -18.847129821777344
                    ]
                }, 
                {
                    "length": 22.38006591796875, 
                    "direction": [
                        0.48711785674095154, 
                        0.26788845658302307, 
                        0.8312352895736694
                    ], 
                    "center": [
                        50.999427795410156, 
                        158.15127563476562, 
                        -43.5911865234375
                    ]
                }
            ]
        }, 
        {
            "type": 1, 
            "bone": [
                {
                    "length": 70.35211181640625, 
                    "direction": [
                        -0.200127974152565, 
                        0.024952955543994904, 
                        0.9794519543647766
                    ], 
                    "center": [
                        25.154333114624023, 
                        192.4053497314453, 
                        -5.352269172668457
                    ]
                }, 
                {
                    "length": 41.08348083496094, 
                    "direction": [
                        0.1435665637254715, 
                        0.9741361737251282, 
                        0.17449155449867249
                    ], 
                    "center": [
                        29.244937896728516, 
                        171.51715087890625, 
                        -43.38988494873047
                    ]
                }, 
                {
                    "length": 23.11333656311035, 
                    "direction": [
                        0.32313892245292664, 
                        0.36204585433006287, 
                        -0.8743591904640198
                    ], 
                    "center": [
                        22.56142234802246, 
                        147.32266235351562, 
                        -36.86956787109375
                    ]
                }, 
                {
                    "length": 16.338380813598633, 
                    "direction": [
                        0.23526524007320404, 
                        -0.1929260790348053, 
                        -0.9525911211967468
                    ], 
                    "center": [
                        16.905086517333984, 
                        144.71466064453125, 
                        -18.982990264892578
                    ]
                }
            ]
        }, 
        {
            "type": 2, 
            "bone": [
                {
                    "length": 66.7167739868164, 
                    "direction": [
                        -0.06645067781209946, 
                        9.926011261995882e-05, 
                        0.9977896213531494
                    ], 
                    "center": [
                        9.561881065368652, 
                        197.0764923095703, 
                        -7.056002616882324
                    ]
                }, 
                {
                    "length": 46.09241485595703, 
                    "direction": [
                        -0.0010244891745969653, 
                        0.9802114367485046, 
                        0.19795072078704834
                    ], 
                    "center": [
                        11.802179336547852, 
                        174.4830322265625, 
                        -44.902671813964844
                    ]
                }, 
                {
                    "length": 27.192760467529297, 
                    "direction": [
                        0.10972033441066742, 
                        0.43381738662719727, 
                        -0.8942952156066895
                    ], 
                    "center": [
                        10.333990097045898, 
                        145.99452209472656, 
                        -37.305503845214844
                    ]
                }, 
                {
                    "length": 17.970151901245117, 
                    "direction": [
                        0.1075650304555893, 
                        -0.13600246608257294, 
                        -0.9848518371582031
                    ], 
                    "center": [
                        7.875710487365723, 
                        141.31817626953125, 
                        -16.297359466552734
                    ]
                }
            ]
        }, 
        {
            "type": 3, 
            "bone": [
                {
                    "length": 59.900508880615234, 
                    "direction": [
                        0.08260415494441986, 
                        -0.024028439074754715, 
                        0.9962926506996155
                    ], 
                    "center": [
                        -6.719834327697754, 
                        198.9114990234375, 
                        -5.168867111206055
                    ]
                }, 
                {
                    "length": 42.725589752197266, 
                    "direction": [
                        -0.04307502880692482, 
                        0.9681978225708008, 
                        0.24645015597343445
                    ], 
                    "center": [
                        -8.273646354675293, 
                        178.94775390625, 
                        -40.27294921875
                    ]
                }, 
                {
                    "length": 26.490488052368164, 
                    "direction": [
                        -0.05482761189341545, 
                        0.47857916355133057, 
                        -0.8763309121131897
                    ], 
                    "center": [
                        -6.6272382736206055, 
                        151.92544555664062, 
                        -33.930599212646484
                    ]
                }, 
                {
                    "length": 17.86687469482422, 
                    "direction": [
                        -0.02856898307800293, 
                        -0.09186936914920807, 
                        -0.9953611493110657
                    ], 
                    "center": [
                        -5.645813941955566, 
                        146.40725708007812, 
                        -13.431385040283203
                    ]
                }
            ]
        }, 
        {
            "type": 4, 
            "bone": [
                {
                    "length": 55.44927978515625, 
                    "direction": [
                        0.21314366161823273, 
                        -0.08522522449493408, 
                        0.9732967019081116
                    ], 
                    "center": [
                        -22.628665924072266, 
                        195.150634765625, 
                        -1.654165267944336
                    ]
                }, 
                {
                    "length": 33.812801361083984, 
                    "direction": [
                        -0.11377172917127609, 
                        0.9423364996910095, 
                        0.31473439931869507
                    ], 
                    "center": [
                        -26.614524841308594, 
                        181.5819549560547, 
                        -33.95949172973633
                    ]
                }, 
                {
                    "length": 18.70342254638672, 
                    "direction": [
                        -0.43968454003334045, 
                        0.46837785840034485, 
                        -0.7663546800613403
                    ], 
                    "center": [
                        -20.579252243041992, 
                        161.27029418945312, 
                        -32.11378860473633
                    ]
                }, 
                {
                    "length": 16.482967376708984, 
                    "direction": [
                        -0.3639243543148041, 
                        -0.08208546787500381, 
                        -0.9278044700622559
                    ], 
                    "center": [
                        -13.468172073364258, 
                        157.56668090820312, 
                        -17.300575256347656
                    ]
                }
            ]
        }
    ], 
    "hand": {
        "grab_strength": 1.0, 
        "wrist_position": [
            -2.9096553325653076, 
            187.34048461914062, 
            33.930694580078125
        ], 
        "palm_width": 87.01065063476562, 
        "palm_velocity": [
            5.880395412445068, 
            18.662521362304688, 
            27.315589904785156
        ], 
        "palm_normal": [
            -0.1593099981546402, 
            -0.9743107557296753, 
            -0.15918174386024475
        ], 
        "is_left": true, 
        "palm_position": [
            6.8008246421813965, 
            189.90072631835938, 
            -17.410066604614258
        ], 
        "pinch_strength": 0.3566437363624573, 
        "is_right": false
    }
}