{
    "timestamp": 33138808856, 
    "id": 506997, 
    "fingers": [
        {
            "type": 0, 
            "bone": [
                {
                    "length": 0.0, 
                    "direction": [
                        0.0, 
                        0.0, 
                        0.0
                    ], 
                    "center": [
                        21.999284744262695, 
                        175.95590209960938, 
                        38.384429931640625
                    ]
                }, 
                {
                    "length": 47.7345085144043, 
                    "direction": [
                        -0.5490081906318665, 
                        0.11835009604692459, 
                        0.827395498752594
                    ], 
                    "center": [
                        35.102603912353516, 
                        173.13121032714844, 
                        18.63677215576172
                    ]
                }, 
                {
                    "length": 32.60446548461914, 
                    "direction": [
                        -0.27442553639411926, 
                        0.19826079905033112, 
                        0.9409480690956116
                    ], 
                    "center": [
                        52.67967224121094, 
                        167.07443237304688, 
                        -16.450441360473633
                    ]
                }, 
                {
                    "length": 22.38006591796875, 
                    "direction": [
                        0.49643367528915405, 
                        0.3047228455543518, 
                        0.8128330707550049
                    ], 
                    "center": [
                        51.59831237792969, 
                        160.43246459960938, 
                        -40.88562774658203
                    ]
                }
            ]
        }, 
        {
            "type": 1, 
            "bone": [
                {
                    "length": 70.35211944580078, 
                    "direction": [
                        -0.20541056990623474, 
                        0.054021645337343216, 
                        0.9771837592124939
                    ], 
                    "center": [
                        24.79570198059082, 
                        194.74444580078125, 
                        -4.12336540222168
                    ]
                }, 
                {
                    "length": 41.08348846435547, 
                    "direction": [
                        0.12906663119792938, 
                        0.985119640827179, 
                        0.11349431425333023
                    ], 
                    "center": [
                        29.369983673095703, 
                        172.60809326171875, 
                        -40.828208923339844
                    ]
                }, 
                {
                    "length": 23.11333656311035, 
                    "direction": [
                        0.3191456198692322, 
                        0.31128451228141785, 
                        -0.8951245546340942
                    ], 
                    "center": [
                        23.030467987060547, 
                        148.7746124267578, 
                        -32.81492233276367
                    ]
                }, 
                {
                    "length": 16.338380813598633, 
                    "direction": [
                        0.24160675704479218, 
                        -0.23920196294784546, 
                        -0.9404299855232239
                    ], 
                    "center": [
                        17.36847686767578, 
                        147.13128662109375, 
                        -14.787713050842285
                    ]
                }
            ]
        }, 
        {
            "type": 2, 
            "bone": [
                {
                    "length": 66.71676635742188, 
                    "direction": [
                        -0.07129516452550888, 
                        0.03287019580602646, 
                        0.9969135522842407
                    ], 
                    "center": [
                        9.109853744506836, 
                        198.99720764160156, 
                        -6.050803184509277
                    ]
                }, 
                {
                    "length": 46.092411041259766, 
                    "direction": [
                        -0.022023076191544533, 
                        0.989524245262146, 
                        0.142677441239357
                    ], 
                    "center": [
                        11.99569320678711, 
                        175.09593200683594, 
                        -42.59440231323242
                    ]
                }, 
                {
                    "length": 27.192768096923828, 
                    "direction": [
                        0.10684999078512192, 
                        0.38484764099121094, 
                        -0.9167743921279907
                    ], 
                    "center": [
                        11.050468444824219, 
                        147.05862426757812, 
                        -33.41775894165039
                    ]
                }, 
                {
                    "length": 17.970155715942383, 
                    "direction": [
                        0.11683428287506104, 
                        -0.18196266889572144, 
                        -0.9763397574424744
                    ], 
                    "center": [
                        8.547929763793945, 
                        143.46102905273438, 
                        -12.180453300476074
                    ]
                }
            ]
        }, 
        {
            "type": 3, 
            "bone": [
                {
                    "length": 59.900508880615234, 
                    "direction": [
                        0.07827381789684296, 
                        0.012113694101572037, 
                        0.9968582391738892
                    ], 
                    "center": [
                        -7.218272686004639, 
                        200.52392578125, 
                        -4.294605255126953
                    ]
                }, 
                {
                    "length": 42.72559356689453, 
                    "direction": [
                        -0.06695333868265152, 
                        0.9789456725120544, 
                        0.19282788038253784
                    ], 
                    "center": [
                        -8.132283210754395, 
                        179.24810791015625, 
                        -38.27010726928711
                    ]
                }, 
                {
                    "length": 26.490482330322266, 
                    "direction": [
                        -0.061114974319934845, 
                        0.42784079909324646, 
                        -0.9017855525016785
                    ], 
                    "center": [
                        -5.892489910125732, 
                        152.66822814941406, 
                        -30.445083618164062
                    ]
                }, 
                {
                    "length": 17.86687660217285, 
                    "direction": [
                        -0.021434014663100243, 
                        -0.14098699390888214, 
                        -0.9897793531417847
                    ], 
                    "center": [
                        -4.891528129577637, 
                        148.2608642578125, 
                        -9.65858268737793
                    ]
                }
            ]
        }, 
        {
            "type": 4, 
            "bone": [
                {
                    "length": 55.44927978515625, 
                    "direction": [
                        0.21027743816375732, 
                        -0.04684220254421234, 
                        0.9765188694000244
                    ], 
                    "center": [
                        -23.05469512939453, 
                        196.52395629882812, 
                        -0.7174310684204102
                    ]
                }, 
                {
                    "length": 33.812801361083984, 
                    "direction": [
                        -0.14499561488628387, 
                        0.9529274106025696, 
                        0.26628097891807556
                    ], 
                    "center": [
                        -26.433208465576172, 
                        181.71206665039062, 
                        -32.29291915893555
                    ]
                }, 
                {
                    "length": 18.703418731689453, 
                    "direction": [
                        -0.44185617566108704, 
                        0.41640719771385193, 
                        -0.794586718082428
                    ], 
                    "center": [
                        -19.849742889404297, 
                        161.70738220214844, 
                        -29.364028930664062
                    ]
                }, 
                {
                    "length": 16.482967376708984, 
                    "direction": [
                        -0.34950512647628784, 
                        -0.1335144340991974, 
                        -0.9273727536201477
                    ], 
                    "center": [
                        -12.837191581726074, 
                        158.9136199951172, 
                        -14.29035758972168
                    ]
                }
            ]
        }
    ], 
    "hand": {
        "grab_strength": 1.0, 
        "wrist_position": [
            -3.3372750282287598, 
            190.393310546875, 
            35.19577407836914
        ], 
        "palm_width": 87.01065063476562, 
        "palm_velocity": [
            -2.2477991580963135, 
            4.572812557220459, 
            2.0767199993133545
        ], 
        "palm_normal": [
            -0.13640621304512024, 
            -0.9825872778892517, 
            -0.1261569708585739
        ], 
        "is_left": true, 
        "palm_position": [
            6.5626325607299805, 
            191.4087371826172, 
            -16.162599563598633
        ], 
        "pinch_strength": 0.33393335342407227, 
        "is_right": false
    }
}