{
    "timestamp": 33138787459, 
    "id": 506995, 
    "fingers": [
        {
            "type": 0, 
            "bone": [
                {
                    "length": 0.0, 
                    "direction": [
                        0.0, 
                        0.0, 
                        0.0
                    ], 
                    "center": [
                        22.01803207397461, 
                        175.41986083984375, 
                        38.23877716064453
                    ]
                }, 
                {
                    "length": 47.7345085144043, 
                    "direction": [
                        -0.5477588772773743, 
                        0.11546964198350906, 
                        0.8286296129226685
                    ], 
                    "center": [
                        35.091529846191406, 
                        172.66390991210938, 
                        18.4616641998291
                    ]
                }, 
                {
                    "length": 32.60446548461914, 
                    "direction": [
                        -0.27436375617980957, 
                        0.19296260178089142, 
                        0.9420668482780457
                    ], 
                    "center": [
                        52.63777160644531, 
                        166.7622528076172, 
                        -16.673242568969727
                    ]
                }, 
                {
                    "length": 22.380067825317383, 
                    "direction": [
                        0.49507376551628113, 
                        0.29701027274131775, 
                        0.816508948802948
                    ], 
                    "center": [
                        51.57062530517578, 
                        160.29296875, 
                        -41.16780090332031
                    ]
                }
            ]
        }, 
        {
            "type": 1, 
            "bone": [
                {
                    "length": 70.35211944580078, 
                    "direction": [
                        -0.20468972623348236, 
                        0.04763353243470192, 
                        0.9776672124862671
                    ], 
                    "center": [
                        24.869367599487305, 
                        194.51055908203125, 
                        -4.130514144897461
                    ]
                }, 
                {
                    "length": 41.08348846435547, 
                    "direction": [
                        0.1327255219221115, 
                        0.9836236238479614, 
                        0.12193682044744492
                    ], 
                    "center": [
                        29.34313201904297, 
                        172.629638671875, 
                        -41.025787353515625
                    ]
                }, 
                {
                    "length": 23.11333465576172, 
                    "direction": [
                        0.32022824883461, 
                        0.3179054260253906, 
                        -0.8924068808555603
                    ], 
                    "center": [
                        22.91594696044922, 
                        148.7503662109375, 
                        -33.21733093261719
                    ]
                }, 
                {
                    "length": 16.338380813598633, 
                    "direction": [
                        0.24058306217193604, 
                        -0.23225170373916626, 
                        -0.9424325227737427
                    ], 
                    "center": [
                        17.249807357788086, 
                        146.9737548828125, 
                        -15.205172538757324
                    ]
                }
            ]
        }, 
        {
            "type": 2, 
            "bone": [
                {
                    "length": 66.7167739868164, 
                    "direction": [
                        -0.07065166532993317, 
                        0.025790248066186905, 
                        0.9971675276756287
                    ], 
                    "center": [
                        9.2000150680542, 
                        198.84132385253906, 
                        -6.017992973327637
                    ]
                }, 
                {
                    "length": 46.092411041259766, 
                    "direction": [
                        -0.0180974081158638, 
                        0.9882990121841431, 
                        0.1514514535665512
                    ], 
                    "center": [
                        11.973917007446289, 
                        175.2044677734375, 
                        -42.77227783203125
                    ]
                }, 
                {
                    "length": 27.19276237487793, 
                    "direction": [
                        0.10793843865394592, 
                        0.392611563205719, 
                        -0.9133484363555908
                    ], 
                    "center": [
                        10.923421859741211, 
                        147.08981323242188, 
                        -33.84442138671875
                    ]
                }, 
                {
                    "length": 17.970151901245117, 
                    "direction": [
                        0.11567960679531097, 
                        -0.17414401471614838, 
                        -0.9779018759727478
                    ], 
                    "center": [
                        8.416460037231445, 
                        143.31642150878906, 
                        -12.639666557312012
                    ]
                }
            ]
        }, 
        {
            "type": 3, 
            "bone": [
                {
                    "length": 59.900508880615234, 
                    "direction": [
                        0.07883135229349136, 
                        0.004425520543009043, 
                        0.9968780875205994
                    ], 
                    "center": [
                        -7.120848655700684, 
                        200.42153930664062, 
                        -4.241734504699707
                    ]
                }, 
                {
                    "length": 42.7255859375, 
                    "direction": [
                        -0.06279861927032471, 
                        0.9774947762489319, 
                        0.2013959288597107
                    ], 
                    "center": [
                        -8.140314102172852, 
                        179.406982421875, 
                        -38.4008674621582
                    ]
                }, 
                {
                    "length": 26.4904842376709, 
                    "direction": [
                        -0.05989674851298332, 
                        0.435804158449173, 
                        -0.8980463147163391
                    ], 
                    "center": [
                        -6.005413055419922, 
                        152.75262451171875, 
                        -30.808406829833984
                    ]
                }, 
                {
                    "length": 17.86687660217285, 
                    "direction": [
                        -0.022572966292500496, 
                        -0.13292071223258972, 
                        -0.9908695816993713
                    ], 
                    "center": [
                        -5.010412216186523, 
                        148.16773986816406, 
                        -10.061694145202637
                    ]
                }
            ]
        }, 
        {
            "type": 4, 
            "bone": [
                {
                    "length": 55.44927978515625, 
                    "direction": [
                        0.21058300137519836, 
                        -0.05491611734032631, 
                        0.9760323166847229
                    ], 
                    "center": [
                        -22.97162628173828, 
                        196.45980834960938, 
                        -0.6856594085693359
                    ]
                }, 
                {
                    "length": 33.812801361083984, 
                    "direction": [
                        -0.1409005969762802, 
                        0.9514860510826111, 
                        0.273534893989563
                    ], 
                    "center": [
                        -26.42784309387207, 
                        181.89614868164062, 
                        -32.37029266357422
                    ]
                }, 
                {
                    "length": 18.70342445373535, 
                    "direction": [
                        -0.4405839741230011, 
                        0.4242382347583771, 
                        -0.7911431789398193
                    ], 
                    "center": [
                        -19.925506591796875, 
                        161.84259033203125, 
                        -29.596240997314453
                    ]
                }, 
                {
                    "length": 16.482967376708984, 
                    "direction": [
                        -0.3505841791629791, 
                        -0.12507732212543488, 
                        -0.9281414151191711
                    ], 
                    "center": [
                        -12.915958404541016, 
                        158.9060516357422, 
                        -14.548436164855957
                    ]
                }
            ]
        }
    ], 
    "hand": {
        "grab_strength": 1.0, 
        "wrist_position": [
            -3.2610511779785156, 
            189.9835662841797, 
            35.17060089111328
        ], 
        "palm_width": 87.01065063476562, 
        "palm_velocity": [
            -2.0567376613616943, 
            6.262599945068359, 
            3.5255794525146484
        ], 
        "palm_normal": [
            -0.14047740399837494, 
            -0.9810638427734375, 
            -0.13334104418754578
        ], 
        "is_left": true, 
        "palm_position": [
            6.616702556610107, 
            191.33824157714844, 
            -16.18421173095703
        ], 
        "pinch_strength": 0.333725243806839, 
        "is_right": false
    }
}