{
    "timestamp": 33138740048, 
    "id": 506991, 
    "fingers": [
        {
            "type": 0, 
            "bone": [
                {
                    "length": 0.0, 
                    "direction": [
                        0.0, 
                        0.0, 
                        0.0
                    ], 
                    "center": [
                        22.007368087768555, 
                        174.23193359375, 
                        37.87141799926758
                    ]
                }, 
                {
                    "length": 47.73450469970703, 
                    "direction": [
                        -0.544539749622345, 
                        0.11200965940952301, 
                        0.8312222957611084
                    ], 
                    "center": [
                        35.00403594970703, 
                        171.55856323242188, 
                        18.032426834106445
                    ]
                }, 
                {
                    "length": 32.60446548461914, 
                    "direction": [
                        -0.27203747630119324, 
                        0.1843266636133194, 
                        0.9444677829742432
                    ], 
                    "center": [
                        52.43552017211914, 
                        165.88027954101562, 
                        -17.20349884033203
                    ]
                }, 
                {
                    "length": 22.380067825317383, 
                    "direction": [
                        0.49111658334732056, 
                        0.28084200620651245, 
                        0.8245801329612732
                    ], 
                    "center": [
                        51.374725341796875, 
                        159.73269653320312, 
                        -41.8275146484375
                    ]
                }
            ]
        }, 
        {
            "type": 1, 
            "bone": [
                {
                    "length": 70.35211944580078, 
                    "direction": [
                        -0.2029511034488678, 
                        0.03639008477330208, 
                        0.9785124659538269
                    ], 
                    "center": [
                        25.0172119140625, 
                        193.8729248046875, 
                        -4.234567642211914
                    ]
                }, 
                {
                    "length": 41.08347702026367, 
                    "direction": [
                        0.14115232229232788, 
                        0.9795929789543152, 
                        0.14308546483516693
                    ], 
                    "center": [
                        29.256717681884766, 
                        172.47032165527344, 
                        -41.59400177001953
                    ]
                }, 
                {
                    "length": 23.11333656311035, 
                    "direction": [
                        0.32397404313087463, 
                        0.3344348073005676, 
                        -0.8849825859069824
                    ], 
                    "center": [
                        22.613142013549805, 
                        148.48281860351562, 
                        -34.3057746887207
                    ]
                }, 
                {
                    "length": 16.338382720947266, 
                    "direction": [
                        0.2390412986278534, 
                        -0.21637685596942902, 
                        -0.9465940594673157
                    ], 
                    "center": [
                        16.91630744934082, 
                        146.385498046875, 
                        -16.345417022705078
                    ]
                }
            ]
        }, 
        {
            "type": 2, 
            "bone": [
                {
                    "length": 66.7167739868164, 
                    "direction": [
                        -0.06913841515779495, 
                        0.01280409749597311, 
                        0.9975249171257019
                    ], 
                    "center": [
                        9.394304275512695, 
                        198.4017333984375, 
                        -6.040543556213379
                    ]
                }, 
                {
                    "length": 46.09241485595703, 
                    "direction": [
                        -0.007883218117058277, 
                        0.9848530292510986, 
                        0.1732116937637329
                    ], 
                    "center": [
                        11.882328033447266, 
                        175.27748107910156, 
                        -43.30823516845703
                    ]
                }, 
                {
                    "length": 27.192764282226562, 
                    "direction": [
                        0.11041602492332458, 
                        0.41185903549194336, 
                        -0.9045333862304688
                    ], 
                    "center": [
                        10.562747955322266, 
                        146.98056030273438, 
                        -35.00172805786133
                    ]
                }, 
                {
                    "length": 17.970155715942383, 
                    "direction": [
                        0.11227782815694809, 
                        -0.1560204029083252, 
                        -0.9813517928123474
                    ], 
                    "center": [
                        8.052664756774902, 
                        142.78262329101562, 
                        -13.885826110839844
                    ]
                }
            ]
        }, 
        {
            "type": 3, 
            "bone": [
                {
                    "length": 59.900508880615234, 
                    "direction": [
                        0.08009923249483109, 
                        -0.010200885124504566, 
                        0.996734619140625
                    ], 
                    "center": [
                        -6.905932426452637, 
                        200.13702392578125, 
                        -4.220151901245117
                    ]
                }, 
                {
                    "length": 42.7255859375, 
                    "direction": [
                        -0.05167001485824585, 
                        0.9747769832611084, 
                        0.2171175330877304
                    ], 
                    "center": [
                        -8.201108932495117, 
                        179.61859130859375, 
                        -38.710845947265625
                    ]
                }, 
                {
                    "length": 26.490488052368164, 
                    "direction": [
                        -0.056227460503578186, 
                        0.45084598660469055, 
                        -0.8908290266990662
                    ], 
                    "center": [
                        -6.352546691894531, 
                        152.82305908203125, 
                        -31.549835205078125
                    ]
                }, 
                {
                    "length": 17.86687660217285, 
                    "direction": [
                        -0.025302033871412277, 
                        -0.11741585284471512, 
                        -0.9927605390548706
                    ], 
                    "center": [
                        -5.381766319274902, 
                        147.90042114257812, 
                        -10.88182258605957
                    ]
                }
            ]
        }, 
        {
            "type": 4, 
            "bone": [
                {
                    "length": 55.44927978515625, 
                    "direction": [
                        0.21116219460964203, 
                        -0.07069685310125351, 
                        0.9748910665512085
                    ], 
                    "center": [
                        -22.795093536376953, 
                        196.301513671875, 
                        -0.6971597671508789
                    ]
                }, 
                {
                    "length": 33.81280517578125, 
                    "direction": [
                        -0.1291618049144745, 
                        0.9486907124519348, 
                        0.28862282633781433
                    ], 
                    "center": [
                        -26.46582794189453, 
                        182.22259521484375, 
                        -32.6052360534668
                    ]
                }, 
                {
                    "length": 18.703418731689453, 
                    "direction": [
                        -0.4370512366294861, 
                        0.44168075919151306, 
                        -0.7835204005241394
                    ], 
                    "center": [
                        -20.194988250732422, 
                        162.05319213867188, 
                        -30.157554626464844
                    ]
                }, 
                {
                    "length": 16.482967376708984, 
                    "direction": [
                        -0.35360708832740784, 
                        -0.10713018476963043, 
                        -0.92923903465271
                    ], 
                    "center": [
                        -13.193565368652344, 
                        158.80563354492188, 
                        -15.171991348266602
                    ]
                }
            ]
        }
    ], 
    "hand": {
        "grab_strength": 1.0, 
        "wrist_position": [
            -3.1131865978240967, 
            189.1142578125, 
            35.039180755615234
        ], 
        "palm_width": 87.01065063476562, 
        "palm_velocity": [
            -1.4665166139602661, 
            10.000532150268555, 
            8.463615417480469
        ], 
        "palm_normal": [
            -0.151460200548172, 
            -0.9775229096412659, 
            -0.14665880799293518
        ], 
        "is_left": true, 
        "palm_position": [
            6.715859413146973, 
            191.06858825683594, 
            -16.305654525756836
        ], 
        "pinch_strength": 0.337541788816452, 
        "is_right": false
    }
}