{
    "timestamp": 33138764520, 
    "id": 506993, 
    "fingers": [
        {
            "type": 0, 
            "bone": [
                {
                    "length": 0.0, 
                    "direction": [
                        0.0, 
                        0.0, 
                        0.0
                    ], 
                    "center": [
                        22.021772384643555, 
                        174.8386993408203, 
                        38.07135772705078
                    ]
                }, 
                {
                    "length": 47.73450469970703, 
                    "direction": [
                        -0.5462081432342529, 
                        0.11338067799806595, 
                        0.8299407362937927
                    ], 
                    "center": [
                        35.058258056640625, 
                        172.1326141357422, 
                        18.26295280456543
                    ]
                }, 
                {
                    "length": 32.604461669921875, 
                    "direction": [
                        -0.27349719405174255, 
                        0.18828874826431274, 
                        0.9432638883590698
                    ], 
                    "center": [
                        52.55335998535156, 
                        166.35699462890625, 
                        -16.922758102416992
                    ]
                }, 
                {
                    "length": 22.380069732666016, 
                    "direction": [
                        0.49278679490089417, 
                        0.2888892889022827, 
                        0.8207948803901672
                    ], 
                    "center": [
                        51.49767303466797, 
                        160.05479431152344, 
                        -41.48478698730469
                    ]
                }
            ]
        }, 
        {
            "type": 1, 
            "bone": [
                {
                    "length": 70.35211944580078, 
                    "direction": [
                        -0.20385000109672546, 
                        0.04184512794017792, 
                        0.9781073927879333
                    ], 
                    "center": [
                        24.948272705078125, 
                        194.21112060546875, 
                        -4.164719581604004
                    ]
                }, 
                {
                    "length": 41.08348846435547, 
                    "direction": [
                        0.1366269439458847, 
                        0.9816830158233643, 
                        0.13278383016586304
                    ], 
                    "center": [
                        29.312355041503906, 
                        172.57369995117188, 
                        -41.29829406738281
                    ]
                }, 
                {
                    "length": 23.113332748413086, 
                    "direction": [
                        0.32219037413597107, 
                        0.3265431523323059, 
                        -0.8885734677314758
                    ], 
                    "center": [
                        22.782352447509766, 
                        148.63446044921875, 
                        -33.7569580078125
                    ]
                }, 
                {
                    "length": 16.338380813598633, 
                    "direction": [
                        0.24007920920848846, 
                        -0.22401730716228485, 
                        -0.9445518851280212
                    ], 
                    "center": [
                        17.097654342651367, 
                        146.69076538085938, 
                        -15.771785736083984
                    ]
                }
            ]
        }, 
        {
            "type": 2, 
            "bone": [
                {
                    "length": 66.7167739868164, 
                    "direction": [
                        -0.0699172392487526, 
                        0.019160175696015358, 
                        0.9973688125610352
                    ], 
                    "center": [
                        9.30082893371582, 
                        198.63748168945312, 
                        -6.011792182922363
                    ]
                }, 
                {
                    "length": 46.092411041259766, 
                    "direction": [
                        -0.013139864429831505, 
                        0.9867874383926392, 
                        0.16148641705513
                    ], 
                    "center": [
                        11.935978889465332, 
                        175.25662231445312, 
                        -43.00405502319336
                    ]
                }, 
                {
                    "length": 27.192764282226562, 
                    "direction": [
                        0.10919302701950073, 
                        0.40151453018188477, 
                        -0.909320056438446
                    ], 
                    "center": [
                        10.754173278808594, 
                        147.0557861328125, 
                        -34.36224365234375
                    ]
                }, 
                {
                    "length": 17.970151901245117, 
                    "direction": [
                        0.11409600079059601, 
                        -0.165553480386734, 
                        -0.9795785546302795
                    ], 
                    "center": [
                        8.244380950927734, 
                        143.08413696289062, 
                        -13.19719123840332
                    ]
                }
            ]
        }, 
        {
            "type": 3, 
            "bone": [
                {
                    "length": 59.9005126953125, 
                    "direction": [
                        0.07945092767477036, 
                        -0.0029890667647123337, 
                        0.9968342781066895
                    ], 
                    "center": [
                        -7.010415077209473, 
                        200.29110717773438, 
                        -4.214104652404785
                    ]
                }, 
                {
                    "length": 42.72559356689453, 
                    "direction": [
                        -0.05749964714050293, 
                        0.9762160778045654, 
                        0.20903563499450684
                    ], 
                    "center": [
                        -8.161637306213379, 
                        179.5259246826172, 
                        -38.535133361816406
                    ]
                }, 
                {
                    "length": 26.4904842376709, 
                    "direction": [
                        -0.05813503637909889, 
                        0.44304460287094116, 
                        -0.8946126103401184
                    ], 
                    "center": [
                        -6.163271903991699, 
                        152.802978515625, 
                        -31.151355743408203
                    ]
                }, 
                {
                    "length": 17.86687660217285, 
                    "direction": [
                        -0.02385854348540306, 
                        -0.1254146695137024, 
                        -0.9918174743652344
                    ], 
                    "center": [
                        -5.180120468139648, 
                        148.05514526367188, 
                        -10.441656112670898
                    ]
                }
            ]
        }, 
        {
            "type": 4, 
            "bone": [
                {
                    "length": 55.44927978515625, 
                    "direction": [
                        0.2108755260705948, 
                        -0.06287528574466705, 
                        0.9754887223243713
                    ], 
                    "center": [
                        -22.879714965820312, 
                        196.3880157470703, 
                        -0.6758356094360352
                    ]
                }, 
                {
                    "length": 33.812801361083984, 
                    "direction": [
                        -0.13542801141738892, 
                        0.950129508972168, 
                        0.28091466426849365
                    ], 
                    "center": [
                        -26.43656349182129, 
                        182.06793212890625, 
                        -32.47016525268555
                    ]
                }, 
                {
                    "length": 18.70341682434082, 
                    "direction": [
                        -0.4388369619846344, 
                        0.432680606842041, 
                        -0.7875338792800903
                    ], 
                    "center": [
                        -20.043087005615234, 
                        161.9583740234375, 
                        -29.854633331298828
                    ]
                }, 
                {
                    "length": 16.482969284057617, 
                    "direction": [
                        -0.3519078195095062, 
                        -0.11630416661500931, 
                        -0.9287809729576111
                    ], 
                    "center": [
                        -13.038969993591309, 
                        158.87057495117188, 
                        -14.835312843322754
                    ]
                }
            ]
        }
    ], 
    "hand": {
        "grab_strength": 1.0, 
        "wrist_position": [
            -3.182054281234741, 
            189.55648803710938, 
            35.121543884277344
        ], 
        "palm_width": 87.01065063476562, 
        "palm_velocity": [
            -1.6238800287246704, 
            7.728354454040527, 
            5.379139423370361
        ], 
        "palm_normal": [
            -0.14572471380233765, 
            -0.9793502688407898, 
            -0.140133336186409
        ], 
        "is_left": true, 
        "palm_position": [
            6.671925067901611, 
            191.2196807861328, 
            -16.228771209716797
        ], 
        "pinch_strength": 0.3353797495365143, 
        "is_right": false
    }
}