{
    "timestamp": 33138774469, 
    "id": 506994, 
    "fingers": [
        {
            "type": 0, 
            "bone": [
                {
                    "length": 0.0, 
                    "direction": [
                        0.0, 
                        0.0, 
                        0.0
                    ], 
                    "center": [
                        22.01606559753418, 
                        175.10182189941406, 
                        38.14078903198242
                    ]
                }, 
                {
                    "length": 47.73450469970703, 
                    "direction": [
                        -0.54692143201828, 
                        0.11444546282291412, 
                        0.8293246030807495
                    ], 
                    "center": [
                        35.069576263427734, 
                        172.37033081054688, 
                        18.347089767456055
                    ]
                }, 
                {
                    "length": 32.60446548461914, 
                    "direction": [
                        -0.27412790060043335, 
                        0.19044806063175201, 
                        0.9426470994949341
                    ], 
                    "center": [
                        52.59198760986328, 
                        166.53408813476562, 
                        -16.813861846923828
                    ]
                }, 
                {
                    "length": 22.380069732666016, 
                    "direction": [
                        0.4934050142765045, 
                        0.292567640542984, 
                        0.8191187977790833
                    ], 
                    "center": [
                        51.53966522216797, 
                        160.155517578125, 
                        -41.347084045410156
                    ]
                }
            ]
        }, 
        {
            "type": 1, 
            "bone": [
                {
                    "length": 70.35211181640625, 
                    "direction": [
                        -0.20429928600788116, 
                        0.04446474835276604, 
                        0.9778980612754822
                    ], 
                    "center": [
                        24.912418365478516, 
                        194.34719848632812, 
                        -4.155405044555664
                    ]
                }, 
                {
                    "length": 41.08348083496094, 
                    "direction": [
                        0.1349605917930603, 
                        0.9825931787490845, 
                        0.12765757739543915
                    ], 
                    "center": [
                        29.326536178588867, 
                        172.59893798828125, 
                        -41.17631530761719
                    ]
                }, 
                {
                    "length": 23.113338470458984, 
                    "direction": [
                        0.3214201331138611, 
                        0.32243019342422485, 
                        -0.8903526067733765
                    ], 
                    "center": [
                        22.839664459228516, 
                        148.68853759765625, 
                        -33.50910949707031
                    ]
                }, 
                {
                    "length": 16.33837890625, 
                    "direction": [
                        0.2403980940580368, 
                        -0.22786134481430054, 
                        -0.943550705909729
                    ], 
                    "center": [
                        17.1612606048584, 
                        146.82376098632812, 
                        -15.511556625366211
                    ]
                }
            ]
        }, 
        {
            "type": 2, 
            "bone": [
                {
                    "length": 66.7167739868164, 
                    "direction": [
                        -0.0703207328915596, 
                        0.02215467393398285, 
                        0.9972783327102661
                    ], 
                    "center": [
                        9.255325317382812, 
                        198.73104858398438, 
                        -6.022002220153809
                    ]
                }, 
                {
                    "length": 46.0924072265625, 
                    "direction": [
                        -0.015318118035793304, 
                        0.9875386953353882, 
                        0.1566290408372879
                    ], 
                    "center": [
                        11.95413589477539, 
                        175.2329864501953, 
                        -42.89930725097656
                    ]
                }, 
                {
                    "length": 27.192766189575195, 
                    "direction": [
                        0.10873867571353912, 
                        0.397163450717926, 
                        -0.9112832546234131
                    ], 
                    "center": [
                        10.828707695007324, 
                        147.073974609375, 
                        -34.11885452270508
                    ]
                }, 
                {
                    "length": 17.97015380859375, 
                    "direction": [
                        0.11488819867372513, 
                        -0.16969633102416992, 
                        -0.978776752948761
                    ], 
                    "center": [
                        8.317975997924805, 
                        143.19873046875, 
                        -12.934314727783203
                    ]
                }
            ]
        }, 
        {
            "type": 3, 
            "bone": [
                {
                    "length": 59.900508880615234, 
                    "direction": [
                        0.07909904420375824, 
                        0.0003535729192662984, 
                        0.9968666434288025
                    ], 
                    "center": [
                        -7.060389518737793, 
                        200.35215759277344, 
                        -4.235309600830078
                    ]
                }, 
                {
                    "length": 42.7255859375, 
                    "direction": [
                        -0.05987252667546272, 
                        0.9768180251121521, 
                        0.20552833378314972
                    ], 
                    "center": [
                        -8.150382041931152, 
                        179.4739990234375, 
                        -38.48237991333008
                    ]
                }, 
                {
                    "length": 26.490488052368164, 
                    "direction": [
                        -0.05885642394423485, 
                        0.43977391719818115, 
                        -0.8961778283119202
                    ], 
                    "center": [
                        -6.091769695281982, 
                        152.78152465820312, 
                        -31.002944946289062
                    ]
                }, 
                {
                    "length": 17.86687660217285, 
                    "direction": [
                        -0.023220878094434738, 
                        -0.12877440452575684, 
                        -0.9914019703865051
                    ], 
                    "center": [
                        -5.104759693145752, 
                        148.10702514648438, 
                        -10.276222229003906
                    ]
                }
            ]
        }, 
        {
            "type": 4, 
            "bone": [
                {
                    "length": 55.44927978515625, 
                    "direction": [
                        0.21067112684249878, 
                        -0.05929237976670265, 
                        0.9757571816444397
                    ], 
                    "center": [
                        -22.921783447265625, 
                        196.4231414794922, 
                        -0.6902856826782227
                    ]
                }, 
                {
                    "length": 33.81280517578125, 
                    "direction": [
                        -0.1379246711730957, 
                        0.9507747292518616, 
                        0.27749642729759216
                    ], 
                    "center": [
                        -26.430755615234375, 
                        181.99282836914062, 
                        -32.434268951416016
                    ]
                }, 
                {
                    "length": 18.703414916992188, 
                    "direction": [
                        -0.4395419657230377, 
                        0.4288005530834198, 
                        -0.7892610430717468
                    ], 
                    "center": [
                        -19.98847770690918, 
                        161.90863037109375, 
                        -29.744796752929688
                    ]
                }, 
                {
                    "length": 16.48296546936035, 
                    "direction": [
                        -0.3512158989906311, 
                        -0.12032834440469742, 
                        -0.9285303354263306
                    ], 
                    "center": [
                        -12.98346996307373, 
                        158.89028930664062, 
                        -14.711392402648926
                    ]
                }
            ]
        }
    ], 
    "hand": {
        "grab_strength": 1.0, 
        "wrist_position": [
            -3.2210707664489746, 
            189.7511444091797, 
            35.13549041748047
        ], 
        "palm_width": 87.01065063476562, 
        "palm_velocity": [
            -1.8732428550720215, 
            7.074303150177002, 
            4.14492654800415
        ], 
        "palm_normal": [
            -0.14338204264640808, 
            -0.9801276326179504, 
            -0.13708187639713287
        ], 
        "is_left": true, 
        "palm_position": [
            6.647463798522949, 
            191.27479553222656, 
            -16.216358184814453
        ], 
        "pinch_strength": 0.33421432971954346, 
        "is_right": false
    }
}