{
    "timestamp": 33129320244, 
    "id": 506199, 
    "fingers": [
        {
            "type": 0, 
            "bone": [
                {
                    "length": 0.0, 
                    "direction": [
                        0.0, 
                        0.0, 
                        0.0
                    ], 
                    "center": [
                        3.1012415885925293, 
                        210.46337890625, 
                        54.634464263916016
                    ]
                }, 
                {
                    "length": 47.7345085144043, 
                    "direction": [
                        -0.5565586686134338, 
                        -0.06139220669865608, 
                        0.8285369873046875
                    ], 
                    "center": [
                        16.384767532348633, 
                        211.92864990234375, 
                        34.859561920166016
                    ]
                }, 
                {
                    "length": 32.60446548461914, 
                    "direction": [
                        -0.25067171454429626, 
                        0.05495313182473183, 
                        0.9665111899375916
                    ], 
                    "center": [
                        33.75480270385742, 
                        212.498046875, 
                        -0.6716294288635254
                    ]
                }, 
                {
                    "length": 22.380069732666016, 
                    "direction": [
                        0.388977587223053, 
                        0.24707980453968048, 
                        0.8874953389167786
                    ], 
                    "center": [
                        33.48863983154297, 
                        208.8373565673828, 
                        -26.359024047851562
                    ]
                }
            ]
        }, 
        {
            "type": 1, 
            "bone": [
                {
                    "length": 70.35211944580078, 
                    "direction": [
                        -0.19979654252529144, 
                        -0.08802244812250137, 
                        0.9758756756782532
                    ], 
                    "center": [
                        3.0057666301727295, 
                        234.32275390625, 
                        14.653691291809082
                    ]
                }, 
                {
                    "length": 41.0834846496582, 
                    "direction": [
                        0.00651990482583642, 
                        0.9750772714614868, 
                        0.2217700481414795
                    ], 
                    "center": [
                        9.89989185333252, 
                        217.38925170898438, 
                        -24.229312896728516
                    ]
                }, 
                {
                    "length": 23.113330841064453, 
                    "direction": [
                        0.26219308376312256, 
                        0.450014591217041, 
                        -0.8536636233329773
                    ], 
                    "center": [
                        6.735883712768555, 
                        192.15879821777344, 
                        -18.919349670410156
                    ]
                }, 
                {
                    "length": 16.338380813598633, 
                    "direction": [
                        0.25469380617141724, 
                        -0.09197179973125458, 
                        -0.9626381397247314
                    ], 
                    "center": [
                        1.6251637935638428, 
                        187.70947265625, 
                        -1.1898694038391113
                    ]
                }
            ]
        }, 
        {
            "type": 2, 
            "bone": [
                {
                    "length": 66.7167739868164, 
                    "direction": [
                        -0.06386822462081909, 
                        -0.0939970389008522, 
                        0.9935216903686523
                    ], 
                    "center": [
                        -13.114985466003418, 
                        236.72866821289062, 
                        13.177295684814453
                    ]
                }, 
                {
                    "length": 46.092411041259766, 
                    "direction": [
                        -0.14487360417842865, 
                        0.9582789540290833, 
                        0.24640007317066193
                    ], 
                    "center": [
                        -7.645657539367676, 
                        217.77957153320312, 
                        -25.643571853637695
                    ]
                }, 
                {
                    "length": 27.19276237487793, 
                    "direction": [
                        0.044402915984392166, 
                        0.4942840337753296, 
                        -0.8681656718254089
                    ], 
                    "center": [
                        -4.910589218139648, 
                        188.97439575195312, 
                        -19.518245697021484
                    ]
                }, 
                {
                    "length": 17.970151901245117, 
                    "direction": [
                        0.12460347265005112, 
                        -0.049740515649318695, 
                        -0.990959107875824
                    ], 
                    "center": [
                        -6.633880138397217, 
                        182.70083618164062, 
                        1.1895084381103516
                    ]
                }
            ]
        }, 
        {
            "type": 3, 
            "bone": [
                {
                    "length": 59.900508880615234, 
                    "direction": [
                        0.08711691200733185, 
                        -0.09527720510959625, 
                        0.9916313886642456
                    ], 
                    "center": [
                        -29.48397445678711, 
                        235.9346160888672, 
                        15.034307479858398
                    ]
                }, 
                {
                    "length": 42.725582122802734, 
                    "direction": [
                        -0.187967911362648, 
                        0.9363372325897217, 
                        0.2965478301048279
                    ], 
                    "center": [
                        -28.07762908935547, 
                        218.78541564941406, 
                        -21.000396728515625
                    ]
                }, 
                {
                    "length": 26.4904842376709, 
                    "direction": [
                        -0.13445331156253815, 
                        0.5132003426551819, 
                        -0.8476719856262207
                    ], 
                    "center": [
                        -22.28124237060547, 
                        191.98516845703125, 
                        -16.107866287231445
                    ]
                }, 
                {
                    "length": 17.86687469482422, 
                    "direction": [
                        -0.025505082681775093, 
                        -0.026521801948547363, 
                        -0.9993228912353516
                    ], 
                    "center": [
                        -20.27252769470215, 
                        185.42465209960938, 
                        4.04714298248291
                    ]
                }
            ]
        }, 
        {
            "type": 4, 
            "bone": [
                {
                    "length": 55.44927978515625, 
                    "direction": [
                        0.22533300518989563, 
                        -0.13403856754302979, 
                        0.9650174975395203
                    ], 
                    "center": [
                        -44.639686584472656, 
                        229.546875, 
                        18.04915428161621
                    ]
                }, 
                {
                    "length": 33.81278991699219, 
                    "direction": [
                        -0.2641933262348175, 
                        0.8891363143920898, 
                        0.37368258833885193
                    ], 
                    "center": [
                        -46.420406341552734, 
                        218.23095703125, 
                        -15.023233413696289
                    ]
                }, 
                {
                    "length": 18.703418731689453, 
                    "direction": [
                        -0.4991381764411926, 
                        0.44943767786026, 
                        -0.7408555150032043
                    ], 
                    "center": [
                        -37.28605651855469, 
                        198.995849609375, 
                        -14.412592887878418
                    ]
                }, 
                {
                    "length": 16.482967376708984, 
                    "direction": [
                        -0.34065884351730347, 
                        -0.06111766770482063, 
                        -0.9381983280181885
                    ], 
                    "center": [
                        -29.810726165771484, 
                        195.29653930664062, 
                        0.2478196620941162
                    ]
                }
            ]
        }
    ], 
    "hand": {
        "grab_strength": 1.0, 
        "wrist_position": [
            -23.904685974121094, 
            221.81124877929688, 
            53.06828689575195
        ], 
        "palm_width": 87.01065063476562, 
        "palm_velocity": [
            30.27617835998535, 
            -10.053559303283691, 
            0.935552716255188
        ], 
        "palm_normal": [
            -0.01125343982130289, 
            -0.9702541828155518, 
            -0.24182681739330292
        ], 
        "is_left": true, 
        "palm_position": [
            -14.784490585327148, 
            230.11871337890625, 
            2.230015993118286
        ], 
        "pinch_strength": 0.30035078525543213, 
        "is_right": false
    }
}