{
    "timestamp": 33138820462, 
    "id": 506998, 
    "fingers": [
        {
            "type": 0, 
            "bone": [
                {
                    "length": 0.0, 
                    "direction": [
                        0.0, 
                        0.0, 
                        0.0
                    ], 
                    "center": [
                        21.987871170043945, 
                        176.17967224121094, 
                        38.43272399902344
                    ]
                }, 
                {
                    "length": 47.73451232910156, 
                    "direction": [
                        -0.5494056344032288, 
                        0.11984385550022125, 
                        0.8269164562225342
                    ], 
                    "center": [
                        35.100677490234375, 
                        173.3193359375, 
                        18.696496963500977
                    ]
                }, 
                {
                    "length": 32.60446548461914, 
                    "direction": [
                        -0.27439653873443604, 
                        0.20073650777339935, 
                        0.940431535243988
                    ], 
                    "center": [
                        52.68675994873047, 
                        167.1865234375, 
                        -16.37086296081543
                    ]
                }, 
                {
                    "length": 22.380067825317383, 
                    "direction": [
                        0.49586382508277893, 
                        0.30805617570877075, 
                        0.8119239807128906
                    ], 
                    "center": [
                        51.61130142211914, 
                        160.4669189453125, 
                        -40.787452697753906
                    ]
                }
            ]
        }, 
        {
            "type": 1, 
            "bone": [
                {
                    "length": 70.35211181640625, 
                    "direction": [
                        -0.20573017001152039, 
                        0.05681217461824417, 
                        0.9769582748413086
                    ], 
                    "center": [
                        24.76289176940918, 
                        194.83642578125, 
                        -4.134474754333496
                    ]
                }, 
                {
                    "length": 41.0834846496582, 
                    "direction": [
                        0.1275254338979721, 
                        0.9857151508331299, 
                        0.11001376062631607
                    ], 
                    "center": [
                        29.38007354736328, 
                        172.58969116210938, 
                        -40.7598876953125
                    ]
                }, 
                {
                    "length": 23.11333465576172, 
                    "direction": [
                        0.31868013739585876, 
                        0.30862802267074585, 
                        -0.8962095379829407
                    ], 
                    "center": [
                        23.077598571777344, 
                        148.77467346191406, 
                        -32.662567138671875
                    ]
                }, 
                {
                    "length": 16.33837890625, 
                    "direction": [
                        0.24203257262706757, 
                        -0.2420056164264679, 
                        -0.9396027326583862
                    ], 
                    "center": [
                        17.41750717163086, 
                        147.18495178222656, 
                        -14.629579544067383
                    ]
                }
            ]
        }, 
        {
            "type": 2, 
            "bone": [
                {
                    "length": 66.7167739868164, 
                    "direction": [
                        -0.07158427685499191, 
                        0.035948172211647034, 
                        0.9967865347862244
                    ], 
                    "center": [
                        9.070415496826172, 
                        199.0567626953125, 
                        -6.079146385192871
                    ]
                }, 
                {
                    "length": 46.092403411865234, 
                    "direction": [
                        -0.02361384592950344, 
                        0.9900497794151306, 
                        0.13872218132019043
                    ], 
                    "center": [
                        12.00256061553955, 
                        175.04071044921875, 
                        -42.52735900878906
                    ]
                }, 
                {
                    "length": 27.192764282226562, 
                    "direction": [
                        0.10644066333770752, 
                        0.3813742995262146, 
                        -0.9182723164558411
                    ], 
                    "center": [
                        11.09956169128418, 
                        147.03851318359375, 
                        -33.23919677734375
                    ]
                }, 
                {
                    "length": 17.97014808654785, 
                    "direction": [
                        0.11733703315258026, 
                        -0.18537449836730957, 
                        -0.9756373763084412
                    ], 
                    "center": [
                        8.598072052001953, 
                        143.518798828125, 
                        -11.98784065246582
                    ]
                }
            ]
        }, 
        {
            "type": 3, 
            "bone": [
                {
                    "length": 59.900508880615234, 
                    "direction": [
                        0.0780191645026207, 
                        0.015441304072737694, 
                        0.9968322515487671
                    ], 
                    "center": [
                        -7.260650634765625, 
                        200.56182861328125, 
                        -4.331604957580566
                    ]
                }, 
                {
                    "length": 42.725589752197266, 
                    "direction": [
                        -0.06863253563642502, 
                        0.9794421792030334, 
                        0.18969091773033142
                    ], 
                    "center": [
                        -8.1311616897583, 
                        179.17572021484375, 
                        -38.23931121826172
                    ]
                }, 
                {
                    "length": 26.4904842376709, 
                    "direction": [
                        -0.06161961331963539, 
                        0.4248524606227875, 
                        -0.9031630754470825
                    ], 
                    "center": [
                        -5.848812103271484, 
                        152.6248321533203, 
                        -30.329029083251953
                    ]
                }, 
                {
                    "length": 17.86687660217285, 
                    "direction": [
                        -0.02096736803650856, 
                        -0.14419813454151154, 
                        -0.9893267154693604
                    ], 
                    "center": [
                        -4.845335006713867, 
                        148.28573608398438, 
                        -9.528326034545898
                    ]
                }
            ]
        }, 
        {
            "type": 4, 
            "bone": [
                {
                    "length": 55.44927978515625, 
                    "direction": [
                        0.2101258486509323, 
                        -0.043358638882637024, 
                        0.9767124056816101
                    ], 
                    "center": [
                        -23.091209411621094, 
                        196.54689025878906, 
                        -0.7452564239501953
                    ]
                }, 
                {
                    "length": 33.81279373168945, 
                    "direction": [
                        -0.1466658115386963, 
                        0.9535409212112427, 
                        0.2631518542766571
                    ], 
                    "center": [
                        -26.43728256225586, 
                        181.6280517578125, 
                        -32.27320861816406
                    ]
                }, 
                {
                    "length": 18.70341682434082, 
                    "direction": [
                        -0.4423710107803345, 
                        0.413099080324173, 
                        -0.796025812625885
                    ], 
                    "center": [
                        -19.820768356323242, 
                        161.6439208984375, 
                        -29.2779541015625
                    ]
                }, 
                {
                    "length": 16.48296546936035, 
                    "direction": [
                        -0.3490730822086334, 
                        -0.13706833124160767, 
                        -0.9270169138908386
                    ], 
                    "center": [
                        -12.806963920593262, 
                        158.910400390625, 
                        -14.19375991821289
                    ]
                }
            ]
        }
    ], 
    "hand": {
        "grab_strength": 1.0, 
        "wrist_position": [
            -3.372018337249756, 
            190.5644073486328, 
            35.191959381103516
        ], 
        "palm_width": 87.01065063476562, 
        "palm_velocity": [
            -2.1979727745056152, 
            3.6922554969787598, 
            1.2403244972229004
        ], 
        "palm_normal": [
            -0.1347350776195526, 
            -0.9832134246826172, 
            -0.1230359598994255
        ], 
        "is_left": true, 
        "palm_position": [
            6.538250923156738, 
            191.43165588378906, 
            -16.167133331298828
        ], 
        "pinch_strength": 0.33379799127578735, 
        "is_right": false
    }
}