{
    "timestamp": 33138878654, 
    "id": 507003, 
    "fingers": [
        {
            "type": 0, 
            "bone": [
                {
                    "length": 0.0, 
                    "direction": [
                        0.0, 
                        0.0, 
                        0.0
                    ], 
                    "center": [
                        22.014705657958984, 
                        176.98477172851562, 
                        38.6036491394043
                    ]
                }, 
                {
                    "length": 47.73451232910156, 
                    "direction": [
                        -0.5504325032234192, 
                        0.12524257600307465, 
                        0.8254321217536926
                    ], 
                    "center": [
                        35.15201950073242, 
                        173.99557495117188, 
                        18.902849197387695
                    ]
                }, 
                {
                    "length": 32.60446548461914, 
                    "direction": [
                        -0.2728947103023529, 
                        0.20986385643482208, 
                        0.9388746619224548
                    ], 
                    "center": [
                        52.738128662109375, 
                        167.5851287841797, 
                        -16.10370445251465
                    ]
                }, 
                {
                    "length": 22.380069732666016, 
                    "direction": [
                        0.49212631583213806, 
                        0.31981995701789856, 
                        0.8096461892127991
                    ], 
                    "center": [
                        51.68000793457031, 
                        160.5850830078125, 
                        -40.46942901611328
                    ]
                }
            ]
        }, 
        {
            "type": 1, 
            "bone": [
                {
                    "length": 70.35211181640625, 
                    "direction": [
                        -0.20576709508895874, 
                        0.06782962381839752, 
                        0.9762473702430725
                    ], 
                    "center": [
                        24.682497024536133, 
                        195.12771606445312, 
                        -4.191886901855469
                    ]
                }, 
                {
                    "length": 41.0834846496582, 
                    "direction": [
                        0.12278871238231659, 
                        0.98768550157547, 
                        0.09695510566234589
                    ], 
                    "center": [
                        29.398277282714844, 
                        172.45297241210938, 
                        -40.5240478515625
                    ]
                }, 
                {
                    "length": 23.11333465576172, 
                    "direction": [
                        0.31641608476638794, 
                        0.2982170879840851, 
                        -0.9005261659622192
                    ], 
                    "center": [
                        23.219268798828125, 
                        148.71778869628906, 
                        -32.10859298706055
                    ]
                }, 
                {
                    "length": 16.338380813598633, 
                    "direction": [
                        0.2424464076757431, 
                        -0.25309592485427856, 
                        -0.936569333076477
                    ], 
                    "center": [
                        17.58196258544922, 
                        147.3389892578125, 
                        -14.050498962402344
                    ]
                }
            ]
        }, 
        {
            "type": 2, 
            "bone": [
                {
                    "length": 66.7167739868164, 
                    "direction": [
                        -0.07151029258966446, 
                        0.047903526574373245, 
                        0.9962888360023499
                    ], 
                    "center": [
                        8.967973709106445, 
                        199.2427978515625, 
                        -6.183531761169434
                    ]
                }, 
                {
                    "length": 46.092411041259766, 
                    "direction": [
                        -0.028181618079543114, 
                        0.9920246005058289, 
                        0.12285314500331879
                    ], 
                    "center": [
                        12.002922058105469, 
                        174.78240966796875, 
                        -42.249420166015625
                    ]
                }, 
                {
                    "length": 27.192764282226562, 
                    "direction": [
                        0.1040550023317337, 
                        0.36693909764289856, 
                        -0.9244070649147034
                    ], 
                    "center": [
                        11.237628936767578, 
                        146.93096923828125, 
                        -32.51212692260742
                    ]
                }, 
                {
                    "length": 17.97015380859375, 
                    "direction": [
                        0.117581307888031, 
                        -0.1994417905807495, 
                        -0.9728296995162964
                    ], 
                    "center": [
                        8.766380310058594, 
                        143.73391723632812, 
                        -11.202587127685547
                    ]
                }
            ]
        }, 
        {
            "type": 3, 
            "bone": [
                {
                    "length": 59.900508880615234, 
                    "direction": [
                        0.07819687575101852, 
                        0.028169674798846245, 
                        0.996539831161499
                    ], 
                    "center": [
                        -7.370179176330566, 
                        200.6852264404297, 
                        -4.449460029602051
                    ]
                }, 
                {
                    "length": 42.725582122802734, 
                    "direction": [
                        -0.07371967285871506, 
                        0.9815905094146729, 
                        0.17619732022285461
                    ], 
                    "center": [
                        -8.137337684631348, 
                        178.8720245361328, 
                        -38.060150146484375
                    ]
                }, 
                {
                    "length": 26.490488052368164, 
                    "direction": [
                        -0.06385388970375061, 
                        0.41200965642929077, 
                        -0.9089392423629761
                    ], 
                    "center": [
                        -5.716719150543213, 
                        152.44534301757812, 
                        -29.785091400146484
                    ]
                }, 
                {
                    "length": 17.86687469482422, 
                    "direction": [
                        -0.02028350904583931, 
                        -0.15750132501125336, 
                        -0.9873104691505432
                    ], 
                    "center": [
                        -4.689757347106934, 
                        148.39520263671875, 
                        -8.925893783569336
                    ]
                }
            ]
        }, 
        {
            "type": 4, 
            "bone": [
                {
                    "length": 55.44927978515625, 
                    "direction": [
                        0.2105996459722519, 
                        -0.03019353188574314, 
                        0.977105975151062
                    ], 
                    "center": [
                        -23.178905487060547, 
                        196.63348388671875, 
                        -0.8086299896240234
                    ]
                }, 
                {
                    "length": 33.812801361083984, 
                    "direction": [
                        -0.15129679441452026, 
                        0.9559031128883362, 
                        0.25171130895614624
                    ], 
                    "center": [
                        -26.459819793701172, 
                        181.3096923828125, 
                        -32.154075622558594
                    ]
                }, 
                {
                    "length": 18.703420639038086, 
                    "direction": [
                        -0.44496262073516846, 
                        0.4012352228164673, 
                        -0.800636351108551
                    ], 
                    "center": [
                        -19.740774154663086, 
                        161.39657592773438, 
                        -28.922286987304688
                    ]
                }, 
                {
                    "length": 16.48296546936035, 
                    "direction": [
                        -0.34895041584968567, 
                        -0.15011651813983917, 
                        -0.9250398874282837
                    ], 
                    "center": [
                        -12.703743934631348, 
                        158.88153076171875, 
                        -13.81126880645752
                    ]
                }
            ]
        }
    ], 
    "hand": {
        "grab_strength": 1.0, 
        "wrist_position": [
            -3.419827699661255, 
            191.19752502441406, 
            35.193443298339844
        ], 
        "palm_width": 87.01065063476562, 
        "palm_velocity": [
            -1.1933448314666748, 
            1.131199598312378, 
            -0.45080897212028503
        ], 
        "palm_normal": [
            -0.1296975016593933, 
            -0.9853407144546509, 
            -0.11082515120506287
        ], 
        "is_left": true, 
        "palm_position": [
            6.472529888153076, 
            191.48057556152344, 
            -16.175642013549805
        ], 
        "pinch_strength": 0.33152538537979126, 
        "is_right": false
    }
}