{
    "timestamp": 33138866834, 
    "id": 507002, 
    "fingers": [
        {
            "type": 0, 
            "bone": [
                {
                    "length": 0.0, 
                    "direction": [
                        0.0, 
                        0.0, 
                        0.0
                    ], 
                    "center": [
                        22.022497177124023, 
                        176.79238891601562, 
                        38.579132080078125
                    ]
                }, 
                {
                    "length": 47.73451232910156, 
                    "direction": [
                        -0.5498543977737427, 
                        0.12368999421596527, 
                        0.8260514140129089
                    ], 
                    "center": [
                        35.14601135253906, 
                        173.84024047851562, 
                        18.86355209350586
                    ]
                }, 
                {
                    "length": 32.604461669921875, 
                    "direction": [
                        -0.27271026372909546, 
                        0.2075164020061493, 
                        0.9394499659538269
                    ], 
                    "center": [
                        52.71531295776367, 
                        167.505126953125, 
                        -16.167156219482422
                    ]
                }, 
                {
                    "length": 22.380069732666016, 
                    "direction": [
                        0.4934205412864685, 
                        0.31702184677124023, 
                        0.8099588751792908
                    ], 
                    "center": [
                        51.639705657958984, 
                        160.5746612548828, 
                        -40.545753479003906
                    ]
                }
            ]
        }, 
        {
            "type": 1, 
            "bone": [
                {
                    "length": 70.35211181640625, 
                    "direction": [
                        -0.20546855032444, 
                        0.06509331613779068, 
                        0.9764965176582336
                    ], 
                    "center": [
                        24.698528289794922, 
                        195.06158447265625, 
                        -4.16214656829834
                    ]
                }, 
                {
                    "length": 41.0834846496582, 
                    "direction": [
                        0.12379913032054901, 
                        0.9872632026672363, 
                        0.09992638230323792
                    ], 
                    "center": [
                        29.383052825927734, 
                        172.4917449951172, 
                        -40.56410598754883
                    ]
                }, 
                {
                    "length": 23.11333465576172, 
                    "direction": [
                        0.31652161478996277, 
                        0.3006366193294525, 
                        -0.8996841311454773
                    ], 
                    "center": [
                        23.18206787109375, 
                        148.73727416992188, 
                        -32.219417572021484
                    ]
                }, 
                {
                    "length": 16.338380813598633, 
                    "direction": [
                        0.24199117720127106, 
                        -0.25049683451652527, 
                        -0.9373855590820312
                    ], 
                    "center": [
                        17.547260284423828, 
                        147.3092803955078, 
                        -14.164386749267578
                    ]
                }
            ]
        }, 
        {
            "type": 2, 
            "bone": [
                {
                    "length": 66.71676635742188, 
                    "direction": [
                        -0.07122722268104553, 
                        0.04497169703245163, 
                        0.9964458346366882
                    ], 
                    "center": [
                        8.987699508666992, 
                        199.19850158691406, 
                        -6.137625694274902
                    ]
                }, 
                {
                    "length": 46.092411041259766, 
                    "direction": [
                        -0.027477210387587547, 
                        0.9913701415061951, 
                        0.12818077206611633
                    ], 
                    "center": [
                        11.996970176696777, 
                        174.8509979248047, 
                        -42.33152770996094
                    ]
                }, 
                {
                    "length": 27.192758560180664, 
                    "direction": [
                        0.10434979945421219, 
                        0.37205392122268677, 
                        -0.9223269820213318
                    ], 
                    "center": [
                        11.21143627166748, 
                        146.94509887695312, 
                        -32.745304107666016
                    ]
                }, 
                {
                    "length": 17.970151901245117, 
                    "direction": [
                        0.11748132854700089, 
                        -0.19474957883358002, 
                        -0.9737919569015503
                    ], 
                    "center": [
                        8.737077713012695, 
                        143.6363525390625, 
                        -11.455401420593262
                    ]
                }
            ]
        }, 
        {
            "type": 3, 
            "bone": [
                {
                    "length": 59.9005126953125, 
                    "direction": [
                        0.07846000790596008, 
                        0.02508610114455223, 
                        0.9966015815734863
                    ], 
                    "center": [
                        -7.348579406738281, 
                        200.65216064453125, 
                        -4.395318031311035
                    ]
                }, 
                {
                    "length": 42.7255859375, 
                    "direction": [
                        -0.07265131175518036, 
                        0.9810439944267273, 
                        0.1796507090330124
                    ], 
                    "center": [
                        -8.146442413330078, 
                        178.9429931640625, 
                        -38.08163070678711
                    ]
                }, 
                {
                    "length": 26.490478515625, 
                    "direction": [
                        -0.06374137848615646, 
                        0.41529539227485657, 
                        -0.907450795173645
                    ], 
                    "center": [
                        -5.7501373291015625, 
                        152.48446655273438, 
                        -29.900070190429688
                    ]
                }, 
                {
                    "length": 17.86687469482422, 
                    "direction": [
                        -0.020772013813257217, 
                        -0.15411938726902008, 
                        -0.9878338575363159
                    ], 
                    "center": [
                        -4.720302104949951, 
                        148.360595703125, 
                        -9.055914878845215
                    ]
                }
            ]
        }, 
        {
            "type": 4, 
            "bone": [
                {
                    "length": 55.44927978515625, 
                    "direction": [
                        0.2107991874217987, 
                        -0.033351823687553406, 
                        0.976960301399231
                    ], 
                    "center": [
                        -23.16053009033203, 
                        196.60540771484375, 
                        -0.7629461288452148
                    ]
                }, 
                {
                    "length": 33.81279754638672, 
                    "direction": [
                        -0.15031106770038605, 
                        0.955299437046051, 
                        0.25457704067230225
                    ], 
                    "center": [
                        -26.463642120361328, 
                        181.37939453125, 
                        -32.15279769897461
                    ]
                }, 
                {
                    "length": 18.703418731689453, 
                    "direction": [
                        -0.44468367099761963, 
                        0.4040498435497284, 
                        -0.7993748188018799
                    ], 
                    "center": [
                        -19.763872146606445, 
                        161.45016479492188, 
                        -28.981258392333984
                    ]
                }, 
                {
                    "length": 16.482967376708984, 
                    "direction": [
                        -0.34924036264419556, 
                        -0.14700695872306824, 
                        -0.9254297614097595
                    ], 
                    "center": [
                        -12.727060317993164, 
                        158.8831787109375, 
                        -13.878823280334473
                    ]
                }
            ]
        }
    ], 
    "hand": {
        "grab_strength": 1.0, 
        "wrist_position": [
            -3.398473024368286, 
            191.041015625, 
            35.21786117553711
        ], 
        "palm_width": 87.01065063476562, 
        "palm_velocity": [
            -1.396100401878357, 
            1.2087815999984741, 
            0.3395847976207733
        ], 
        "palm_normal": [
            -0.13071852922439575, 
            -0.9848707318305969, 
            -0.11376423388719559
        ], 
        "is_left": true, 
        "palm_position": [
            6.482065200805664, 
            191.46896362304688, 
            -16.152496337890625
        ], 
        "pinch_strength": 0.3321218192577362, 
        "is_right": false
    }
}