{
    "timestamp": 33138833495, 
    "id": 506999, 
    "fingers": [
        {
            "type": 0, 
            "bone": [
                {
                    "length": 0.0, 
                    "direction": [
                        0.0, 
                        0.0, 
                        0.0
                    ], 
                    "center": [
                        21.988100051879883, 
                        176.36448669433594, 
                        38.477359771728516
                    ]
                }, 
                {
                    "length": 47.73450469970703, 
                    "direction": [
                        -0.5496963262557983, 
                        0.12091633677482605, 
                        0.8265671730041504
                    ], 
                    "center": [
                        35.10784149169922, 
                        173.47854614257812, 
                        18.749473571777344
                    ]
                }, 
                {
                    "length": 32.604469299316406, 
                    "direction": [
                        -0.27407708764076233, 
                        0.20269130170345306, 
                        0.9401052594184875
                    ], 
                    "center": [
                        52.695648193359375, 
                        167.2882843017578, 
                        -16.304231643676758
                    ]
                }, 
                {
                    "length": 22.38006591796875, 
                    "direction": [
                        0.49534398317337036, 
                        0.310726135969162, 
                        0.8112236261367798
                    ], 
                    "center": [
                        51.62080383300781, 
                        160.50692749023438, 
                        -40.70766830444336
                    ]
                }
            ]
        }, 
        {
            "type": 1, 
            "bone": [
                {
                    "length": 70.35211181640625, 
                    "direction": [
                        -0.20584987103939056, 
                        0.059178464114665985, 
                        0.976792573928833
                    ], 
                    "center": [
                        24.740440368652344, 
                        194.90988159179688, 
                        -4.139941215515137
                    ]
                }, 
                {
                    "length": 41.08348083496094, 
                    "direction": [
                        0.12633061408996582, 
                        0.9861932396888733, 
                        0.10706747323274612
                    ], 
                    "center": [
                        29.386377334594727, 
                        172.57009887695312, 
                        -40.699005126953125
                    ]
                }, 
                {
                    "length": 23.11333656311035, 
                    "direction": [
                        0.3181614577770233, 
                        0.3062962591648102, 
                        -0.8971933126449585
                    ], 
                    "center": [
                        23.11444091796875, 
                        148.77220153808594, 
                        -32.52979278564453
                    ]
                }, 
                {
                    "length": 16.338382720947266, 
                    "direction": [
                        0.24219001829624176, 
                        -0.24448513984680176, 
                        -0.9389201998710632
                    ], 
                    "center": [
                        17.459056854248047, 
                        147.22967529296875, 
                        -14.491007804870605
                    ]
                }
            ]
        }, 
        {
            "type": 2, 
            "bone": [
                {
                    "length": 66.7167739868164, 
                    "direction": [
                        -0.07167743891477585, 
                        0.03854517266154289, 
                        0.9966828227043152
                    ], 
                    "center": [
                        9.042496681213379, 
                        199.10421752929688, 
                        -6.096668243408203
                    ]
                }, 
                {
                    "length": 46.092403411865234, 
                    "direction": [
                        -0.02487466298043728, 
                        0.9904460310935974, 
                        0.1356392204761505
                    ], 
                    "center": [
                        12.006807327270508, 
                        174.99240112304688, 
                        -42.470367431640625
                    ]
                }, 
                {
                    "length": 27.19276237487793, 
                    "direction": [
                        0.10597341507673264, 
                        0.37872403860092163, 
                        -0.9194225072860718
                    ], 
                    "center": [
                        11.1392183303833, 
                        147.01710510253906, 
                        -33.095516204833984
                    ]
                }, 
                {
                    "length": 17.970151901245117, 
                    "direction": [
                        0.11759885400533676, 
                        -0.18800757825374603, 
                        -0.975101888179779
                    ], 
                    "center": [
                        8.641728401184082, 
                        143.55709838867188, 
                        -11.833333015441895
                    ]
                }
            ]
        }, 
        {
            "type": 3, 
            "bone": [
                {
                    "length": 59.900508880615234, 
                    "direction": [
                        0.07795295119285583, 
                        0.018236007541418076, 
                        0.9967901706695557
                    ], 
                    "center": [
                        -7.290621757507324, 
                        200.59243774414062, 
                        -4.353887557983398
                    ]
                }, 
                {
                    "length": 42.72559356689453, 
                    "direction": [
                        -0.06993478536605835, 
                        0.9798592329025269, 
                        0.1870427429676056
                    ], 
                    "center": [
                        -8.131330490112305, 
                        179.11373901367188, 
                        -38.203765869140625
                    ]
                }, 
                {
                    "length": 26.490482330322266, 
                    "direction": [
                        -0.06213611364364624, 
                        0.4223237931728363, 
                        -0.904312789440155
                    ], 
                    "center": [
                        -5.814319610595703, 
                        152.58741760253906, 
                        -30.2216796875
                    ]
                }, 
                {
                    "length": 17.86687469482422, 
                    "direction": [
                        -0.0207279771566391, 
                        -0.1469062715768814, 
                        -0.9889332056045532
                    ], 
                    "center": [
                        -4.806139945983887, 
                        148.30601501464844, 
                        -9.40926456451416
                    ]
                }
            ]
        }, 
        {
            "type": 4, 
            "bone": [
                {
                    "length": 55.44927978515625, 
                    "direction": [
                        0.21013806760311127, 
                        -0.04044360667467117, 
                        0.9768348336219788
                    ], 
                    "center": [
                        -23.116031646728516, 
                        196.56631469726562, 
                        -0.757380485534668
                    ]
                }, 
                {
                    "length": 33.81280517578125, 
                    "direction": [
                        -0.14792294800281525, 
                        0.9540504813194275, 
                        0.26058876514434814
                    ], 
                    "center": [
                        -26.44118881225586, 
                        181.5580291748047, 
                        -32.245391845703125
                    ]
                }, 
                {
                    "length": 18.70341682434082, 
                    "direction": [
                        -0.44289901852607727, 
                        0.41037338972091675, 
                        -0.7971413135528564
                    ], 
                    "center": [
                        -19.798480987548828, 
                        161.5907745361328, 
                        -29.196380615234375
                    ]
                }, 
                {
                    "length": 16.48296546936035, 
                    "direction": [
                        -0.3488718569278717, 
                        -0.1400316059589386, 
                        -0.9266497492790222
                    ], 
                    "center": [
                        -12.781397819519043, 
                        158.9071502685547, 
                        -14.104779243469238
                    ]
                }
            ]
        }
    ], 
    "hand": {
        "grab_strength": 1.0, 
        "wrist_position": [
            -3.3906092643737793, 
            190.70692443847656, 
            35.196693420410156
        ], 
        "palm_width": 87.01065063476562, 
        "palm_velocity": [
            -1.8767939805984497, 
            2.802086114883423, 
            0.8647471070289612
        ], 
        "palm_normal": [
            -0.13343125581741333, 
            -0.9837191104888916, 
            -0.12038622051477432
        ], 
        "is_left": true, 
        "palm_position": [
            6.520864009857178, 
            191.4485626220703, 
            -16.164134979248047
        ], 
        "pinch_strength": 0.3334968388080597, 
        "is_right": false
    }
}