{
    "timestamp": 33138923623, 
    "id": 507006, 
    "fingers": [
        {
            "type": 0, 
            "bone": [
                {
                    "length": 0.0, 
                    "direction": [
                        0.0, 
                        0.0, 
                        0.0
                    ], 
                    "center": [
                        22.057893753051758, 
                        177.35540771484375, 
                        38.70524978637695
                    ]
                }, 
                {
                    "length": 47.7345085144043, 
                    "direction": [
                        -0.550682008266449, 
                        0.12962065637111664, 
                        0.8245894908905029
                    ], 
                    "center": [
                        35.2011604309082, 
                        174.26171875, 
                        19.02456283569336
                    ]
                }, 
                {
                    "length": 32.604469299316406, 
                    "direction": [
                        -0.2728842794895172, 
                        0.21579381823539734, 
                        0.9375324845314026
                    ], 
                    "center": [
                        52.793052673339844, 
                        167.65011596679688, 
                        -15.939996719360352
                    ]
                }, 
                {
                    "length": 22.380067825317383, 
                    "direction": [
                        0.4903078079223633, 
                        0.3265255093574524, 
                        0.8080713748931885
                    ], 
                    "center": [
                        51.7551155090332, 
                        160.47836303710938, 
                        -40.26621627807617
                    ]
                }
            ]
        }, 
        {
            "type": 1, 
            "bone": [
                {
                    "length": 70.35211944580078, 
                    "direction": [
                        -0.20608006417751312, 
                        0.07371974736452103, 
                        0.9757542610168457
                    ], 
                    "center": [
                        24.684907913208008, 
                        195.22320556640625, 
                        -4.208409309387207
                    ]
                }, 
                {
                    "length": 41.083492279052734, 
                    "direction": [
                        0.12169534713029861, 
                        0.9888373613357544, 
                        0.08596991002559662
                    ], 
                    "center": [
                        29.434158325195312, 
                        172.31759643554688, 
                        -40.297569274902344
                    ]
                }, 
                {
                    "length": 23.11333465576172, 
                    "direction": [
                        0.31503525376319885, 
                        0.2884438931941986, 
                        -0.9041862487792969
                    ], 
                    "center": [
                        23.293563842773438, 
                        148.67169189453125, 
                        -31.61416244506836
                    ]
                }, 
                {
                    "length": 16.338382720947266, 
                    "direction": [
                        0.2419673353433609, 
                        -0.2618747651576996, 
                        -0.9342769384384155
                    ], 
                    "center": [
                        17.676130294799805, 
                        147.4775390625, 
                        -13.53249454498291
                    ]
                }
            ]
        }, 
        {
            "type": 2, 
            "bone": [
                {
                    "length": 66.7167739868164, 
                    "direction": [
                        -0.07177509367465973, 
                        0.0542730949819088, 
                        0.9959431290626526
                    ], 
                    "center": [
                        8.960095405578613, 
                        199.28448486328125, 
                        -6.229050636291504
                    ]
                }, 
                {
                    "length": 46.092403411865234, 
                    "direction": [
                        -0.030491653829813004, 
                        0.9929487705230713, 
                        0.11455570161342621
                    ], 
                    "center": [
                        12.057113647460938, 
                        174.59033203125, 
                        -42.09217834472656
                    ]
                }, 
                {
                    "length": 27.192764282226562, 
                    "direction": [
                        0.10300999879837036, 
                        0.35935595631599426, 
                        -0.9274978637695312
                    ], 
                    "center": [
                        11.359267234802246, 
                        146.82069396972656, 
                        -32.121639251708984
                    ]
                }, 
                {
                    "length": 17.970151901245117, 
                    "direction": [
                        0.1178583949804306, 
                        -0.20681385695934296, 
                        -0.9712556004524231
                    ], 
                    "center": [
                        8.899737358093262, 
                        143.79299926757812, 
                        -10.784218788146973
                    ]
                }
            ]
        }, 
        {
            "type": 3, 
            "bone": [
                {
                    "length": 59.900508880615234, 
                    "direction": [
                        0.07798248529434204, 
                        0.03492780774831772, 
                        0.996342658996582
                    ], 
                    "center": [
                        -7.3819732666015625, 
                        200.6960906982422, 
                        -4.506549835205078
                    ]
                }, 
                {
                    "length": 42.7255973815918, 
                    "direction": [
                        -0.07630358636379242, 
                        0.9825130105018616, 
                        0.16984081268310547
                    ], 
                    "center": [
                        -8.087510108947754, 
                        178.6607666015625, 
                        -37.97554016113281
                    ]
                }, 
                {
                    "length": 26.4904842376709, 
                    "direction": [
                        -0.06465522199869156, 
                        0.4059426188468933, 
                        -0.9116086959838867
                    ], 
                    "center": [
                        -5.601078033447266, 
                        152.29473876953125, 
                        -29.529338836669922
                    ]
                }, 
                {
                    "length": 17.86687660217285, 
                    "direction": [
                        -0.019586915150284767, 
                        -0.1640038639307022, 
                        -0.986265242099762
                    ], 
                    "center": [
                        -4.56972599029541, 
                        148.38304138183594, 
                        -8.644123077392578
                    ]
                }
            ]
        }, 
        {
            "type": 4, 
            "bone": [
                {
                    "length": 55.44927978515625, 
                    "direction": [
                        0.21053825318813324, 
                        -0.023219803348183632, 
                        0.9773097634315491
                    ], 
                    "center": [
                        -23.180702209472656, 
                        196.6275634765625, 
                        -0.8411111831665039
                    ]
                }, 
                {
                    "length": 33.81280517578125, 
                    "direction": [
                        -0.15369224548339844, 
                        0.9571272730827332, 
                        0.24553245306015015
                    ], 
                    "center": [
                        -26.419416427612305, 
                        181.08975219726562, 
                        -32.087745666503906
                    ]
                }, 
                {
                    "length": 18.703418731689453, 
                    "direction": [
                        -0.4460645616054535, 
                        0.3948848247528076, 
                        -0.8031764626502991
                    ], 
                    "center": [
                        -19.649566650390625, 
                        161.21533203125, 
                        -28.727741241455078
                    ]
                }, 
                {
                    "length": 16.482967376708984, 
                    "direction": [
                        -0.3486415147781372, 
                        -0.1570863127708435, 
                        -0.9239983558654785
                    ], 
                    "center": [
                        -12.604777336120605, 
                        158.81710815429688, 
                        -13.60155200958252
                    ]
                }
            ]
        }
    ], 
    "hand": {
        "grab_strength": 1.0, 
        "wrist_position": [
            -3.412764549255371, 
            191.47967529296875, 
            35.198421478271484
        ], 
        "palm_width": 87.01065063476562, 
        "palm_velocity": [
            0.03623465076088905, 
            -0.5570130348205566, 
            0.09639017283916473
        ], 
        "palm_normal": [
            -0.1271374225616455, 
            -0.9863802790641785, 
            -0.10435525327920914
        ], 
        "is_left": true, 
        "palm_position": [
            6.486117839813232, 
            191.4502716064453, 
            -16.17017936706543
        ], 
        "pinch_strength": 0.32792842388153076, 
        "is_right": false
    }
}