{
    "timestamp": 33138969531, 
    "id": 507010, 
    "fingers": [
        {
            "type": 0, 
            "bone": [
                {
                    "length": 0.0, 
                    "direction": [
                        0.0, 
                        0.0, 
                        0.0
                    ], 
                    "center": [
                        22.377052307128906, 
                        178.68374633789062, 
                        39.05805206298828
                    ]
                }, 
                {
                    "length": 47.7345085144043, 
                    "direction": [
                        -0.5494005680084229, 
                        0.1463436335325241, 
                        0.8226436376571655
                    ], 
                    "center": [
                        35.4897346496582, 
                        175.19091796875, 
                        19.42380714416504
                    ]
                }, 
                {
                    "length": 32.60446548461914, 
                    "direction": [
                        -0.27358898520469666, 
                        0.23801198601722717, 
                        0.9319331645965576
                    ], 
                    "center": [
                        53.062530517578125, 
                        167.81797790527344, 
                        -15.403031349182129
                    ]
                }, 
                {
                    "length": 22.380067825317383, 
                    "direction": [
                        0.4822275936603546, 
                        0.3533203601837158, 
                        0.8016366362571716
                    ], 
                    "center": [
                        52.126495361328125, 
                        159.98419189453125, 
                        -39.56596374511719
                    ]
                }
            ]
        }, 
        {
            "type": 1, 
            "bone": [
                {
                    "length": 70.35211944580078, 
                    "direction": [
                        -0.20558519661426544, 
                        0.09641225636005402, 
                        0.9738785624504089
                    ], 
                    "center": [
                        24.738189697265625, 
                        195.4708251953125, 
                        -4.305070877075195
                    ]
                }, 
                {
                    "length": 41.08348083496094, 
                    "direction": [
                        0.110368512570858, 
                        0.9920581579208374, 
                        0.06032764911651611
                    ], 
                    "center": [
                        29.70270538330078, 
                        171.70082092285156, 
                        -39.801513671875
                    ]
                }, 
                {
                    "length": 23.113330841064453, 
                    "direction": [
                        0.31029269099235535, 
                        0.2686988413333893, 
                        -0.9118768572807312
                    ], 
                    "center": [
                        23.849594116210938, 
                        148.21694946289062, 
                        -30.502492904663086
                    ]
                }, 
                {
                    "length": 16.33837890625, 
                    "direction": [
                        0.2435482144355774, 
                        -0.28303006291389465, 
                        -0.9276735782623291
                    ], 
                    "center": [
                        18.2740535736084, 
                        147.423828125, 
                        -12.385895729064941
                    ]
                }
            ]
        }, 
        {
            "type": 2, 
            "bone": [
                {
                    "length": 66.7167739868164, 
                    "direction": [
                        -0.07103649526834488, 
                        0.07904306799173355, 
                        0.9943369030952454
                    ], 
                    "center": [
                        8.964632987976074, 
                        199.29696655273438, 
                        -6.403255462646484
                    ]
                }, 
                {
                    "length": 46.09239959716797, 
                    "direction": [
                        -0.04193742945790291, 
                        0.995031476020813, 
                        0.09029718488454819
                    ], 
                    "center": [
                        12.30079460144043, 
                        173.728515625, 
                        -41.65373992919922
                    ]
                }, 
                {
                    "length": 27.192768096923828, 
                    "direction": [
                        0.09726995974779129, 
                        0.33781954646110535, 
                        -0.9361711144447327
                    ], 
                    "center": [
                        11.944772720336914, 
                        146.20370483398438, 
                        -31.006202697753906
                    ]
                }, 
                {
                    "length": 17.970151901245117, 
                    "direction": [
                        0.11868809163570404, 
                        -0.22941653430461884, 
                        -0.9660648703575134
                    ], 
                    "center": [
                        9.555831909179688, 
                        143.67190551757812, 
                        -9.597494125366211
                    ]
                }
            ]
        }, 
        {
            "type": 3, 
            "bone": [
                {
                    "length": 59.900508880615234, 
                    "direction": [
                        0.07893554866313934, 
                        0.06144501268863678, 
                        0.9949842095375061
                    ], 
                    "center": [
                        -7.39031982421875, 
                        200.56362915039062, 
                        -4.690397262573242
                    ]
                }, 
                {
                    "length": 42.7255859375, 
                    "direction": [
                        -0.08736534416675568, 
                        0.9852585792541504, 
                        0.14708101749420166
                    ], 
                    "center": [
                        -7.888091564178467, 
                        177.67547607421875, 
                        -37.63249206542969
                    ]
                }, 
                {
                    "length": 26.49048614501953, 
                    "direction": [
                        -0.0706031322479248, 
                        0.3839879631996155, 
                        -0.9206348061561584
                    ], 
                    "center": [
                        -5.0865678787231445, 
                        151.5415802001953, 
                        -28.580520629882812
                    ]
                }, 
                {
                    "length": 17.86687660217285, 
                    "direction": [
                        -0.019011540338397026, 
                        -0.18773983418941498, 
                        -0.9820348024368286
                    ], 
                    "center": [
                        -3.981574058532715, 
                        148.13272094726562, 
                        -7.613540172576904
                    ]
                }
            ]
        }, 
        {
            "type": 4, 
            "bone": [
                {
                    "length": 55.44927978515625, 
                    "direction": [
                        0.2121298760175705, 
                        0.004361400846391916, 
                        0.9772317409515381
                    ], 
                    "center": [
                        -23.135826110839844, 
                        196.40859985351562, 
                        -0.8952722549438477
                    ]
                }, 
                {
                    "length": 33.812801361083984, 
                    "direction": [
                        -0.1611471176147461, 
                        0.9604383707046509, 
                        0.22713392972946167
                    ], 
                    "center": [
                        -26.292633056640625, 
                        180.05014038085938, 
                        -31.82868766784668
                    ]
                }, 
                {
                    "length": 18.703414916992188, 
                    "direction": [
                        -0.4536886513233185, 
                        0.3746580481529236, 
                        -0.8085777163505554
                    ], 
                    "center": [
                        -19.32545280456543, 
                        160.3088836669922, 
                        -28.10712242126465
                    ]
                }, 
                {
                    "length": 16.482967376708984, 
                    "direction": [
                        -0.35116615891456604, 
                        -0.1809951663017273, 
                        -0.9186529517173767
                    ], 
                    "center": [
                        -12.188558578491211, 
                        158.29685974121094, 
                        -12.97447681427002
                    ]
                }
            ]
        }
    ], 
    "hand": {
        "grab_strength": 1.0, 
        "wrist_position": [
            -3.2602953910827637, 
            192.41810607910156, 
            35.231712341308594
        ], 
        "palm_width": 87.01065063476562, 
        "palm_velocity": [
            1.473306655883789, 
            -4.989696979522705, 
            0.6038006544113159
        ], 
        "palm_normal": [
            -0.11584457755088806, 
            -0.9901404976844788, 
            -0.07875189185142517
        ], 
        "is_left": true, 
        "palm_position": [
            6.567981719970703, 
            191.1815643310547, 
            -16.135570526123047
        ], 
        "pinch_strength": 0.32715755701065063, 
        "is_right": false
    }
}