{
    "timestamp": 33138900693, 
    "id": 507004, 
    "fingers": [
        {
            "type": 0, 
            "bone": [
                {
                    "length": 0.0, 
                    "direction": [
                        0.0, 
                        0.0, 
                        0.0
                    ], 
                    "center": [
                        22.01934814453125, 
                        177.09283447265625, 
                        38.63080978393555
                    ]
                }, 
                {
                    "length": 47.7345085144043, 
                    "direction": [
                        -0.5506895780563354, 
                        0.1264183074235916, 
                        0.825081467628479
                    ], 
                    "center": [
                        35.16279602050781, 
                        174.07557678222656, 
                        18.93838119506836
                    ]
                }, 
                {
                    "length": 32.60446548461914, 
                    "direction": [
                        -0.273104727268219, 
                        0.2114541083574295, 
                        0.9384567141532898
                    ], 
                    "center": [
                        52.758460998535156, 
                        167.61114501953125, 
                        -16.052988052368164
                    ]
                }, 
                {
                    "length": 22.380067825317383, 
                    "direction": [
                        0.4915321469306946, 
                        0.32161515951156616, 
                        0.8092958927154541
                    ], 
                    "center": [
                        51.710418701171875, 
                        160.56509399414062, 
                        -40.40797424316406
                    ]
                }
            ]
        }, 
        {
            "type": 1, 
            "bone": [
                {
                    "length": 70.35211944580078, 
                    "direction": [
                        -0.20600949227809906, 
                        0.06949339807033539, 
                        0.9760792255401611
                    ], 
                    "center": [
                        24.68450927734375, 
                        195.1588134765625, 
                        -4.197442054748535
                    ]
                }, 
                {
                    "length": 41.08348846435547, 
                    "direction": [
                        0.12277239561080933, 
                        0.9880388975143433, 
                        0.09330562502145767
                    ], 
                    "center": [
                        29.40915298461914, 
                        172.41827392578125, 
                        -40.44872283935547
                    ]
                }, 
                {
                    "length": 23.11333656311035, 
                    "direction": [
                        0.3160174787044525, 
                        0.29487594962120056, 
                        -0.9017654657363892
                    ], 
                    "center": [
                        23.235084533691406, 
                        148.71444702148438, 
                        -31.94397735595703
                    ]
                }, 
                {
                    "length": 16.338382720947266, 
                    "direction": [
                        0.24218475818634033, 
                        -0.2559583783149719, 
                        -0.9358589053153992
                    ], 
                    "center": [
                        17.604522705078125, 
                        147.3976287841797, 
                        -13.877363204956055
                    ]
                }
            ]
        }, 
        {
            "type": 2, 
            "bone": [
                {
                    "length": 66.7167739868164, 
                    "direction": [
                        -0.07174432277679443, 
                        0.04968860745429993, 
                        0.9961845278739929
                    ], 
                    "center": [
                        8.967813491821289, 
                        199.26036071777344, 
                        -6.1998395919799805
                    ]
                }, 
                {
                    "length": 46.0924072265625, 
                    "direction": [
                        -0.028569361194968224, 
                        0.9924507737159729, 
                        0.11926931142807007
                    ], 
                    "center": [
                        12.01950454711914, 
                        174.73060607910156, 
                        -42.179656982421875
                    ]
                }, 
                {
                    "length": 27.19277000427246, 
                    "direction": [
                        0.10382316261529922, 
                        0.36356380581855774, 
                        -0.9257657527923584
                    ], 
                    "center": [
                        11.266300201416016, 
                        146.91522216796875, 
                        -32.34129333496094
                    ]
                }, 
                {
                    "length": 17.97015380859375, 
                    "direction": [
                        0.11757321655750275, 
                        -0.20242050290107727, 
                        -0.9722152948379517
                    ], 
                    "center": [
                        8.7982759475708, 
                        143.79083251953125, 
                        -11.018797874450684
                    ]
                }
            ]
        }, 
        {
            "type": 3, 
            "bone": [
                {
                    "length": 59.900508880615234, 
                    "direction": [
                        0.07797513902187347, 
                        0.030049623921513557, 
                        0.9965023398399353
                    ], 
                    "center": [
                        -7.371595859527588, 
                        200.69569396972656, 
                        -4.471750259399414
                    ]
                }, 
                {
                    "length": 42.7255859375, 
                    "direction": [
                        -0.07439696788787842, 
                        0.9818929433822632, 
                        0.17421655356884003
                    ], 
                    "center": [
                        -8.117644309997559, 
                        178.81973266601562, 
                        -38.03900146484375
                    ]
                }, 
                {
                    "length": 26.490480422973633, 
                    "direction": [
                        -0.06383781880140305, 
                        0.41015100479125977, 
                        -0.9097806811332703
                    ], 
                    "center": [
                        -5.682769775390625, 
                        152.41119384765625, 
                        -29.710491180419922
                    ]
                }, 
                {
                    "length": 17.86687660217285, 
                    "direction": [
                        -0.019886277616024017, 
                        -0.15943396091461182, 
                        -0.9870083332061768
                    ], 
                    "center": [
                        -4.65956974029541, 
                        148.4029541015625, 
                        -8.842848777770996
                    ]
                }
            ]
        }, 
        {
            "type": 4, 
            "bone": [
                {
                    "length": 55.44927978515625, 
                    "direction": [
                        0.21041850745677948, 
                        -0.028266139328479767, 
                        0.9772026538848877
                    ], 
                    "center": [
                        -23.17852020263672, 
                        196.64071655273438, 
                        -0.8266983032226562
                    ]
                }, 
                {
                    "length": 33.81280517578125, 
                    "direction": [
                        -0.1519254446029663, 
                        0.9562675952911377, 
                        0.2499418407678604
                    ], 
                    "center": [
                        -26.443782806396484, 
                        181.25732421875, 
                        -32.1449089050293
                    ]
                }, 
                {
                    "length": 18.703420639038086, 
                    "direction": [
                        -0.4451092481613159, 
                        0.3994762897491455, 
                        -0.8014339804649353
                    ], 
                    "center": [
                        -19.712738037109375, 
                        161.3544921875, 
                        -28.875747680664062
                    ]
                }, 
                {
                    "length": 16.482967376708984, 
                    "direction": [
                        -0.34872865676879883, 
                        -0.15205959975719452, 
                        -0.9248060584068298
                    ], 
                    "center": [
                        -12.676163673400879, 
                        158.87191772460938, 
                        -13.759193420410156
                    ]
                }
            ]
        }
    ], 
    "hand": {
        "grab_strength": 1.0, 
        "wrist_position": [
            -3.4234046936035156, 
            191.2833251953125, 
            35.18932342529297
        ], 
        "palm_width": 87.01065063476562, 
        "palm_velocity": [
            -0.3767554759979248, 
            0.4571867287158966, 
            -0.2681380808353424
        ], 
        "palm_normal": [
            -0.12905612587928772, 
            -0.9856239557266235, 
            -0.10904114693403244
        ], 
        "is_left": true, 
        "palm_position": [
            6.479289531707764, 
            191.4782257080078, 
            -16.178180694580078
        ], 
        "pinch_strength": 0.32992690801620483, 
        "is_right": false
    }
}