{
    "timestamp": 33129331073, 
    "id": 506200, 
    "fingers": [
        {
            "type": 0, 
            "bone": [
                {
                    "length": 0.0, 
                    "direction": [
                        0.0, 
                        0.0, 
                        0.0
                    ], 
                    "center": [
                        3.4110448360443115, 
                        210.19546508789062, 
                        54.666805267333984
                    ]
                }, 
                {
                    "length": 47.73451232910156, 
                    "direction": [
                        -0.5568917393684387, 
                        -0.05840402469038963, 
                        0.8285290598869324
                    ], 
                    "center": [
                        16.70252227783203, 
                        211.58941650390625, 
                        34.89208984375
                    ]
                }, 
                {
                    "length": 32.60446548461914, 
                    "direction": [
                        -0.25177618861198425, 
                        0.056081004440784454, 
                        0.9661592245101929
                    ], 
                    "center": [
                        34.098514556884766, 
                        212.06910705566406, 
                        -0.6331782341003418
                    ]
                }, 
                {
                    "length": 22.38007164001465, 
                    "direction": [
                        0.3916638493537903, 
                        0.245952770113945, 
                        0.8866266012191772
                    ], 
                    "center": [
                        33.82029724121094, 
                        208.40264892578125, 
                        -26.30511474609375
                    ]
                }
            ]
        }, 
        {
            "type": 1, 
            "bone": [
                {
                    "length": 70.35211181640625, 
                    "direction": [
                        -0.19984611868858337, 
                        -0.08812960237264633, 
                        0.975855827331543
                    ], 
                    "center": [
                        3.397345781326294, 
                        234.09165954589844, 
                        14.707910537719727
                    ]
                }, 
                {
                    "length": 41.08347702026367, 
                    "direction": [
                        0.010521424002945423, 
                        0.9749232530593872, 
                        0.2222924679517746
                    ], 
                    "center": [
                        10.211015701293945, 
                        217.16510009765625, 
                        -24.185123443603516
                    ]
                }, 
                {
                    "length": 23.113338470458984, 
                    "direction": [
                        0.2637749910354614, 
                        0.44940048456192017, 
                        -0.8534997701644897
                    ], 
                    "center": [
                        6.946526527404785, 
                        191.9449005126953, 
                        -18.88778305053711
                    ]
                }, 
                {
                    "length": 16.338380813598633, 
                    "direction": [
                        0.2540653645992279, 
                        -0.09236778318881989, 
                        -0.9627664089202881
                    ], 
                    "center": [
                        1.822657823562622, 
                        187.50588989257812, 
                        -1.1591453552246094
                    ]
                }
            ]
        }, 
        {
            "type": 2, 
            "bone": [
                {
                    "length": 66.7167739868164, 
                    "direction": [
                        -0.0639369934797287, 
                        -0.09465503692626953, 
                        0.9934547543525696
                    ], 
                    "center": [
                        -12.714262008666992, 
                        236.56231689453125, 
                        13.238654136657715
                    ]
                }, 
                {
                    "length": 46.0924072265625, 
                    "direction": [
                        -0.14105716347694397, 
                        0.9585435390472412, 
                        0.2475825548171997
                    ], 
                    "center": [
                        -7.330594062805176, 
                        217.6290740966797, 
                        -25.607234954833984
                    ]
                }, 
                {
                    "length": 27.192758560180664, 
                    "direction": [
                        0.04607538506388664, 
                        0.4951454699039459, 
                        -0.8675875663757324
                    ], 
                    "center": [
                        -4.706220626831055, 
                        188.80609130859375, 
                        -19.51702308654785
                    ]
                }, 
                {
                    "length": 17.970151901245117, 
                    "direction": [
                        0.12412446737289429, 
                        -0.049129147082567215, 
                        -0.9910496473312378
                    ], 
                    "center": [
                        -6.447946548461914, 
                        182.51535034179688, 
                        1.1836822032928467
                    ]
                }
            ]
        }, 
        {
            "type": 3, 
            "bone": [
                {
                    "length": 59.900508880615234, 
                    "direction": [
                        0.08704134821891785, 
                        -0.09652770310640335, 
                        0.9915170669555664
                    ], 
                    "center": [
                        -29.08568572998047, 
                        235.83096313476562, 
                        15.09994888305664
                    ]
                }, 
                {
                    "length": 42.7255859375, 
                    "direction": [
                        -0.18420931696891785, 
                        0.936749279499054, 
                        0.29760313034057617
                    ], 
                    "center": [
                        -27.757369995117188, 
                        218.71041870117188, 
                        -20.953876495361328
                    ]
                }, 
                {
                    "length": 26.4904842376709, 
                    "direction": [
                        -0.1325727105140686, 
                        0.5146576166152954, 
                        -0.8470844626426697
                    ], 
                    "center": [
                        -22.06618881225586, 
                        191.882080078125, 
                        -16.091672897338867
                    ]
                }, 
                {
                    "length": 17.86687660217285, 
                    "direction": [
                        -0.025778261944651604, 
                        -0.025371424853801727, 
                        -0.999345600605011
                    ], 
                    "center": [
                        -20.079940795898438, 
                        185.29196166992188, 
                        4.055758476257324
                    ]
                }
            ]
        }, 
        {
            "type": 4, 
            "bone": [
                {
                    "length": 55.449283599853516, 
                    "direction": [
                        0.22509576380252838, 
                        -0.13580827414989471, 
                        0.9648253321647644
                    ], 
                    "center": [
                        -44.265499114990234, 
                        229.50015258789062, 
                        18.113588333129883
                    ]
                }, 
                {
                    "length": 33.812808990478516, 
                    "direction": [
                        -0.26065757870674133, 
                        0.8898718357086182, 
                        0.37441399693489075
                    ], 
                    "center": [
                        -46.09941864013672, 
                        218.22085571289062, 
                        -14.965843200683594
                    ]
                }, 
                {
                    "length": 18.70341682434082, 
                    "direction": [
                        -0.49757999181747437, 
                        0.4518558382987976, 
                        -0.740432620048523
                    ], 
                    "center": [
                        -37.03941345214844, 
                        198.95068359375, 
                        -14.371527671813965
                    ]
                }, 
                {
                    "length": 16.48296546936035, 
                    "direction": [
                        -0.34111955761909485, 
                        -0.059141241014003754, 
                        -0.9381577372550964
                    ], 
                    "center": [
                        -29.574857711791992, 
                        195.2124786376953, 
                        0.284592866897583
                    ]
                }
            ]
        }
    ], 
    "hand": {
        "grab_strength": 1.0, 
        "wrist_position": [
            -23.550498962402344, 
            221.6509246826172, 
            53.11928176879883
        ], 
        "palm_width": 87.01065063476562, 
        "palm_velocity": [
            31.56494140625, 
            -11.261430740356445, 
            2.2875020503997803
        ], 
        "palm_normal": [
            -0.015143746510148048, 
            -0.9699804186820984, 
            -0.24271102249622345
        ], 
        "is_left": true, 
        "palm_position": [
            -14.413071632385254, 
            229.96902465820312, 
            2.285841464996338
        ], 
        "pinch_strength": 0.3012428283691406, 
        "is_right": false
    }
}