{
    "timestamp": 33138935222, 
    "id": 507007, 
    "fingers": [
        {
            "type": 0, 
            "bone": [
                {
                    "length": 0.0, 
                    "direction": [
                        0.0, 
                        0.0, 
                        0.0
                    ], 
                    "center": [
                        22.128734588623047, 
                        177.68658447265625, 
                        38.79849624633789
                    ]
                }, 
                {
                    "length": 47.73451232910156, 
                    "direction": [
                        -0.5505741834640503, 
                        0.1335003525018692, 
                        0.8240422606468201
                    ], 
                    "center": [
                        35.269432067871094, 
                        174.50030517578125, 
                        19.130868911743164
                    ]
                }, 
                {
                    "length": 32.604461669921875, 
                    "direction": [
                        -0.2730536460876465, 
                        0.221104696393013, 
                        0.9362448453903198
                    ], 
                    "center": [
                        52.86151123046875, 
                        167.70950317382812, 
                        -15.799638748168945
                    ]
                }, 
                {
                    "length": 22.380069732666016, 
                    "direction": [
                        0.4890148937702179, 
                        0.3330237567424774, 
                        0.8062006831169128
                    ], 
                    "center": [
                        51.840797424316406, 
                        160.3784637451172, 
                        -40.08393096923828
                    ]
                }
            ]
        }, 
        {
            "type": 1, 
            "bone": [
                {
                    "length": 70.35211181640625, 
                    "direction": [
                        -0.2060135453939438, 
                        0.07925590872764587, 
                        0.9753342866897583
                    ], 
                    "center": [
                        24.693532943725586, 
                        195.29232788085938, 
                        -4.227085113525391
                    ]
                }, 
                {
                    "length": 41.0834846496582, 
                    "direction": [
                        0.11896904557943344, 
                        0.9896981716156006, 
                        0.0796491950750351
                    ], 
                    "center": [
                        29.496444702148438, 
                        172.17430114746094, 
                        -40.171630859375
                    ]
                }, 
                {
                    "length": 23.113330841064453, 
                    "direction": [
                        0.3139498829841614, 
                        0.2835441529750824, 
                        -0.9061115384101868
                    ], 
                    "center": [
                        23.424400329589844, 
                        148.56735229492188, 
                        -31.336137771606445
                    ]
                }, 
                {
                    "length": 16.338380813598633, 
                    "direction": [
                        0.2424042671918869, 
                        -0.2671365439891815, 
                        -0.9326725602149963
                    ], 
                    "center": [
                        17.815940856933594, 
                        147.47280883789062, 
                        -13.245329856872559
                    ]
                }
            ]
        }, 
        {
            "type": 2, 
            "bone": [
                {
                    "length": 66.7167739868164, 
                    "direction": [
                        -0.07164885103702545, 
                        0.06031309813261032, 
                        0.9956047534942627
                    ], 
                    "center": [
                        8.956806182861328, 
                        199.2967071533203, 
                        -6.268467903137207
                    ]
                }, 
                {
                    "length": 46.09239959716797, 
                    "direction": [
                        -0.03325961157679558, 
                        0.9935305118560791, 
                        0.10858625173568726
                    ], 
                    "center": [
                        12.1134033203125, 
                        174.38766479492188, 
                        -41.98273468017578
                    ]
                }, 
                {
                    "length": 27.192766189575195, 
                    "direction": [
                        0.1016281247138977, 
                        0.35405823588371277, 
                        -0.9296851754188538
                    ], 
                    "center": [
                        11.498136520385742, 
                        146.6766357421875, 
                        -31.844881057739258
                    ]
                }, 
                {
                    "length": 17.970151901245117, 
                    "direction": [
                        0.11806316673755646, 
                        -0.21240189671516418, 
                        -0.9700239896774292
                    ], 
                    "center": [
                        9.05555534362793, 
                        143.77117919921875, 
                        -10.488785743713379
                    ]
                }
            ]
        }, 
        {
            "type": 3, 
            "bone": [
                {
                    "length": 59.900508880615234, 
                    "direction": [
                        0.07816259562969208, 
                        0.04139172285795212, 
                        0.9960809350013733
                    ], 
                    "center": [
                        -7.388681411743164, 
                        200.67318725585938, 
                        -4.549990653991699
                    ]
                }, 
                {
                    "length": 42.72557830810547, 
                    "direction": [
                        -0.07901567220687866, 
                        0.9832523465156555, 
                        0.16422966122627258
                    ], 
                    "center": [
                        -8.04167652130127, 
                        178.428466796875, 
                        -37.891273498535156
                    ]
                }, 
                {
                    "length": 26.490482330322266, 
                    "direction": [
                        -0.06597370654344559, 
                        0.40054425597190857, 
                        -0.9138991236686707
                    ], 
                    "center": [
                        -5.4798431396484375, 
                        152.1181640625, 
                        -29.294862747192383
                    ]
                }, 
                {
                    "length": 17.86687469482422, 
                    "direction": [
                        -0.01931157335639, 
                        -0.16986507177352905, 
                        -0.9852780699729919
                    ], 
                    "center": [
                        -4.4334869384765625, 
                        148.330322265625, 
                        -8.388128280639648
                    ]
                }
            ]
        }, 
        {
            "type": 4, 
            "bone": [
                {
                    "length": 55.44927978515625, 
                    "direction": [
                        0.21087589859962463, 
                        -0.01650199666619301, 
                        0.9773735404014587
                    ], 
                    "center": [
                        -23.174890518188477, 
                        196.5833740234375, 
                        -0.8544292449951172
                    ]
                }, 
                {
                    "length": 33.812808990478516, 
                    "direction": [
                        -0.1558922976255417, 
                        0.9581069350242615, 
                        0.24026817083358765
                    ], 
                    "center": [
                        -26.385770797729492, 
                        180.84274291992188, 
                        -32.013832092285156
                    ]
                }, 
                {
                    "length": 18.703418731689453, 
                    "direction": [
                        -0.4478015601634979, 
                        0.38920584321022034, 
                        -0.8049798607826233
                    ], 
                    "center": [
                        -19.562482833862305, 
                        161.00485229492188, 
                        -28.547962188720703
                    ]
                }, 
                {
                    "length": 16.482969284057617, 
                    "direction": [
                        -0.3490086495876312, 
                        -0.1634618043899536, 
                        -0.9227530360221863
                    ], 
                    "center": [
                        -12.498422622680664, 
                        158.7122802734375, 
                        -13.415170669555664
                    ]
                }
            ]
        }
    ], 
    "hand": {
        "grab_strength": 1.0, 
        "wrist_position": [
            -3.382490873336792, 
            191.71701049804688, 
            35.210784912109375
        ], 
        "palm_width": 87.01065063476562, 
        "palm_velocity": [
            0.4899834990501404, 
            -2.029200553894043, 
            0.37380504608154297
        ], 
        "palm_normal": [
            -0.12439445406198502, 
            -0.9873681664466858, 
            -0.09813325107097626
        ], 
        "is_left": true, 
        "palm_position": [
            6.502072334289551, 
            191.39341735839844, 
            -16.159564971923828
        ], 
        "pinch_strength": 0.32786431908607483, 
        "is_right": false
    }
}