{
    "timestamp": 33139049845, 
    "id": 507017, 
    "fingers": [
        {
            "type": 0, 
            "bone": [
                {
                    "length": 0.0, 
                    "direction": [
                        0.0, 
                        0.0, 
                        0.0
                    ], 
                    "center": [
                        22.926881790161133, 
                        180.77920532226562, 
                        39.48933410644531
                    ]
                }, 
                {
                    "length": 47.73450469970703, 
                    "direction": [
                        -0.5443092584609985, 
                        0.17724642157554626, 
                        0.8199458718299866
                    ], 
                    "center": [
                        35.91804885864258, 
                        176.548828125, 
                        19.919479370117188
                    ]
                }, 
                {
                    "length": 32.604469299316406, 
                    "direction": [
                        -0.2783234417438507, 
                        0.2762266993522644, 
                        0.9199102520942688
                    ], 
                    "center": [
                        53.446510314941406, 
                        167.81532287597656, 
                        -14.646966934204102
                    ]
                }, 
                {
                    "length": 22.38006591796875, 
                    "direction": [
                        0.43901634216308594, 
                        0.4003804624080658, 
                        0.8043383955955505
                    ], 
                    "center": [
                        53.071197509765625, 
                        158.83193969726562, 
                        -38.644134521484375
                    ]
                }
            ]
        }, 
        {
            "type": 1, 
            "bone": [
                {
                    "length": 70.35211944580078, 
                    "direction": [
                        -0.20561851561069489, 
                        0.13673284649848938, 
                        0.9690330624580383
                    ], 
                    "center": [
                        24.837963104248047, 
                        195.59857177734375, 
                        -4.606873512268066
                    ]
                }, 
                {
                    "length": 41.08347702026367, 
                    "direction": [
                        0.08865156769752502, 
                        0.9959368705749512, 
                        0.015828631818294525
                    ], 
                    "center": [
                        30.249755859375, 
                        170.33056640625, 
                        -39.01878356933594
                    ]
                }, 
                {
                    "length": 23.11333465576172, 
                    "direction": [
                        0.3027913570404053, 
                        0.2346385270357132, 
                        -0.9237219095230103
                    ], 
                    "center": [
                        24.929439544677734, 
                        147.16065979003906, 
                        -28.668785095214844
                    ]
                }, 
                {
                    "length": 16.33837890625, 
                    "direction": [
                        0.24808557331562042, 
                        -0.31905239820480347, 
                        -0.9146907329559326
                    ], 
                    "center": [
                        19.403522491455078, 
                        147.055419921875, 
                        -10.521357536315918
                    ]
                }
            ]
        }, 
        {
            "type": 2, 
            "bone": [
                {
                    "length": 66.7167739868164, 
                    "direction": [
                        -0.0706859827041626, 
                        0.12320421636104584, 
                        0.9898607134819031
                    ], 
                    "center": [
                        8.981551170349121, 
                        198.9859619140625, 
                        -6.830967903137207
                    ]
                }, 
                {
                    "length": 46.0924072265625, 
                    "direction": [
                        -0.06328664720058441, 
                        0.9969232082366943, 
                        0.04624878242611885
                    ], 
                    "center": [
                        12.798038482666016, 
                        171.90077209472656, 
                        -40.91698455810547
                    ]
                }, 
                {
                    "length": 27.192768096923828, 
                    "direction": [
                        0.08776473253965378, 
                        0.2982208728790283, 
                        -0.9504532814025879
                    ], 
                    "center": [
                        13.063272476196289, 
                        144.87075805664062, 
                        -29.06011199951172
                    ]
                }, 
                {
                    "length": 17.970151901245117, 
                    "direction": [
                        0.12143190950155258, 
                        -0.2696307897567749, 
                        -0.955276608467102
                    ], 
                    "center": [
                        10.778914451599121, 
                        143.23867797851562, 
                        -7.5541510581970215
                    ]
                }
            ]
        }, 
        {
            "type": 3, 
            "bone": [
                {
                    "length": 59.900508880615234, 
                    "direction": [
                        0.07963068783283234, 
                        0.10886505246162415, 
                        0.9908618927001953
                    ], 
                    "center": [
                        -7.393314361572266, 
                        199.980224609375, 
                        -5.128598213195801
                    ]
                }, 
                {
                    "length": 42.72559356689453, 
                    "direction": [
                        -0.10786577314138412, 
                        0.9885754585266113, 
                        0.10527829080820084
                    ], 
                    "center": [
                        -7.473958969116211, 
                        175.6009521484375, 
                        -37.054203033447266
                    ]
                }, 
                {
                    "length": 26.490480422973633, 
                    "direction": [
                        -0.08178151398897171, 
                        0.3428695499897003, 
                        -0.9358163475990295
                    ], 
                    "center": [
                        -4.086428642272949, 
                        149.94082641601562, 
                        -26.908130645751953
                    ]
                }, 
                {
                    "length": 17.866872787475586, 
                    "direction": [
                        -0.01808878220617771, 
                        -0.23079648613929749, 
                        -0.9728339314460754
                    ], 
                    "center": [
                        -2.8416175842285156, 
                        147.46124267578125, 
                        -5.822267532348633
                    ]
                }
            ]
        }, 
        {
            "type": 4, 
            "bone": [
                {
                    "length": 55.44927978515625, 
                    "direction": [
                        0.21398469805717468, 
                        0.05388500168919563, 
                        0.9753496646881104
                    ], 
                    "center": [
                        -23.03807830810547, 
                        195.66867065429688, 
                        -1.098689079284668
                    ]
                }, 
                {
                    "length": 33.812808990478516, 
                    "direction": [
                        -0.17436766624450684, 
                        0.9650114178657532, 
                        0.19582855701446533
                    ], 
                    "center": [
                        -26.022796630859375, 
                        177.85986328125, 
                        -31.450664520263672
                    ]
                }, 
                {
                    "length": 18.703418731689453, 
                    "direction": [
                        -0.46708887815475464, 
                        0.33923715353012085, 
                        -0.8165451288223267
                    ], 
                    "center": [
                        -18.706785202026367, 
                        158.37252807617188, 
                        -27.125328063964844
                    ]
                }, 
                {
                    "length": 16.482967376708984, 
                    "direction": [
                        -0.35504284501075745, 
                        -0.22304370999336243, 
                        -0.9078525304794312
                    ], 
                    "center": [
                        -11.412626266479492, 
                        157.03829956054688, 
                        -12.007183074951172
                    ]
                }
            ]
        }
    ], 
    "hand": {
        "grab_strength": 1.0, 
        "wrist_position": [
            -3.007538318634033, 
            193.7716064453125, 
            35.11316680908203
        ], 
        "palm_width": 87.01065063476562, 
        "palm_velocity": [
            1.69358491897583, 
            -11.893601417541504, 
            -1.8163822889328003
        ], 
        "palm_normal": [
            -0.09469518810510635, 
            -0.9949663877487183, 
            -0.032782234251499176
        ], 
        "is_left": true, 
        "palm_position": [
            6.7400031089782715, 
            190.38168334960938, 
            -16.172460556030273
        ], 
        "pinch_strength": 0.31397178769111633, 
        "is_right": false
    }
}