{
    "timestamp": 33139015967, 
    "id": 507014, 
    "fingers": [
        {
            "type": 0, 
            "bone": [
                {
                    "length": 0.0, 
                    "direction": [
                        0.0, 
                        0.0, 
                        0.0
                    ], 
                    "center": [
                        22.712974548339844, 
                        179.857421875, 
                        39.353233337402344
                    ]
                }, 
                {
                    "length": 47.73450469970703, 
                    "direction": [
                        -0.546324610710144, 
                        0.16377149522304535, 
                        0.8214064240455627
                    ], 
                    "center": [
                        35.75224304199219, 
                        175.94863891601562, 
                        19.748519897460938
                    ]
                }, 
                {
                    "length": 32.60446548461914, 
                    "direction": [
                        -0.2745501399040222, 
                        0.25949352979660034, 
                        0.9258970618247986
                    ], 
                    "center": [
                        53.26728820800781, 
                        167.80953979492188, 
                        -14.950383186340332
                    ]
                }, 
                {
                    "length": 22.380069732666016, 
                    "direction": [
                        0.463412880897522, 
                        0.37840044498443604, 
                        0.8012875318527222
                    ], 
                    "center": [
                        52.557464599609375, 
                        159.34490966796875, 
                        -39.011009216308594
                    ]
                }
            ]
        }, 
        {
            "type": 1, 
            "bone": [
                {
                    "length": 70.35211181640625, 
                    "direction": [
                        -0.2052237093448639, 
                        0.11755594611167908, 
                        0.9716294407844543
                    ], 
                    "center": [
                        24.82998275756836, 
                        195.62237548828125, 
                        -4.404345512390137
                    ]
                }, 
                {
                    "length": 41.08348846435547, 
                    "direction": [
                        0.09929357469081879, 
                        0.9943458437919617, 
                        0.03764576464891434
                    ], 
                    "center": [
                        30.009279251098633, 
                        171.06163024902344, 
                        -39.355751037597656
                    ]
                }, 
                {
                    "length": 23.11333465576172, 
                    "direction": [
                        0.30607670545578003, 
                        0.2514887750148773, 
                        -0.9181885719299316
                    ], 
                    "center": [
                        24.432388305664062, 
                        147.7296600341797, 
                        -29.517858505249023
                    ]
                }, 
                {
                    "length": 16.338380813598633, 
                    "direction": [
                        0.24544885754585266, 
                        -0.3015889525413513, 
                        -0.921302855014801
                    ], 
                    "center": [
                        18.890045166015625, 
                        147.28701782226562, 
                        -11.380359649658203
                    ]
                }
            ]
        }, 
        {
            "type": 2, 
            "bone": [
                {
                    "length": 66.7167739868164, 
                    "direction": [
                        -0.07046549767255783, 
                        0.10213751345872879, 
                        0.9922713041305542
                    ], 
                    "center": [
                        9.012900352478027, 
                        199.2264404296875, 
                        -6.567102432250977
                    ]
                }, 
                {
                    "length": 46.092411041259766, 
                    "direction": [
                        -0.052664048969745636, 
                        0.9963384866714478, 
                        0.06735008955001831
                    ], 
                    "center": [
                        12.57722282409668, 
                        172.85748291015625, 
                        -41.21984100341797
                    ]
                }, 
                {
                    "length": 27.192766189575195, 
                    "direction": [
                        0.0920601561665535, 
                        0.3172747790813446, 
                        -0.9438546895980835
                    ], 
                    "center": [
                        12.539243698120117, 
                        145.58187866210938, 
                        -29.938993453979492
                    ]
                }, 
                {
                    "length": 17.970155715942383, 
                    "direction": [
                        0.11964226514101028, 
                        -0.25045764446258545, 
                        -0.9607062935829163
                    ], 
                    "center": [
                        10.212563514709473, 
                        143.51846313476562, 
                        -8.473962783813477
                    ]
                }
            ]
        }, 
        {
            "type": 3, 
            "bone": [
                {
                    "length": 59.90050506591797, 
                    "direction": [
                        0.07968922704458237, 
                        0.08618061244487762, 
                        0.9930873513221741
                    ], 
                    "center": [
                        -7.352349758148193, 
                        200.35719299316406, 
                        -4.857489585876465
                    ]
                }, 
                {
                    "length": 42.72557830810547, 
                    "direction": [
                        -0.09763108938932419, 
                        0.9872697591781616, 
                        0.12556518614292145
                    ], 
                    "center": [
                        -7.653389930725098, 
                        176.6852264404297, 
                        -37.28313064575195
                    ]
                }, 
                {
                    "length": 26.490488052368164, 
                    "direction": [
                        -0.07664325833320618, 
                        0.3630407452583313, 
                        -0.9286156892776489
                    ], 
                    "center": [
                        -4.552558898925781, 
                        150.78582763671875, 
                        -27.66581153869629
                    ]
                }, 
                {
                    "length": 17.86687660217285, 
                    "direction": [
                        -0.018984772264957428, 
                        -0.20989669859409332, 
                        -0.9775391817092896
                    ], 
                    "center": [
                        -3.3678009510040283, 
                        147.85235595703125, 
                        -6.63328218460083
                    ]
                }
            ]
        }, 
        {
            "type": 4, 
            "bone": [
                {
                    "length": 55.44927978515625, 
                    "direction": [
                        0.2134687900543213, 
                        0.030128587037324905, 
                        0.9764851927757263
                    ], 
                    "center": [
                        -23.04645538330078, 
                        196.124755859375, 
                        -0.9370803833007812
                    ]
                }, 
                {
                    "length": 33.81281280517578, 
                    "direction": [
                        -0.16675542294979095, 
                        0.9628239870071411, 
                        0.2125154584646225
                    ], 
                    "center": [
                        -26.145566940307617, 
                        179.01156616210938, 
                        -31.60265350341797
                    ]
                }, 
                {
                    "length": 18.703413009643555, 
                    "direction": [
                        -0.46122118830680847, 
                        0.35813185572624207, 
                        -0.8117984533309937
                    ], 
                    "center": [
                        -19.013126373291016, 
                        159.384521484375, 
                        -27.603824615478516
                    ]
                }, 
                {
                    "length": 16.482967376708984, 
                    "direction": [
                        -0.3543279469013214, 
                        -0.20159360766410828, 
                        -0.913132905960083
                    ], 
                    "center": [
                        -11.779733657836914, 
                        157.69680786132812, 
                        -12.486555099487305
                    ]
                }
            ]
        }
    ], 
    "hand": {
        "grab_strength": 1.0, 
        "wrist_position": [
            -3.077155113220215, 
            193.21823120117188, 
            35.24163055419922
        ], 
        "palm_width": 87.01065063476562, 
        "palm_velocity": [
            2.4730498790740967, 
            -6.654061794281006, 
            0.728175163269043
        ], 
        "palm_normal": [
            -0.10522045195102692, 
            -0.9929400086402893, 
            -0.05476175248622894
        ], 
        "is_left": true, 
        "palm_position": [
            6.690406322479248, 
            190.85415649414062, 
            -16.09770965576172
        ], 
        "pinch_strength": 0.323648601770401, 
        "is_right": false
    }
}