{
    "timestamp": 33138992450, 
    "id": 507012, 
    "fingers": [
        {
            "type": 0, 
            "bone": [
                {
                    "length": 0.0, 
                    "direction": [
                        0.0, 
                        0.0, 
                        0.0
                    ], 
                    "center": [
                        22.557682037353516, 
                        179.31251525878906, 
                        39.21576690673828
                    ]
                }, 
                {
                    "length": 47.73450469970703, 
                    "direction": [
                        -0.5476070046424866, 
                        0.15595325827598572, 
                        0.822073757648468
                    ], 
                    "center": [
                        35.62755584716797, 
                        175.59033203125, 
                        19.595125198364258
                    ]
                }, 
                {
                    "length": 32.60446548461914, 
                    "direction": [
                        -0.27369067072868347, 
                        0.2497989535331726, 
                        0.9288132190704346
                    ], 
                    "center": [
                        53.15919876098633, 
                        167.79588317871094, 
                        -15.167245864868164
                    ]
                }, 
                {
                    "length": 22.380069732666016, 
                    "direction": [
                        0.47408172488212585, 
                        0.366723895072937, 
                        0.8004749417304993
                    ], 
                    "center": [
                        52.31597900390625, 
                        159.6199493408203, 
                        -39.266319274902344
                    ]
                }
            ]
        }, 
        {
            "type": 1, 
            "bone": [
                {
                    "length": 70.35211181640625, 
                    "direction": [
                        -0.20515766739845276, 
                        0.10759779810905457, 
                        0.9727965593338013
                    ], 
                    "center": [
                        24.781604766845703, 
                        195.56150817871094, 
                        -4.359067916870117
                    ]
                }, 
                {
                    "length": 41.083499908447266, 
                    "direction": [
                        0.10463126003742218, 
                        0.993332028388977, 
                        0.048412907868623734
                    ], 
                    "center": [
                        29.84893226623535, 
                        171.37185668945312, 
                        -39.57270050048828
                    ]
                }, 
                {
                    "length": 23.113330841064453, 
                    "direction": [
                        0.30784881114959717, 
                        0.2596736252307892, 
                        -0.9153134226799011
                    ], 
                    "center": [
                        24.141918182373047, 
                        147.96612548828125, 
                        -29.989212036132812
                    ]
                }, 
                {
                    "length": 16.338376998901367, 
                    "direction": [
                        0.24426935613155365, 
                        -0.2928315997123718, 
                        -0.9244361519813538
                    ], 
                    "center": [
                        18.588729858398438, 
                        147.35736083984375, 
                        -11.85934829711914
                    ]
                }
            ]
        }, 
        {
            "type": 2, 
            "bone": [
                {
                    "length": 66.7167739868164, 
                    "direction": [
                        -0.07049339264631271, 
                        0.09124291688203812, 
                        0.9933304786682129
                    ], 
                    "center": [
                        8.98475456237793, 
                        199.27236938476562, 
                        -6.488812446594238
                    ]
                }, 
                {
                    "length": 46.092411041259766, 
                    "direction": [
                        -0.04748457670211792, 
                        0.9957969188690186, 
                        0.07831836491823196
                    ], 
                    "center": [
                        12.43064022064209, 
                        173.27931213378906, 
                        -41.429656982421875
                    ]
                }, 
                {
                    "length": 27.19276237487793, 
                    "direction": [
                        0.09433384984731674, 
                        0.32710981369018555, 
                        -0.9402660131454468
                    ], 
                    "center": [
                        12.242380142211914, 
                        145.88246154785156, 
                        -30.450380325317383
                    ]
                }, 
                {
                    "length": 17.970149993896484, 
                    "direction": [
                        0.11894491314888, 
                        -0.2404729425907135, 
                        -0.9633404612541199
                    ], 
                    "center": [
                        9.89105224609375, 
                        143.59561157226562, 
                        -9.010478019714355
                    ]
                }
            ]
        }, 
        {
            "type": 3, 
            "bone": [
                {
                    "length": 59.900508880615234, 
                    "direction": [
                        0.07957559823989868, 
                        0.07449435442686081, 
                        0.994041383266449
                    ], 
                    "center": [
                        -7.37534236907959, 
                        200.4690704345703, 
                        -4.774772644042969
                    ]
                }, 
                {
                    "length": 42.7255859375, 
                    "direction": [
                        -0.09265194833278656, 
                        0.9864035248756409, 
                        0.1357339471578598
                    ], 
                    "center": [
                        -7.7793474197387695, 
                        177.16561889648438, 
                        -37.44622039794922
                    ]
                }, 
                {
                    "length": 26.490482330322266, 
                    "direction": [
                        -0.07393922656774521, 
                        0.37302365899086, 
                        -0.9248709678649902
                    ], 
                    "center": [
                        -4.820700168609619, 
                        151.15249633789062, 
                        -28.095739364624023
                    ]
                }, 
                {
                    "length": 17.86687469482422, 
                    "direction": [
                        -0.019224436953663826, 
                        -0.1993512064218521, 
                        -0.9797395467758179
                    ], 
                    "center": [
                        -3.669616937637329, 
                        147.99258422851562, 
                        -7.093157768249512
                    ]
                }
            ]
        }, 
        {
            "type": 4, 
            "bone": [
                {
                    "length": 55.44928741455078, 
                    "direction": [
                        0.21307046711444855, 
                        0.01793680712580681, 
                        0.9768721461296082
                    ], 
                    "center": [
                        -23.093517303466797, 
                        196.2744140625, 
                        -0.9105806350708008
                    ]
                }, 
                {
                    "length": 33.81280517578125, 
                    "direction": [
                        -0.16403889656066895, 
                        0.9617605209350586, 
                        0.21933512389659882
                    ], 
                    "center": [
                        -26.22751235961914, 
                        179.5172119140625, 
                        -31.702178955078125
                    ]
                }, 
                {
                    "length": 18.703413009643555, 
                    "direction": [
                        -0.4577512741088867, 
                        0.36593446135520935, 
                        -0.8102813959121704
                    ], 
                    "center": [
                        -19.17344856262207, 
                        159.83517456054688, 
                        -27.83283233642578
                    ]
                }, 
                {
                    "length": 16.482967376708984, 
                    "direction": [
                        -0.3530033528804779, 
                        -0.19182899594306946, 
                        -0.9157457947731018
                    ], 
                    "center": [
                        -11.98342227935791, 
                        157.9940185546875, 
                        -12.708215713500977
                    ]
                }
            ]
        }
    ], 
    "hand": {
        "grab_strength": 1.0, 
        "wrist_position": [
            -3.16011118888855, 
            192.85353088378906, 
            35.24293899536133
        ], 
        "palm_width": 87.01065063476562, 
        "palm_velocity": [
            2.0270373821258545, 
            -6.090943813323975, 
            0.7603340744972229
        ], 
        "palm_normal": [
            -0.11036475002765656, 
            -0.9916922450065613, 
            -0.06607620418071747
        ], 
        "is_left": true, 
        "palm_position": [
            6.624035358428955, 
            191.0209503173828, 
            -16.114961624145508
        ], 
        "pinch_strength": 0.3264652192592621, 
        "is_right": false
    }
}