{
    "timestamp": 33129342345, 
    "id": 506201, 
    "fingers": [
        {
            "type": 0, 
            "bone": [
                {
                    "length": 0.0, 
                    "direction": [
                        0.0, 
                        0.0, 
                        0.0
                    ], 
                    "center": [
                        3.660313606262207, 
                        209.9788055419922, 
                        54.715572357177734
                    ]
                }, 
                {
                    "length": 47.7345085144043, 
                    "direction": [
                        -0.5571062564849854, 
                        -0.05580168217420578, 
                        0.8285642862319946
                    ], 
                    "center": [
                        16.956911087036133, 
                        211.31063842773438, 
                        34.94001770019531
                    ]
                }, 
                {
                    "length": 32.60446548461914, 
                    "direction": [
                        -0.25276705622673035, 
                        0.057203259319067, 
                        0.9658346772193909
                    ], 
                    "center": [
                        34.374176025390625, 
                        211.70993041992188, 
                        -0.5807971954345703
                    ]
                }, 
                {
                    "length": 22.380069732666016, 
                    "direction": [
                        0.39426112174987793, 
                        0.2454073429107666, 
                        0.8856260180473328
                    ], 
                    "center": [
                        34.083045959472656, 
                        208.03128051757812, 
                        -26.236244201660156
                    ]
                }
            ]
        }, 
        {
            "type": 1, 
            "bone": [
                {
                    "length": 70.35211181640625, 
                    "direction": [
                        -0.19982832670211792, 
                        -0.08803330361843109, 
                        0.9758681654930115
                    ], 
                    "center": [
                        3.7078118324279785, 
                        233.8959503173828, 
                        14.769243240356445
                    ]
                }, 
                {
                    "length": 41.08348846435547, 
                    "direction": [
                        0.013539261184632778, 
                        0.9747576713562012, 
                        0.22285419702529907
                    ], 
                    "center": [
                        10.458864212036133, 
                        216.96939086914062, 
                        -24.135766983032227
                    ]
                }, 
                {
                    "length": 23.11333465576172, 
                    "direction": [
                        0.2649310231208801, 
                        0.44910019636154175, 
                        -0.8532997369766235
                    ], 
                    "center": [
                        7.119024276733398, 
                        191.75607299804688, 
                        -18.852279663085938
                    ]
                }, 
                {
                    "length": 16.33837890625, 
                    "direction": [
                        0.2535479664802551, 
                        -0.09258539229631424, 
                        -0.9628818035125732
                    ], 
                    "center": [
                        1.9860235452651978, 
                        187.3223114013672, 
                        -1.125014305114746
                    ]
                }
            ]
        }, 
        {
            "type": 2, 
            "bone": [
                {
                    "length": 66.7167739868164, 
                    "direction": [
                        -0.06393458694219589, 
                        -0.09498254954814911, 
                        0.9934237003326416
                    ], 
                    "center": [
                        -12.396614074707031, 
                        236.41653442382812, 
                        13.306025505065918
                    ]
                }, 
                {
                    "length": 46.092411041259766, 
                    "direction": [
                        -0.13805845379829407, 
                        0.9588516354560852, 
                        0.248079314827919
                    ], 
                    "center": [
                        -7.082135200500488, 
                        217.48709106445312, 
                        -25.550273895263672
                    ]
                }, 
                {
                    "length": 27.192764282226562, 
                    "direction": [
                        0.047356534749269485, 
                        0.49540573358535767, 
                        -0.8673699498176575
                    ], 
                    "center": [
                        -4.5442891120910645, 
                        188.65347290039062, 
                        -19.474468231201172
                    ]
                }, 
                {
                    "length": 17.970151901245117, 
                    "direction": [
                        0.1237056627869606, 
                        -0.049037445336580276, 
                        -0.9911066293716431
                    ], 
                    "center": [
                        -6.299671173095703, 
                        182.35836791992188, 
                        1.2237915992736816
                    ]
                }
            ]
        }, 
        {
            "type": 3, 
            "bone": [
                {
                    "length": 59.9005126953125, 
                    "direction": [
                        0.08703676611185074, 
                        -0.09731458127498627, 
                        0.9914405941963196
                    ], 
                    "center": [
                        -28.76964569091797, 
                        235.734130859375, 
                        15.171754837036133
                    ]
                }, 
                {
                    "length": 42.72559356689453, 
                    "direction": [
                        -0.1812688261270523, 
                        0.9370034337043762, 
                        0.2986071705818176
                    ], 
                    "center": [
                        -27.504009246826172, 
                        218.6317138671875, 
                        -20.901229858398438
                    ]
                }, 
                {
                    "length": 26.4904842376709, 
                    "direction": [
                        -0.13108639419078827, 
                        0.515884518623352, 
                        -0.846569299697876
                    ], 
                    "center": [
                        -21.89533042907715, 
                        191.78167724609375, 
                        -16.067298889160156
                    ]
                }, 
                {
                    "length": 17.86687660217285, 
                    "direction": [
                        -0.025941060855984688, 
                        -0.02451910637319088, 
                        -0.9993627071380615
                    ], 
                    "center": [
                        -19.927316665649414, 
                        185.16770935058594, 
                        4.073460578918457
                    ]
                }
            ]
        }, 
        {
            "type": 4, 
            "bone": [
                {
                    "length": 55.44927978515625, 
                    "direction": [
                        0.22496287524700165, 
                        -0.13700203597545624, 
                        0.9646875858306885
                    ], 
                    "center": [
                        -43.96781921386719, 
                        229.44805908203125, 
                        18.186538696289062
                    ]
                }, 
                {
                    "length": 33.81281280517578, 
                    "direction": [
                        -0.25794199109077454, 
                        0.8905278444290161, 
                        0.3747347295284271
                    ], 
                    "center": [
                        -45.843963623046875, 
                        218.19076538085938, 
                        -14.894497871398926
                    ]
                }, 
                {
                    "length": 18.703414916992188, 
                    "direction": [
                        -0.4963940382003784, 
                        0.453496515750885, 
                        -0.740225613117218
                    ], 
                    "center": [
                        -36.84095764160156, 
                        198.8941650390625, 
                        -14.30754280090332
                    ]
                }, 
                {
                    "length": 16.482967376708984, 
                    "direction": [
                        -0.3414973318576813, 
                        -0.05785446614027023, 
                        -0.9381004571914673
                    ], 
                    "center": [
                        -29.384380340576172, 
                        195.1300048828125, 
                        0.34617042541503906
                    ]
                }
            ]
        }
    ], 
    "hand": {
        "grab_strength": 1.0, 
        "wrist_position": [
            -23.266613006591797, 
            221.51727294921875, 
            53.182003021240234
        ], 
        "palm_width": 87.01065063476562, 
        "palm_velocity": [
            29.759824752807617, 
            -11.493070602416992, 
            3.421907663345337
        ], 
        "palm_normal": [
            -0.01817365363240242, 
            -0.9698019027709961, 
            -0.24321600794792175
        ], 
        "is_left": true, 
        "palm_position": [
            -14.118734359741211, 
            229.83419799804688, 
            2.350252151489258
        ], 
        "pinch_strength": 0.3024625778198242, 
        "is_right": false
    }
}