{
    "timestamp": 33139038378, 
    "id": 507016, 
    "fingers": [
        {
            "type": 0, 
            "bone": [
                {
                    "length": 0.0, 
                    "direction": [
                        0.0, 
                        0.0, 
                        0.0
                    ], 
                    "center": [
                        22.868959426879883, 
                        180.49012756347656, 
                        39.46688461303711
                    ]
                }, 
                {
                    "length": 47.73450469970703, 
                    "direction": [
                        -0.545006275177002, 
                        0.1728501319885254, 
                        0.8204212784767151
                    ], 
                    "center": [
                        35.87676239013672, 
                        176.3646697998047, 
                        19.885683059692383
                    ]
                }, 
                {
                    "length": 32.60446548461914, 
                    "direction": [
                        -0.27685901522636414, 
                        0.2709149718284607, 
                        0.9219295382499695
                    ], 
                    "center": [
                        53.39798355102539, 
                        167.82269287109375, 
                        -14.725030899047852
                    ]
                }, 
                {
                    "length": 22.38007164001465, 
                    "direction": [
                        0.44752204418182373, 
                        0.3933646082878113, 
                        0.8031116724014282
                    ], 
                    "center": [
                        52.90361785888672, 
                        159.00440979003906, 
                        -38.741390228271484
                    ]
                }
            ]
        }, 
        {
            "type": 1, 
            "bone": [
                {
                    "length": 70.35211944580078, 
                    "direction": [
                        -0.2053617388010025, 
                        0.13050545752048492, 
                        0.9699457883834839
                    ], 
                    "center": [
                        24.8397216796875, 
                        195.61746215820312, 
                        -4.521995544433594
                    ]
                }, 
                {
                    "length": 41.083492279052734, 
                    "direction": [
                        0.09204027056694031, 
                        0.9954911470413208, 
                        0.022933870553970337
                    ], 
                    "center": [
                        30.172870635986328, 
                        170.57766723632812, 
                        -39.111968994140625
                    ]
                }, 
                {
                    "length": 23.11333465576172, 
                    "direction": [
                        0.30372220277786255, 
                        0.2401885986328125, 
                        -0.9219881296157837
                    ], 
                    "center": [
                        24.772186279296875, 
                        147.35275268554688, 
                        -28.927959442138672
                    ]
                }, 
                {
                    "length": 16.338380813598633, 
                    "direction": [
                        0.2471340000629425, 
                        -0.3133498430252075, 
                        -0.9169169068336487
                    ], 
                    "center": [
                        19.243284225463867, 
                        147.1367950439453, 
                        -10.782380104064941
                    ]
                }
            ]
        }, 
        {
            "type": 2, 
            "bone": [
                {
                    "length": 66.7167739868164, 
                    "direction": [
                        -0.07048027962446213, 
                        0.1163715049624443, 
                        0.9907019138336182
                    ], 
                    "center": [
                        8.995357513427734, 
                        199.07440185546875, 
                        -6.724855422973633
                    ]
                }, 
                {
                    "length": 46.0923957824707, 
                    "direction": [
                        -0.05988624691963196, 
                        0.9967947006225586, 
                        0.05304710939526558
                    ], 
                    "center": [
                        12.726615905761719, 
                        172.2200927734375, 
                        -40.99560546875
                    ]
                }, 
                {
                    "length": 27.192764282226562, 
                    "direction": [
                        0.08902057260274887, 
                        0.30437713861465454, 
                        -0.9483827948570251
                    ], 
                    "center": [
                        12.896409034729004, 
                        145.10934448242188, 
                        -29.323566436767578
                    ]
                }, 
                {
                    "length": 17.970151901245117, 
                    "direction": [
                        0.1207415759563446, 
                        -0.2634509205818176, 
                        -0.9570866823196411
                    ], 
                    "center": [
                        10.601179122924805, 
                        143.33804321289062, 
                        -7.829493999481201
                    ]
                }
            ]
        }, 
        {
            "type": 3, 
            "bone": [
                {
                    "length": 59.900508880615234, 
                    "direction": [
                        0.07978670299053192, 
                        0.10151568055152893, 
                        0.9916292428970337
                    ], 
                    "center": [
                        -7.376407623291016, 
                        200.1119842529297, 
                        -5.018545150756836
                    ]
                }, 
                {
                    "length": 42.7255859375, 
                    "direction": [
                        -0.10459708422422409, 
                        0.9882134795188904, 
                        0.11177512258291245
                    ], 
                    "center": [
                        -7.531554222106934, 
                        175.9605712890625, 
                        -37.10592269897461
                    ]
                }, 
                {
                    "length": 26.490480422973633, 
                    "direction": [
                        -0.08024423569440842, 
                        0.3493715524673462, 
                        -0.9335418939590454
                    ], 
                    "center": [
                        -4.234213829040527, 
                        150.2220458984375, 
                        -27.128765106201172
                    ]
                }, 
                {
                    "length": 17.86687660217285, 
                    "direction": [
                        -0.018484419211745262, 
                        -0.22404278814792633, 
                        -0.974403977394104
                    ], 
                    "center": [
                        -3.006230354309082, 
                        147.59600830078125, 
                        -6.05900239944458
                    ]
                }
            ]
        }, 
        {
            "type": 4, 
            "bone": [
                {
                    "length": 55.44927978515625, 
                    "direction": [
                        0.21395690739154816, 
                        0.04619221389293671, 
                        0.9757503271102905
                    ], 
                    "center": [
                        -23.03656005859375, 
                        195.82485961914062, 
                        -1.0225086212158203
                    ]
                }, 
                {
                    "length": 33.81281280517578, 
                    "direction": [
                        -0.1721166968345642, 
                        0.9643682241439819, 
                        0.20092254877090454
                    ], 
                    "center": [
                        -26.058563232421875, 
                        178.2401885986328, 
                        -31.47171401977539
                    ]
                }, 
                {
                    "length": 18.70341682434082, 
                    "direction": [
                        -0.4652373194694519, 
                        0.34506955742836, 
                        -0.8151572346687317
                    ], 
                    "center": [
                        -18.797924041748047, 
                        158.70919799804688, 
                        -27.245479583740234
                    ]
                }, 
                {
                    "length": 16.482969284057617, 
                    "direction": [
                        -0.3548048138618469, 
                        -0.21625900268554688, 
                        -0.9095854163169861
                    ], 
                    "center": [
                        -11.523040771484375, 
                        157.26449584960938, 
                        -12.126031875610352
                    ]
                }
            ]
        }
    ], 
    "hand": {
        "grab_strength": 1.0, 
        "wrist_position": [
            -3.0203325748443604, 
            193.601318359375, 
            35.178688049316406
        ], 
        "palm_width": 87.01065063476562, 
        "palm_velocity": [
            1.9614710807800293, 
            -10.72014045715332, 
            -0.7744999527931213
        ], 
        "palm_normal": [
            -0.09806009382009506, 
            -0.9943801164627075, 
            -0.03990544378757477
        ], 
        "is_left": true, 
        "palm_position": [
            6.7266621589660645, 
            190.54469299316406, 
            -16.127988815307617
        ], 
        "pinch_strength": 0.31741803884506226, 
        "is_right": false
    }
}