{
    "timestamp": 33139085121, 
    "id": 507020, 
    "fingers": [
        {
            "type": 0, 
            "bone": [
                {
                    "length": 0.0, 
                    "direction": [
                        0.0, 
                        0.0, 
                        0.0
                    ], 
                    "center": [
                        23.12787628173828, 
                        181.4542236328125, 
                        39.52224349975586
                    ]
                }, 
                {
                    "length": 47.73451232910156, 
                    "direction": [
                        -0.5412740111351013, 
                        0.18436072766780853, 
                        0.8203861713409424
                    ], 
                    "center": [
                        36.046600341796875, 
                        177.05404663085938, 
                        19.941877365112305
                    ]
                }, 
                {
                    "length": 32.60446548461914, 
                    "direction": [
                        -0.2839365303516388, 
                        0.2861674726009369, 
                        0.9151438474655151
                    ], 
                    "center": [
                        53.5941276550293, 
                        167.98867797851562, 
                        -14.557376861572266
                    ]
                }, 
                {
                    "length": 22.38007164001465, 
                    "direction": [
                        0.39404401183128357, 
                        0.41889265179634094, 
                        0.8180820941925049
                    ], 
                    "center": [
                        53.813560485839844, 
                        158.63609313964844, 
                        -38.63063049316406
                    ]
                }
            ]
        }, 
        {
            "type": 1, 
            "bone": [
                {
                    "length": 70.35210418701172, 
                    "direction": [
                        -0.2046978771686554, 
                        0.1555039882659912, 
                        0.9663940072059631
                    ], 
                    "center": [
                        24.74161148071289, 
                        195.3226318359375, 
                        -4.894021987915039
                    ]
                }, 
                {
                    "length": 41.08348846435547, 
                    "direction": [
                        0.07636750489473343, 
                        0.9970626831054688, 
                        -0.005822768900543451
                    ], 
                    "center": [
                        30.37335205078125, 
                        169.3712158203125, 
                        -38.768341064453125
                    ]
                }, 
                {
                    "length": 23.113332748413086, 
                    "direction": [
                        0.29783836007118225, 
                        0.21834878623485565, 
                        -0.9293094277381897
                    ], 
                    "center": [
                        25.362611770629883, 
                        146.36642456054688, 
                        -27.909011840820312
                    ]
                }, 
                {
                    "length": 16.338380813598633, 
                    "direction": [
                        0.2499629706144333, 
                        -0.3358321785926819, 
                        -0.9081494808197021
                    ], 
                    "center": [
                        19.878597259521484, 
                        146.58651733398438, 
                        -9.750447273254395
                    ]
                }
            ]
        }, 
        {
            "type": 2, 
            "bone": [
                {
                    "length": 66.7167739868164, 
                    "direction": [
                        -0.06955596059560776, 
                        0.14407147467136383, 
                        0.987119734287262
                    ], 
                    "center": [
                        8.839315414428711, 
                        198.46807861328125, 
                        -7.145668983459473
                    ]
                }, 
                {
                    "length": 46.09241485595703, 
                    "direction": [
                        -0.07549406588077545, 
                        0.9967783689498901, 
                        0.02708127535879612
                    ], 
                    "center": [
                        12.899441719055176, 
                        170.69012451171875, 
                        -40.698509216308594
                    ]
                }, 
                {
                    "length": 27.192766189575195, 
                    "direction": [
                        0.0810571238398552, 
                        0.2806546092033386, 
                        -0.9563800096511841
                    ], 
                    "center": [
                        13.537210464477539, 
                        143.90228271484375, 
                        -28.31932258605957
                    ]
                }, 
                {
                    "length": 17.970151901245117, 
                    "direction": [
                        0.1217770203948021, 
                        -0.2875879406929016, 
                        -0.9499807357788086
                    ], 
                    "center": [
                        11.340950012207031, 
                        142.67039489746094, 
                        -6.780364990234375
                    ]
                }
            ]
        }, 
        {
            "type": 3, 
            "bone": [
                {
                    "length": 59.90050506591797, 
                    "direction": [
                        0.08092620223760605, 
                        0.13157831132411957, 
                        0.9879969954490662
                    ], 
                    "center": [
                        -7.541865348815918, 
                        199.30120849609375, 
                        -5.417773246765137
                    ]
                }, 
                {
                    "length": 42.7255859375, 
                    "direction": [
                        -0.11928755044937134, 
                        0.9890641570091248, 
                        0.0867323949933052
                    ], 
                    "center": [
                        -7.41731071472168, 
                        174.23123168945312, 
                        -36.86138153076172
                    ]
                }, 
                {
                    "length": 26.49048614501953, 
                    "direction": [
                        -0.08931872993707657, 
                        0.3235783278942108, 
                        -0.9419763088226318
                    ], 
                    "center": [
                        -3.6859469413757324, 
                        148.81617736816406, 
                        -26.23752212524414
                    ]
                }, 
                {
                    "length": 17.86687660217285, 
                    "direction": [
                        -0.01875242404639721, 
                        -0.25096940994262695, 
                        -0.9678133130073547
                    ], 
                    "center": [
                        -2.3353750705718994, 
                        146.77232360839844, 
                        -5.11491584777832
                    ]
                }
            ]
        }, 
        {
            "type": 4, 
            "bone": [
                {
                    "length": 55.44927978515625, 
                    "direction": [
                        0.21589767932891846, 
                        0.07790118455886841, 
                        0.9733034372329712
                    ], 
                    "center": [
                        -23.122270584106445, 
                        194.89019775390625, 
                        -1.2485713958740234
                    ]
                }, 
                {
                    "length": 33.81281280517578, 
                    "direction": [
                        -0.1828402876853943, 
                        0.9665316343307495, 
                        0.17996099591255188
                    ], 
                    "center": [
                        -26.01678466796875, 
                        176.3898468017578, 
                        -31.27555274963379
                    ]
                }, 
                {
                    "length": 18.70341682434082, 
                    "direction": [
                        -0.4748482406139374, 
                        0.32006195187568665, 
                        -0.8198046088218689
                    ], 
                    "center": [
                        -18.484970092773438, 
                        157.05615234375, 
                        -26.651473999023438
                    ]
                }, 
                {
                    "length": 16.482969284057617, 
                    "direction": [
                        -0.3570186495780945, 
                        -0.24452617764472961, 
                        -0.9015235304832458
                    ], 
                    "center": [
                        -11.10196304321289, 
                        156.07827758789062, 
                        -11.555006980895996
                    ]
                }
            ]
        }
    ], 
    "hand": {
        "grab_strength": 1.0, 
        "wrist_position": [
            -2.9742207527160645, 
            194.03233337402344, 
            34.93761444091797
        ], 
        "palm_width": 87.01065063476562, 
        "palm_velocity": [
            -0.9400861859321594, 
            -19.535263061523438, 
            -3.4484283924102783
        ], 
        "palm_normal": [
            -0.08266807347536087, 
            -0.9965201616287231, 
            -0.010657763108611107
        ], 
        "is_left": true, 
        "palm_position": [
            6.677877426147461, 
            189.63400268554688, 
            -16.28946304321289
        ], 
        "pinch_strength": 0.2891702950000763, 
        "is_right": false
    }
}