{
    "timestamp": 33139153117, 
    "id": 507026, 
    "fingers": [
        {
            "type": 0, 
            "bone": [
                {
                    "length": 0.0, 
                    "direction": [
                        0.0, 
                        0.0, 
                        0.0
                    ], 
                    "center": [
                        22.684057235717773, 
                        180.91624450683594, 
                        38.542545318603516
                    ]
                }, 
                {
                    "length": 47.73451232910156, 
                    "direction": [
                        -0.5696525573730469, 
                        0.11327613145112991, 
                        0.8140420317649841
                    ], 
                    "center": [
                        36.28010177612305, 
                        178.212646484375, 
                        19.113595962524414
                    ]
                }, 
                {
                    "length": 32.604461669921875, 
                    "direction": [
                        -0.37326523661613464, 
                        0.20667681097984314, 
                        0.904410183429718
                    ], 
                    "center": [
                        55.96120071411133, 
                        172.1397705078125, 
                        -15.059259414672852
                    ]
                }, 
                {
                    "length": 22.380067825317383, 
                    "direction": [
                        -0.07167655229568481, 
                        0.31549257040023804, 
                        0.9462172389030457
                    ], 
                    "center": [
                        62.84832000732422, 
                        165.2401123046875, 
                        -40.39136505126953
                    ]
                }
            ]
        }, 
        {
            "type": 1, 
            "bone": [
                {
                    "length": 70.35211181640625, 
                    "direction": [
                        -0.22018465399742126, 
                        0.1703157126903534, 
                        0.9604744911193848
                    ], 
                    "center": [
                        24.48166275024414, 
                        193.89361572265625, 
                        -6.135162353515625
                    ]
                }, 
                {
                    "length": 41.08348083496094, 
                    "direction": [
                        0.051712021231651306, 
                        0.9982703328132629, 
                        -0.027968425303697586
                    ], 
                    "center": [
                        31.164634704589844, 
                        167.39637756347656, 
                        -39.34634780883789
                    ]
                }, 
                {
                    "length": 23.113332748413086, 
                    "direction": [
                        0.30424943566322327, 
                        0.2041643112897873, 
                        -0.9304563999176025
                    ], 
                    "center": [
                        26.586271286010742, 
                        144.53070068359375, 
                        -28.01885223388672
                    ]
                }, 
                {
                    "length": 16.33837890625, 
                    "direction": [
                        0.2698802947998047, 
                        -0.349869042634964, 
                        -0.8970820307731628
                    ], 
                    "center": [
                        20.865459442138672, 
                        145.02938842773438, 
                        -9.937444686889648
                    ]
                }
            ]
        }, 
        {
            "type": 2, 
            "bone": [
                {
                    "length": 66.7167739868164, 
                    "direction": [
                        -0.08505642414093018, 
                        0.16276875138282776, 
                        0.9829912185668945
                    ], 
                    "center": [
                        8.533241271972656, 
                        196.5847930908203, 
                        -8.635622024536133
                    ]
                }, 
                {
                    "length": 46.09239959716797, 
                    "direction": [
                        -0.09892228245735168, 
                        0.995039701461792, 
                        -0.010505720041692257
                    ], 
                    "center": [
                        13.650369644165039, 
                        168.22320556640625, 
                        -41.18450927734375
                    ]
                }, 
                {
                    "length": 27.192768096923828, 
                    "direction": [
                        0.08618931472301483, 
                        0.24636030197143555, 
                        -0.9653382301330566
                    ], 
                    "center": [
                        14.758289337158203, 
                        141.94171142578125, 
                        -27.817279815673828
                    ]
                }, 
                {
                    "length": 17.970149993896484, 
                    "direction": [
                        0.13964928686618805, 
                        -0.31542038917541504, 
                        -0.9386203289031982
                    ], 
                    "center": [
                        12.331666946411133, 
                        141.42617797851562, 
                        -6.258597373962402
                    ]
                }
            ]
        }, 
        {
            "type": 3, 
            "bone": [
                {
                    "length": 59.9005126953125, 
                    "direction": [
                        0.06567186117172241, 
                        0.15413996577262878, 
                        0.9858641028404236
                    ], 
                    "center": [
                        -7.883379936218262, 
                        197.03550720214844, 
                        -7.1143693923950195
                    ]
                }, 
                {
                    "length": 42.7255859375, 
                    "direction": [
                        -0.14507077634334564, 
                        0.9874477982521057, 
                        0.062461428344249725
                    ], 
                    "center": [
                        -6.751152515411377, 
                        171.3243408203125, 
                        -37.97560119628906
                    ]
                }, 
                {
                    "length": 26.4904842376709, 
                    "direction": [
                        -0.08717582374811172, 
                        0.2992499768733978, 
                        -0.9501841068267822
                    ], 
                    "center": [
                        -2.497370719909668, 
                        146.26605224609375, 
                        -26.724533081054688
                    ]
                }, 
                {
                    "length": 17.86687660217285, 
                    "direction": [
                        -0.0019837170839309692, 
                        -0.2732056975364685, 
                        -0.9619535207748413
                    ], 
                    "center": [
                        -1.3249843120574951, 
                        144.74307250976562, 
                        -5.545563697814941
                    ]
                }
            ]
        }, 
        {
            "type": 4, 
            "bone": [
                {
                    "length": 55.449275970458984, 
                    "direction": [
                        0.20212359726428986, 
                        0.10362930595874786, 
                        0.9738619327545166
                    ], 
                    "center": [
                        -23.39644432067871, 
                        192.31619262695312, 
                        -3.0325613021850586
                    ]
                }, 
                {
                    "length": 33.812801361083984, 
                    "direction": [
                        -0.2087852507829666, 
                        0.9650553464889526, 
                        0.15835706889629364
                    ], 
                    "center": [
                        -25.470439910888672, 
                        173.12750244140625, 
                        -32.70977783203125
                    ]
                }, 
                {
                    "length": 18.703420639038086, 
                    "direction": [
                        -0.4733343720436096, 
                        0.29162290692329407, 
                        -0.8312103152275085
                    ], 
                    "center": [
                        -17.514148712158203, 
                        154.084716796875, 
                        -27.613788604736328
                    ]
                }, 
                {
                    "length": 16.482967376708984, 
                    "direction": [
                        -0.34048378467559814, 
                        -0.27171769738197327, 
                        -0.9001334309577942
                    ], 
                    "center": [
                        -10.281570434570312, 
                        153.59689331054688, 
                        -12.42211627960205
                    ]
                }
            ]
        }
    ], 
    "hand": {
        "grab_strength": 1.0, 
        "wrist_position": [
            -3.6703951358795166, 
            192.72616577148438, 
            33.393184661865234
        ], 
        "palm_width": 87.01065063476562, 
        "palm_velocity": [
            1.133512020111084, 
            -32.485687255859375, 
            -17.764902114868164
        ], 
        "palm_normal": [
            -0.05732973664999008, 
            -0.9983106851577759, 
            0.009437534026801586
        ], 
        "is_left": true, 
        "palm_position": [
            6.705964088439941, 
            187.510009765625, 
            -17.61509895324707
        ], 
        "pinch_strength": 0.009694232605397701, 
        "is_right": false
    }
}