{
    "timestamp": 33139097021, 
    "id": 507021, 
    "fingers": [
        {
            "type": 0, 
            "bone": [
                {
                    "length": 0.0, 
                    "direction": [
                        0.0, 
                        0.0, 
                        0.0
                    ], 
                    "center": [
                        23.178298950195312, 
                        181.63572692871094, 
                        39.44121551513672
                    ]
                }, 
                {
                    "length": 47.7345085144043, 
                    "direction": [
                        -0.5405659675598145, 
                        0.18533378839492798, 
                        0.8206338286399841
                    ], 
                    "center": [
                        36.08012390136719, 
                        177.21231079101562, 
                        19.85494041442871
                    ]
                }, 
                {
                    "length": 32.60446548461914, 
                    "direction": [
                        -0.2875820994377136, 
                        0.28753823041915894, 
                        0.9135744571685791
                    ], 
                    "center": [
                        53.67018127441406, 
                        168.1013946533203, 
                        -14.624640464782715
                    ]
                }, 
                {
                    "length": 22.380067825317383, 
                    "direction": [
                        0.37056928873062134, 
                        0.42326512932777405, 
                        0.8267557621002197
                    ], 
                    "center": [
                        54.211727142333984, 
                        158.67752075195312, 
                        -38.769371032714844
                    ]
                }
            ]
        }, 
        {
            "type": 1, 
            "bone": [
                {
                    "length": 70.35211181640625, 
                    "direction": [
                        -0.20449164509773254, 
                        0.16178926825523376, 
                        0.965405285358429
                    ], 
                    "center": [
                        24.704444885253906, 
                        195.18560791015625, 
                        -5.076346397399902
                    ]
                }, 
                {
                    "length": 41.083492279052734, 
                    "direction": [
                        0.07256677001714706, 
                        0.9972795248031616, 
                        -0.01294704806059599
                    ], 
                    "center": [
                        30.407007217407227, 
                        169.00863647460938, 
                        -38.76954650878906
                    ]
                }, 
                {
                    "length": 23.113332748413086, 
                    "direction": [
                        0.2964206337928772, 
                        0.2128673642873764, 
                        -0.9310328960418701
                    ], 
                    "center": [
                        25.490724563598633, 
                        146.062744140625, 
                        -27.743953704833984
                    ]
                }, 
                {
                    "length": 16.338380813598633, 
                    "direction": [
                        0.2506539523601532, 
                        -0.34140488505363464, 
                        -0.9058782458305359
                    ], 
                    "center": [
                        20.0174503326416, 
                        146.39170837402344, 
                        -9.584024429321289
                    ]
                }
            ]
        }, 
        {
            "type": 2, 
            "bone": [
                {
                    "length": 66.7167739868164, 
                    "direction": [
                        -0.06929140537977219, 
                        0.15101008117198944, 
                        0.9861007332801819
                    ], 
                    "center": [
                        8.788742065429688, 
                        198.2554931640625, 
                        -7.337552070617676
                    ]
                }, 
                {
                    "length": 46.092411041259766, 
                    "direction": [
                        -0.07917631417512894, 
                        0.9966626167297363, 
                        0.01986394077539444
                    ], 
                    "center": [
                        12.924905776977539, 
                        170.24874877929688, 
                        -40.69007110595703
                    ]
                }, 
                {
                    "length": 27.192768096923828, 
                    "direction": [
                        0.07923080027103424, 
                        0.273955762386322, 
                        -0.9584730863571167
                    ], 
                    "center": [
                        13.672367095947266, 
                        143.5546417236328, 
                        -28.1160888671875
                    ]
                }, 
                {
                    "length": 17.970155715942383, 
                    "direction": [
                        0.12206750363111496, 
                        -0.2940683662891388, 
                        -0.9479573965072632
                    ], 
                    "center": [
                        11.498329162597656, 
                        142.47206115722656, 
                        -6.5668487548828125
                    ]
                }
            ]
        }, 
        {
            "type": 3, 
            "bone": [
                {
                    "length": 59.900508880615234, 
                    "direction": [
                        0.081236831843853, 
                        0.13908280432224274, 
                        0.9869430065155029
                    ], 
                    "center": [
                        -7.594018459320068, 
                        199.04034423828125, 
                        -5.602060317993164
                    ]
                }, 
                {
                    "length": 42.725589752197266, 
                    "direction": [
                        -0.1228281632065773, 
                        0.9891812205314636, 
                        0.08020994812250137
                    ], 
                    "center": [
                        -7.403129577636719, 
                        173.74310302734375, 
                        -36.87476348876953
                    ]
                }, 
                {
                    "length": 26.490482330322266, 
                    "direction": [
                        -0.09147917479276657, 
                        0.31694963574409485, 
                        -0.9440203309059143
                    ], 
                    "center": [
                        -3.5675129890441895, 
                        148.41336059570312, 
                        -26.084495544433594
                    ]
                }, 
                {
                    "length": 17.86687469482422, 
                    "direction": [
                        -0.01880711130797863, 
                        -0.2576718330383301, 
                        -0.9660494923591614
                    ], 
                    "center": [
                        -2.1878371238708496, 
                        146.51718139648438, 
                        -4.95057487487793
                    ]
                }
            ]
        }, 
        {
            "type": 4, 
            "bone": [
                {
                    "length": 55.44927978515625, 
                    "direction": [
                        0.2163950651884079, 
                        0.08580145984888077, 
                        0.9725282788276672
                    ], 
                    "center": [
                        -23.154525756835938, 
                        194.60206604003906, 
                        -1.3877544403076172
                    ]
                }, 
                {
                    "length": 33.81280517578125, 
                    "direction": [
                        -0.18534167110919952, 
                        0.967011034488678, 
                        0.17475126683712006
                    ], 
                    "center": [
                        -26.020540237426758, 
                        175.87457275390625, 
                        -31.30516815185547
                    ]
                }, 
                {
                    "length": 18.703413009643555, 
                    "direction": [
                        -0.47718289494514465, 
                        0.3140028417110443, 
                        -0.8207916021347046
                    ], 
                    "center": [
                        -18.424604415893555, 
                        156.5894317626953, 
                        -26.58378028869629
                    ]
                }, 
                {
                    "length": 16.482967376708984, 
                    "direction": [
                        -0.3576427698135376, 
                        -0.25131553411483765, 
                        -0.8994065523147583
                    ], 
                    "center": [
                        -11.014623641967773, 
                        155.72418212890625, 
                        -11.495532989501953
                    ]
                }
            ]
        }
    ], 
    "hand": {
        "grab_strength": 1.0, 
        "wrist_position": [
            -2.974107265472412, 
            194.0830535888672, 
            34.78683853149414
        ], 
        "palm_width": 87.01065063476562, 
        "palm_velocity": [
            -1.3447290658950806, 
            -21.121337890625, 
            -5.9004740715026855
        ], 
        "palm_normal": [
            -0.07896962761878967, 
            -0.9968714714050293, 
            -0.0033209165558218956
        ], 
        "is_left": true, 
        "palm_position": [
            6.652768135070801, 
            189.3469696044922, 
            -16.414865493774414
        ], 
        "pinch_strength": 0.27515339851379395, 
        "is_right": false
    }
}