{
    "timestamp": 33139141634, 
    "id": 507025, 
    "fingers": [
        {
            "type": 0, 
            "bone": [
                {
                    "length": 0.0, 
                    "direction": [
                        0.0, 
                        0.0, 
                        0.0
                    ], 
                    "center": [
                        22.911746978759766, 
                        181.35614013671875, 
                        38.70768356323242
                    ]
                }, 
                {
                    "length": 47.7345085144043, 
                    "direction": [
                        -0.561439573764801, 
                        0.13152678310871124, 
                        0.8169983625411987
                    ], 
                    "center": [
                        36.311767578125, 
                        178.21694946289062, 
                        19.208175659179688
                    ]
                }, 
                {
                    "length": 32.60446548461914, 
                    "direction": [
                        -0.3501982092857361, 
                        0.2290615439414978, 
                        0.9082356095314026
                    ], 
                    "center": [
                        55.420799255371094, 
                        171.34356689453125, 
                        -15.097600936889648
                    ]
                }, 
                {
                    "length": 22.380067825317383, 
                    "direction": [
                        0.037011146545410156, 
                        0.35562825202941895, 
                        0.9338943958282471
                    ], 
                    "center": [
                        60.715660095214844, 
                        163.62985229492188, 
                        -40.35417938232422
                    ]
                }
            ]
        }, 
        {
            "type": 1, 
            "bone": [
                {
                    "length": 70.35211181640625, 
                    "direction": [
                        -0.21535860002040863, 
                        0.1714782565832138, 
                        0.9613614678382874
                    ], 
                    "center": [
                        24.552085876464844, 
                        194.30648803710938, 
                        -5.983921051025391
                    ]
                }, 
                {
                    "length": 41.08348083496094, 
                    "direction": [
                        0.054708413779735565, 
                        0.998100221157074, 
                        -0.02833482064306736
                    ], 
                    "center": [
                        31.003746032714844, 
                        167.77183532714844, 
                        -39.218780517578125
                    ]
                }, 
                {
                    "length": 23.11333465576172, 
                    "direction": [
                        0.30058225989341736, 
                        0.20320242643356323, 
                        -0.9318577647209167
                    ], 
                    "center": [
                        26.406211853027344, 
                        144.9207763671875, 
                        -27.867563247680664
                    ]
                }, 
                {
                    "length": 16.338382720947266, 
                    "direction": [
                        0.26463720202445984, 
                        -0.35079824924468994, 
                        -0.8982804417610168
                    ], 
                    "center": [
                        20.770610809326172, 
                        145.43817138671875, 
                        -9.760168075561523
                    ]
                }
            ]
        }, 
        {
            "type": 2, 
            "bone": [
                {
                    "length": 66.7167739868164, 
                    "direction": [
                        -0.08015639334917068, 
                        0.16350769996643066, 
                        0.9832803010940552
                    ], 
                    "center": [
                        8.601412773132324, 
                        197.04766845703125, 
                        -8.414694786071777
                    ]
                }, 
                {
                    "length": 46.0924072265625, 
                    "direction": [
                        -0.09640976041555405, 
                        0.995326578617096, 
                        -0.005483971908688545
                    ], 
                    "center": [
                        13.497179985046387, 
                        168.65481567382812, 
                        -41.08895492553711
                    ]
                }, 
                {
                    "length": 27.19276237487793, 
                    "direction": [
                        0.08245589584112167, 
                        0.2509234845638275, 
                        -0.964488685131073
                    ], 
                    "center": [
                        14.597957611083984, 
                        142.30467224121094, 
                        -27.849014282226562
                    ]
                }, 
                {
                    "length": 17.970151901245117, 
                    "direction": [
                        0.13470341265201569, 
                        -0.3126327097415924, 
                        -0.9402743577957153
                    ], 
                    "center": [
                        12.266534805297852, 
                        141.70205688476562, 
                        -6.287021160125732
                    ]
                }
            ]
        }, 
        {
            "type": 3, 
            "bone": [
                {
                    "length": 59.9005126953125, 
                    "direction": [
                        0.0705547109246254, 
                        0.15439623594284058, 
                        0.9854865670204163
                    ], 
                    "center": [
                        -7.806741714477539, 
                        197.55184936523438, 
                        -6.820618629455566
                    ]
                }, 
                {
                    "length": 42.72557830810547, 
                    "direction": [
                        -0.14166459441184998, 
                        0.9878936409950256, 
                        0.06322329491376877
                    ], 
                    "center": [
                        -6.893522262573242, 
                        171.823486328125, 
                        -37.68682098388672
                    ]
                }, 
                {
                    "length": 26.4904842376709, 
                    "direction": [
                        -0.09018443524837494, 
                        0.29976263642311096, 
                        -0.9497416615486145
                    ], 
                    "center": [
                        -2.672657012939453, 
                        146.74888610839844, 
                        -26.457887649536133
                    ]
                }, 
                {
                    "length": 17.86687660217285, 
                    "direction": [
                        -0.006841334048658609, 
                        -0.2731228470802307, 
                        -0.9619548320770264
                    ], 
                    "center": [
                        -1.4170255661010742, 
                        145.2183837890625, 
                        -5.28476619720459
                    ]
                }
            ]
        }, 
        {
            "type": 4, 
            "bone": [
                {
                    "length": 55.44927978515625, 
                    "direction": [
                        0.2067887932062149, 
                        0.10344162583351135, 
                        0.9729019403457642
                    ], 
                    "center": [
                        -23.316551208496094, 
                        192.88433837890625, 
                        -2.6675033569335938
                    ]
                }, 
                {
                    "length": 33.812808990478516, 
                    "direction": [
                        -0.20463716983795166, 
                        0.9657573699951172, 
                        0.15948820114135742
                    ], 
                    "center": [
                        -25.590017318725586, 
                        173.68898010253906, 
                        -32.33723068237305
                    ]
                }, 
                {
                    "length": 18.70341682434082, 
                    "direction": [
                        -0.476197749376297, 
                        0.2934512197971344, 
                        -0.8289283514022827
                    ], 
                    "center": [
                        -17.67707633972168, 
                        154.61721801757812, 
                        -27.281707763671875
                    ]
                }, 
                {
                    "length": 16.482969284057617, 
                    "direction": [
                        -0.3455770015716553, 
                        -0.27057623863220215, 
                        -0.8985349535942078
                    ], 
                    "center": [
                        -10.375746726989746, 
                        154.1029052734375, 
                        -12.124549865722656
                    ]
                }
            ]
        }
    ], 
    "hand": {
        "grab_strength": 1.0, 
        "wrist_position": [
            -3.4273183345794678, 
            193.2482147216797, 
            33.66988754272461
        ], 
        "palm_width": 87.01065063476562, 
        "palm_velocity": [
            1.6671456098556519, 
            -28.451997756958008, 
            -16.460487365722656
        ], 
        "palm_normal": [
            -0.06049182265996933, 
            -0.9981167912483215, 
            0.010180714540183544
        ], 
        "is_left": true, 
        "palm_position": [
            6.705053806304932, 
            187.97454833984375, 
            -17.381511688232422
        ], 
        "pinch_strength": 0.07190366089344025, 
        "is_right": false
    }
}