{
    "timestamp": 33139131052, 
    "id": 507024, 
    "fingers": [
        {
            "type": 0, 
            "bone": [
                {
                    "length": 0.0, 
                    "direction": [
                        0.0, 
                        0.0, 
                        0.0
                    ], 
                    "center": [
                        23.02012062072754, 
                        181.6583251953125, 
                        38.81719970703125
                    ]
                }, 
                {
                    "length": 47.73450469970703, 
                    "direction": [
                        -0.5549588799476624, 
                        0.14727258682250977, 
                        0.818737804889679
                    ], 
                    "center": [
                        36.265464782714844, 
                        178.14334106445312, 
                        19.27617835998535
                    ]
                }, 
                {
                    "length": 32.604469299316406, 
                    "direction": [
                        -0.3312811553478241, 
                        0.2479058802127838, 
                        0.9103819727897644
                    ], 
                    "center": [
                        54.91143035888672, 
                        170.5869140625, 
                        -15.106101989746094
                    ]
                }, 
                {
                    "length": 22.380069732666016, 
                    "direction": [
                        0.12926380336284637, 
                        0.3848373293876648, 
                        0.9138879179954529
                    ], 
                    "center": [
                        58.86558532714844, 
                        162.23916625976562, 
                        -40.17380142211914
                    ]
                }
            ]
        }, 
        {
            "type": 1, 
            "bone": [
                {
                    "length": 70.35211944580078, 
                    "direction": [
                        -0.21179521083831787, 
                        0.17268134653568268, 
                        0.9619376063346863
                    ], 
                    "center": [
                        24.556692123413086, 
                        194.57737731933594, 
                        -5.887143135070801
                    ]
                }, 
                {
                    "length": 41.0834846496582, 
                    "direction": [
                        0.05734945461153984, 
                        0.9979523420333862, 
                        -0.02832358330488205
                    ], 
                    "center": [
                        30.828754425048828, 
                        168.00344848632812, 
                        -39.14250183105469
                    ]
                }, 
                {
                    "length": 23.11333465576172, 
                    "direction": [
                        0.29805460572242737, 
                        0.20265580713748932, 
                        -0.9327883124351501
                    ], 
                    "center": [
                        26.206180572509766, 
                        145.1617431640625, 
                        -27.780759811401367
                    ]
                }, 
                {
                    "length": 16.338382720947266, 
                    "direction": [
                        0.26068249344825745, 
                        -0.35148000717163086, 
                        -0.899169921875
                    ], 
                    "center": [
                        20.632095336914062, 
                        145.69102478027344, 
                        -9.655344009399414
                    ]
                }
            ]
        }, 
        {
            "type": 2, 
            "bone": [
                {
                    "length": 66.7167739868164, 
                    "direction": [
                        -0.07654822617769241, 
                        0.16432419419288635, 
                        0.9834316968917847
                    ], 
                    "center": [
                        8.606544494628906, 
                        197.36428833007812, 
                        -8.268890380859375
                    ]
                }, 
                {
                    "length": 46.0924072265625, 
                    "direction": [
                        -0.09402868151664734, 
                        0.995568573474884, 
                        -0.0013198874657973647
                    ], 
                    "center": [
                        13.32707405090332, 
                        168.93861389160156, 
                        -41.044166564941406
                    ]
                }, 
                {
                    "length": 27.192764282226562, 
                    "direction": [
                        0.07992985099554062, 
                        0.25470778346061707, 
                        -0.9637091159820557
                    ], 
                    "center": [
                        14.407320976257324, 
                        142.53143310546875, 
                        -27.910791397094727
                    ]
                }, 
                {
                    "length": 17.970151901245117, 
                    "direction": [
                        0.13099171221256256, 
                        -0.31042158603668213, 
                        -0.9415304064750671
                    ], 
                    "center": [
                        12.143593788146973, 
                        141.85748291015625, 
                        -6.348110675811768
                    ]
                }
            ]
        }, 
        {
            "type": 3, 
            "bone": [
                {
                    "length": 59.900508880615234, 
                    "direction": [
                        0.07414153963327408, 
                        0.15476839244365692, 
                        0.9851648211479187
                    ], 
                    "center": [
                        -7.7949018478393555, 
                        197.91790771484375, 
                        -6.623018264770508
                    ]
                }, 
                {
                    "length": 42.725589752197266, 
                    "direction": [
                        -0.13858658075332642, 
                        0.9883123636245728, 
                        0.06350229680538177
                    ], 
                    "center": [
                        -7.054863452911377, 
                        172.16943359375, 
                        -37.48554229736328
                    ]
                }, 
                {
                    "length": 26.490482330322266, 
                    "direction": [
                        -0.09207163751125336, 
                        0.299914687871933, 
                        -0.9495124816894531
                    ], 
                    "center": [
                        -2.874755859375, 
                        147.08387756347656, 
                        -26.265605926513672
                    ]
                }, 
                {
                    "length": 17.86687660217285, 
                    "direction": [
                        -0.010421587154269218, 
                        -0.27334660291671753, 
                        -0.9618591666221619
                    ], 
                    "center": [
                        -1.5621440410614014, 
                        145.55335998535156, 
                        -5.096375465393066
                    ]
                }
            ]
        }, 
        {
            "type": 4, 
            "bone": [
                {
                    "length": 55.44927978515625, 
                    "direction": [
                        0.21018384397029877, 
                        0.10340419411659241, 
                        0.9721781611442566
                    ], 
                    "center": [
                        -23.305156707763672, 
                        193.2987060546875, 
                        -2.4178714752197266
                    ]
                }, 
                {
                    "length": 33.812808990478516, 
                    "direction": [
                        -0.201089546084404, 
                        0.9664315581321716, 
                        0.15991589426994324
                    ], 
                    "center": [
                        -25.73272705078125, 
                        174.09298706054688, 
                        -32.074764251708984
                    ]
                }, 
                {
                    "length": 18.703414916992188, 
                    "direction": [
                        -0.4780292510986328, 
                        0.2947639226913452, 
                        -0.8274069428443909
                    ], 
                    "center": [
                        -17.86263656616211, 
                        154.99755859375, 
                        -27.040699005126953
                    ]
                }, 
                {
                    "length": 16.48296546936035, 
                    "direction": [
                        -0.34937041997909546, 
                        -0.2697986960411072, 
                        -0.8973009586334229
                    ], 
                    "center": [
                        -10.512916564941406, 
                        154.4645538330078, 
                        -11.907939910888672
                    ]
                }
            ]
        }
    ], 
    "hand": {
        "grab_strength": 1.0, 
        "wrist_position": [
            -3.299574375152588, 
            193.62522888183594, 
            33.85594940185547
        ], 
        "palm_width": 87.01065063476562, 
        "palm_velocity": [
            0.2586478590965271, 
            -27.76384162902832, 
            -17.191619873046875
        ], 
        "palm_normal": [
            -0.06340747326612473, 
            -0.9979274272918701, 
            0.01097117643803358
        ], 
        "is_left": true, 
        "palm_position": [
            6.6549072265625, 
            188.29151916503906, 
            -17.224199295043945
        ], 
        "pinch_strength": 0.12602250277996063, 
        "is_right": false
    }
}