{
    "timestamp": 33139187605, 
    "id": 507029, 
    "fingers": [
        {
            "type": 0, 
            "bone": [
                {
                    "length": 0.0, 
                    "direction": [
                        0.0, 
                        0.0, 
                        0.0
                    ], 
                    "center": [
                        21.951812744140625, 
                        178.91758728027344, 
                        38.59376525878906
                    ]
                }, 
                {
                    "length": 47.7345085144043, 
                    "direction": [
                        -0.5851644277572632, 
                        0.06399615108966827, 
                        0.8083854913711548
                    ], 
                    "center": [
                        35.91808319091797, 
                        177.39016723632812, 
                        19.299823760986328
                    ]
                }, 
                {
                    "length": 32.604461669921875, 
                    "direction": [
                        -0.4216662049293518, 
                        0.14444398880004883, 
                        0.8951724171638489
                    ], 
                    "center": [
                        56.75844955444336, 
                        173.50799560546875, 
                        -14.587425231933594
                    ]
                }, 
                {
                    "length": 22.38007354736328, 
                    "direction": [
                        -0.3689020276069641, 
                        0.16759318113327026, 
                        0.9142340421676636
                    ], 
                    "center": [
                        67.76057434082031, 
                        169.27786254882812, 
                        -39.41104507446289
                    ]
                }
            ]
        }, 
        {
            "type": 1, 
            "bone": [
                {
                    "length": 70.35210418701172, 
                    "direction": [
                        -0.23123520612716675, 
                        0.15791170299053192, 
                        0.9599969983100891
                    ], 
                    "center": [
                        24.242130279541016, 
                        192.462646484375, 
                        -5.892492294311523
                    ]
                }, 
                {
                    "length": 41.08349609375, 
                    "direction": [
                        0.05235324054956436, 
                        0.9984460473060608, 
                        -0.019095076248049736
                    ], 
                    "center": [
                        31.300643920898438, 
                        166.3981170654297, 
                        -39.2691535949707
                    ]
                }, 
                {
                    "length": 23.113330841064453, 
                    "direction": [
                        0.31512004137039185, 
                        0.211086243391037, 
                        -0.925279438495636
                    ], 
                    "center": [
                        26.583480834960938, 
                        143.44883728027344, 
                        -28.183761596679688
                    ]
                }, 
                {
                    "length": 16.338380813598633, 
                    "direction": [
                        0.2802639901638031, 
                        -0.34194469451904297, 
                        -0.8969537019729614
                    ], 
                    "center": [
                        20.65221405029297, 
                        143.80279541015625, 
                        -10.163232803344727
                    ]
                }
            ]
        }, 
        {
            "type": 2, 
            "bone": [
                {
                    "length": 66.7167739868164, 
                    "direction": [
                        -0.09636305272579193, 
                        0.15020136535167694, 
                        0.9839479923248291
                    ], 
                    "center": [
                        8.320269584655762, 
                        195.17095947265625, 
                        -8.53942584991455
                    ]
                }, 
                {
                    "length": 46.092411041259766, 
                    "direction": [
                        -0.0987991914153099, 
                        0.9950927495956421, 
                        -0.005380601622164249
                    ], 
                    "center": [
                        13.811731338500977, 
                        167.22735595703125, 
                        -41.23834228515625
                    ]
                }, 
                {
                    "length": 27.19276237487793, 
                    "direction": [
                        0.09639464318752289, 
                        0.2518443167209625, 
                        -0.9629550576210022
                    ], 
                    "center": [
                        14.778059959411621, 
                        140.87008666992188, 
                        -28.02163314819336
                    ]
                }, 
                {
                    "length": 17.970149993896484, 
                    "direction": [
                        0.14942190051078796, 
                        -0.308193564414978, 
                        -0.9395157098770142
                    ], 
                    "center": [
                        12.124874114990234, 
                        140.21505737304688, 
                        -6.487308979034424
                    ]
                }
            ]
        }, 
        {
            "type": 3, 
            "bone": [
                {
                    "length": 59.90050506591797, 
                    "direction": [
                        0.05433192849159241, 
                        0.14167271554470062, 
                        0.9884213805198669
                    ], 
                    "center": [
                        -8.11300277709961, 
                        195.58750915527344, 
                        -7.198958396911621
                    ]
                }, 
                {
                    "length": 42.7255859375, 
                    "direction": [
                        -0.14670313894748688, 
                        0.9873395562171936, 
                        0.06032281741499901
                    ], 
                    "center": [
                        -6.606268405914307, 
                        170.25204467773438, 
                        -38.091094970703125
                    ]
                }, 
                {
                    "length": 26.490488052368164, 
                    "direction": [
                        -0.07778365164995193, 
                        0.29737213253974915, 
                        -0.9515878558158875
                    ], 
                    "center": [
                        -2.442016124725342, 
                        145.220947265625, 
                        -26.77574348449707
                    ]
                }, 
                {
                    "length": 17.866878509521484, 
                    "direction": [
                        0.007533928845077753, 
                        -0.2712695896625519, 
                        -0.9624739289283752
                    ], 
                    "center": [
                        -1.479056477546692, 
                        143.70555114746094, 
                        -5.5735273361206055
                    ]
                }
            ]
        }, 
        {
            "type": 4, 
            "bone": [
                {
                    "length": 55.449283599853516, 
                    "direction": [
                        0.19096368551254272, 
                        0.09144219011068344, 
                        0.9773285388946533
                    ], 
                    "center": [
                        -23.66638946533203, 
                        190.8027801513672, 
                        -3.353618621826172
                    ]
                }, 
                {
                    "length": 33.81279754638672, 
                    "direction": [
                        -0.21438218653202057, 
                        0.9630675911903381, 
                        0.16291369497776031
                    ], 
                    "center": [
                        -25.336360931396484, 
                        171.98556518554688, 
                        -33.20398712158203
                    ]
                }, 
                {
                    "length": 18.703418731689453, 
                    "direction": [
                        -0.46240928769111633, 
                        0.2961556613445282, 
                        -0.8357448577880859
                    ], 
                    "center": [
                        -17.387611389160156, 
                        152.9340057373047, 
                        -28.142627716064453
                    ]
                }, 
                {
                    "length": 16.482969284057617, 
                    "direction": [
                        -0.32715678215026855, 
                        -0.26445531845092773, 
                        -0.9072110056877136
                    ], 
                    "center": [
                        -10.367036819458008, 
                        152.3439483642578, 
                        -12.850218772888184
                    ]
                }
            ]
        }
    ], 
    "hand": {
        "grab_strength": 1.0, 
        "wrist_position": [
            -4.354921340942383, 
            190.7681427001953, 
            33.29588317871094
        ], 
        "palm_width": 87.01065063476562, 
        "palm_velocity": [
            -2.6829609870910645, 
            -36.12873840332031, 
            -5.714312553405762
        ], 
        "palm_normal": [
            -0.05638864263892174, 
            -0.998401403427124, 
            -0.003875092603266239
        ], 
        "is_left": true, 
        "palm_position": [
            6.60438346862793, 
            186.209228515625, 
            -17.653425216674805
        ], 
        "pinch_strength": 0.0, 
        "is_right": false
    }
}