{
    "timestamp": 33139201957, 
    "id": 507030, 
    "fingers": [
        {
            "type": 0, 
            "bone": [
                {
                    "length": 0.0, 
                    "direction": [
                        0.0, 
                        0.0, 
                        0.0
                    ], 
                    "center": [
                        21.77887725830078, 
                        177.87396240234375, 
                        38.70268249511719
                    ]
                }, 
                {
                    "length": 47.7345085144043, 
                    "direction": [
                        -0.589810311794281, 
                        0.038627974689006805, 
                        0.8066174387931824
                    ], 
                    "center": [
                        35.85602951049805, 
                        176.9520263671875, 
                        19.450939178466797
                    ]
                }, 
                {
                    "length": 32.604461669921875, 
                    "direction": [
                        -0.43365323543548584, 
                        0.1154707595705986, 
                        0.8936506509780884
                    ], 
                    "center": [
                        57.0026969909668, 
                        174.14764404296875, 
                        -14.369305610656738
                    ]
                }, 
                {
                    "length": 22.38007164001465, 
                    "direction": [
                        -0.4441991150379181, 
                        0.1106572300195694, 
                        0.8890681266784668
                    ], 
                    "center": [
                        69.04281616210938, 
                        171.02694702148438, 
                        -38.88650894165039
                    ]
                }
            ]
        }, 
        {
            "type": 1, 
            "bone": [
                {
                    "length": 70.35211181640625, 
                    "direction": [
                        -0.23201826214790344, 
                        0.14986132085323334, 
                        0.9610978364944458
                    ], 
                    "center": [
                        24.14348602294922, 
                        191.80665588378906, 
                        -5.659804344177246
                    ]
                }, 
                {
                    "length": 41.0834846496582, 
                    "direction": [
                        0.05466068163514137, 
                        0.9984370470046997, 
                        -0.01165213156491518
                    ], 
                    "center": [
                        31.182147979736328, 
                        166.02548217773438, 
                        -39.22808074951172
                    ]
                }, 
                {
                    "length": 23.11333465576172, 
                    "direction": [
                        0.3165818452835083, 
                        0.2169491946697235, 
                        -0.9234223365783691
                    ], 
                    "center": [
                        26.400691986083984, 
                        143.00863647460938, 
                        -28.31704330444336
                    ]
                }, 
                {
                    "length": 16.338380813598633, 
                    "direction": [
                        0.280445396900177, 
                        -0.335802286863327, 
                        -0.8992147445678711
                    ], 
                    "center": [
                        20.451047897338867, 
                        143.24465942382812, 
                        -10.299501419067383
                    ]
                }
            ]
        }, 
        {
            "type": 2, 
            "bone": [
                {
                    "length": 66.7167739868164, 
                    "direction": [
                        -0.09718720614910126, 
                        0.1416931301355362, 
                        0.9851282835006714
                    ], 
                    "center": [
                        8.229546546936035, 
                        194.5673370361328, 
                        -8.300247192382812
                    ]
                }, 
                {
                    "length": 46.092411041259766, 
                    "direction": [
                        -0.09693746268749237, 
                        0.9952854514122009, 
                        0.003140815533697605
                    ], 
                    "center": [
                        13.705595016479492, 
                        166.90313720703125, 
                        -41.234920501708984
                    ]
                }, 
                {
                    "length": 27.192764282226562, 
                    "direction": [
                        0.09780818223953247, 
                        0.25992631912231445, 
                        -0.960662305355072
                    ], 
                    "center": [
                        14.609798431396484, 
                        140.4315185546875, 
                        -28.245773315429688
                    ]
                }, 
                {
                    "length": 17.970151901245117, 
                    "direction": [
                        0.1497618407011032, 
                        -0.30036887526512146, 
                        -0.9419925808906555
                    ], 
                    "center": [
                        11.93433952331543, 
                        139.59629821777344, 
                        -6.720366477966309
                    ]
                }
            ]
        }, 
        {
            "type": 3, 
            "bone": [
                {
                    "length": 59.900508880615234, 
                    "direction": [
                        0.05348691716790199, 
                        0.13284967839717865, 
                        0.9896919131278992
                    ], 
                    "center": [
                        -8.204425811767578, 
                        195.00213623046875, 
                        -6.974228858947754
                    ]
                }, 
                {
                    "length": 42.7255859375, 
                    "direction": [
                        -0.14493057131767273, 
                        0.9871481657028198, 
                        0.0673322081565857
                    ], 
                    "center": [
                        -6.7102508544921875, 
                        169.9350128173828, 
                        -38.05415725708008
                    ]
                }, 
                {
                    "length": 26.4904842376709, 
                    "direction": [
                        -0.07647065073251724, 
                        0.30428603291511536, 
                        -0.9495063424110413
                    ], 
                    "center": [
                        -2.601256847381592, 
                        144.81643676757812, 
                        -26.916120529174805
                    ]
                }, 
                {
                    "length": 17.86687660217285, 
                    "direction": [
                        0.007735806982964277, 
                        -0.2639557421207428, 
                        -0.9645037651062012
                    ], 
                    "center": [
                        -1.6574921607971191, 
                        143.1441192626953, 
                        -5.723343849182129
                    ]
                }
            ]
        }, 
        {
            "type": 4, 
            "bone": [
                {
                    "length": 55.44927978515625, 
                    "direction": [
                        0.19003929197788239, 
                        0.08246870338916779, 
                        0.9783067107200623
                    ], 
                    "center": [
                        -23.77077865600586, 
                        190.212158203125, 
                        -3.188356399536133
                    ]
                }, 
                {
                    "length": 33.81279373168945, 
                    "direction": [
                        -0.2137908786535263, 
                        0.9620916247367859, 
                        0.1693313717842102
                    ], 
                    "center": [
                        -25.42511749267578, 
                        171.6602325439453, 
                        -33.174339294433594
                    ]
                }, 
                {
                    "length": 18.703418731689453, 
                    "direction": [
                        -0.46024689078330994, 
                        0.30233800411224365, 
                        -0.8347241878509521
                    ], 
                    "center": [
                        -17.506587982177734, 
                        152.56735229492188, 
                        -28.23102569580078
                    ]
                }, 
                {
                    "length": 16.482967376708984, 
                    "direction": [
                        -0.32552677392959595, 
                        -0.2573346197605133, 
                        -0.9098412990570068
                    ], 
                    "center": [
                        -10.519670486450195, 
                        151.8607940673828, 
                        -12.92648696899414
                    ]
                }
            ]
        }
    ], 
    "hand": {
        "grab_strength": 1.0, 
        "wrist_position": [
            -4.500309467315674, 
            189.81890869140625, 
            33.48062515258789
        ], 
        "palm_width": 87.01065063476562, 
        "palm_velocity": [
            -4.312134742736816, 
            -36.162384033203125, 
            1.0022133588790894
        ], 
        "palm_normal": [
            -0.05820193141698837, 
            -0.9982234835624695, 
            -0.012745028361678123
        ], 
        "is_left": true, 
        "palm_position": [
            6.507516860961914, 
            185.68951416015625, 
            -17.494834899902344
        ], 
        "pinch_strength": 0.0, 
        "is_right": false
    }
}