{
    "timestamp": 33129353923, 
    "id": 506202, 
    "fingers": [
        {
            "type": 0, 
            "bone": [
                {
                    "length": 0.0, 
                    "direction": [
                        0.0, 
                        0.0, 
                        0.0
                    ], 
                    "center": [
                        3.885103702545166, 
                        209.77963256835938, 
                        54.76639175415039
                    ]
                }, 
                {
                    "length": 47.73451232910156, 
                    "direction": [
                        -0.5573137402534485, 
                        -0.05299602448940277, 
                        0.8286089301109314
                    ], 
                    "center": [
                        17.18665313720703, 
                        211.04449462890625, 
                        34.98977279663086
                    ]
                }, 
                {
                    "length": 32.60446548461914, 
                    "direction": [
                        -0.2536700665950775, 
                        0.05864843353629112, 
                        0.9655112028121948
                    ], 
                    "center": [
                        34.623592376708984, 
                        211.353271484375, 
                        -0.5268378257751465
                    ]
                }, 
                {
                    "length": 22.380067825317383, 
                    "direction": [
                        0.398604154586792, 
                        0.24558599293231964, 
                        0.8836302161216736
                    ], 
                    "center": [
                        34.298583984375, 
                        207.6490478515625, 
                        -26.154678344726562
                    ]
                }
            ]
        }, 
        {
            "type": 1, 
            "bone": [
                {
                    "length": 70.35211944580078, 
                    "direction": [
                        -0.19979578256607056, 
                        -0.08794914186000824, 
                        0.9758824110031128
                    ], 
                    "center": [
                        3.9875097274780273, 
                        233.7157745361328, 
                        14.83154010772705
                    ]
                }, 
                {
                    "length": 41.08348846435547, 
                    "direction": [
                        0.016276849433779716, 
                        0.9745968580245972, 
                        0.22337421774864197
                    ], 
                    "center": [
                        10.681182861328125, 
                        216.78955078125, 
                        -24.084651947021484
                    ]
                }, 
                {
                    "length": 23.11332893371582, 
                    "direction": [
                        0.2659703493118286, 
                        0.44883623719215393, 
                        -0.8531152606010437
                    ], 
                    "center": [
                        7.273098468780518, 
                        191.58258056640625, 
                        -18.813982009887695
                    ]
                }, 
                {
                    "length": 16.33837890625, 
                    "direction": [
                        0.25306928157806396, 
                        -0.0927712470293045, 
                        -0.9629898071289062
                    ], 
                    "center": [
                        2.131997585296631, 
                        187.15341186523438, 
                        -1.087968349456787
                    ]
                }
            ]
        }, 
        {
            "type": 2, 
            "bone": [
                {
                    "length": 66.7167739868164, 
                    "direction": [
                        -0.063916876912117, 
                        -0.09528307616710663, 
                        0.9933961033821106
                    ], 
                    "center": [
                        -12.110292434692383, 
                        236.28158569335938, 
                        13.37409782409668
                    ]
                }, 
                {
                    "length": 46.092403411865234, 
                    "direction": [
                        -0.13532832264900208, 
                        0.9591467976570129, 
                        0.2484423965215683
                    ], 
                    "center": [
                        -6.8593244552612305, 
                        217.3553924560547, 
                        -25.489646911621094
                    ]
                }, 
                {
                    "length": 27.192764282226562, 
                    "direction": [
                        0.048537977039813995, 
                        0.4955555498600006, 
                        -0.867219090461731
                    ], 
                    "center": [
                        -4.400461673736572, 
                        188.512939453125, 
                        -19.424257278442383
                    ]
                }, 
                {
                    "length": 17.97015380859375, 
                    "direction": [
                        0.1233358383178711, 
                        -0.04901875928044319, 
                        -0.9911535978317261
                    ], 
                    "center": [
                        -6.16858434677124, 
                        182.21560668945312, 
                        1.2723743915557861
                    ]
                }
            ]
        }, 
        {
            "type": 3, 
            "bone": [
                {
                    "length": 59.900508880615234, 
                    "direction": [
                        0.08704689145088196, 
                        -0.0980316624045372, 
                        0.9913690090179443
                    ], 
                    "center": [
                        -28.484622955322266, 
                        235.64361572265625, 
                        15.244138717651367
                    ]
                }, 
                {
                    "length": 42.725582122802734, 
                    "direction": [
                        -0.17860561609268188, 
                        0.9373118877410889, 
                        0.29924312233924866
                    ], 
                    "center": [
                        -27.27618408203125, 
                        218.55609130859375, 
                        -20.84028434753418
                    ]
                }, 
                {
                    "length": 26.490482330322266, 
                    "direction": [
                        -0.12977948784828186, 
                        0.5167278051376343, 
                        -0.8462561964988708
                    ], 
                    "center": [
                        -21.741710662841797, 
                        191.68829345703125, 
                        -16.024084091186523
                    ]
                }, 
                {
                    "length": 17.86687660217285, 
                    "direction": [
                        -0.026146773248910904, 
                        -0.023961426690220833, 
                        -0.9993708729743958
                    ], 
                    "center": [
                        -19.789169311523438, 
                        185.05816650390625, 
                        4.1126017570495605
                    ]
                }
            ]
        }, 
        {
            "type": 4, 
            "bone": [
                {
                    "length": 55.449275970458984, 
                    "direction": [
                        0.22485516965389252, 
                        -0.138087660074234, 
                        0.964557945728302
                    ], 
                    "center": [
                        -43.69927978515625, 
                        229.39816284179688, 
                        18.260211944580078
                    ]
                }, 
                {
                    "length": 33.812801361083984, 
                    "direction": [
                        -0.255439430475235, 
                        0.8910999298095703, 
                        0.3750886023044586
                    ], 
                    "center": [
                        -45.61474609375, 
                        218.1613006591797, 
                        -14.82320785522461
                    ]
                }, 
                {
                    "length": 18.70341682434082, 
                    "direction": [
                        -0.4953462779521942, 
                        0.4550277888774872, 
                        -0.7399876713752747
                    ], 
                    "center": [
                        -36.663848876953125, 
                        198.84072875976562, 
                        -14.244457244873047
                    ]
                }, 
                {
                    "length": 16.482967376708984, 
                    "direction": [
                        -0.34187883138656616, 
                        -0.05665472149848938, 
                        -0.93803471326828
                    ], 
                    "center": [
                        -29.21392822265625, 
                        195.05235290527344, 
                        0.40648865699768066
                    ]
                }
            ]
        }
    ], 
    "hand": {
        "grab_strength": 1.0, 
        "wrist_position": [
            -23.010223388671875, 
            221.39329528808594, 
            53.245994567871094
        ], 
        "palm_width": 87.01065063476562, 
        "palm_velocity": [
            27.435789108276367, 
            -11.253417015075684, 
            4.175271034240723
        ], 
        "palm_normal": [
            -0.02092563919723034, 
            -0.969630777835846, 
            -0.24367652833461761
        ], 
        "is_left": true, 
        "palm_position": [
            -13.853711128234863, 
            229.70933532714844, 
            2.4156532287597656
        ], 
        "pinch_strength": 0.30485573410987854, 
        "is_right": false
    }
}