{
    "timestamp": 33129365282, 
    "id": 506203, 
    "fingers": [
        {
            "type": 0, 
            "bone": [
                {
                    "length": 0.0, 
                    "direction": [
                        0.0, 
                        0.0, 
                        0.0
                    ], 
                    "center": [
                        4.194305896759033, 
                        209.6078643798828, 
                        54.867183685302734
                    ]
                }, 
                {
                    "length": 47.73451232910156, 
                    "direction": [
                        -0.5567554235458374, 
                        -0.04926879703998566, 
                        0.8292140364646912
                    ], 
                    "center": [
                        17.48253059387207, 
                        210.78378295898438, 
                        35.07612228393555
                    ]
                }, 
                {
                    "length": 32.60446548461914, 
                    "direction": [
                        -0.2533663213253021, 
                        0.061623021960258484, 
                        0.9654056429862976
                    ], 
                    "center": [
                        34.90119171142578, 
                        210.95509338378906, 
                        -0.45321035385131836
                    ]
                }, 
                {
                    "length": 22.38006591796875, 
                    "direction": [
                        0.4062597155570984, 
                        0.24811482429504395, 
                        0.8794271349906921
                    ], 
                    "center": [
                        34.48556900024414, 
                        207.17408752441406, 
                        -26.032297134399414
                    ]
                }
            ]
        }, 
        {
            "type": 1, 
            "bone": [
                {
                    "length": 70.35211181640625, 
                    "direction": [
                        -0.19901739060878754, 
                        -0.0864519476890564, 
                        0.9761753082275391
                    ], 
                    "center": [
                        4.304885387420654, 
                        233.49856567382812, 
                        14.905155181884766
                    ]
                }, 
                {
                    "length": 41.08348846435547, 
                    "direction": [
                        0.018462011590600014, 
                        0.9748650193214417, 
                        0.22202980518341064
                    ], 
                    "center": [
                        10.926290512084961, 
                        216.51416015625, 
                        -23.99372100830078
                    ]
                }, 
                {
                    "length": 23.113330841064453, 
                    "direction": [
                        0.26612767577171326, 
                        0.44712501764297485, 
                        -0.8539644479751587
                    ], 
                    "center": [
                        7.471500396728516, 
                        191.32147216796875, 
                        -18.685619354248047
                    ]
                }, 
                {
                    "length": 16.338380813598633, 
                    "direction": [
                        0.2520318031311035, 
                        -0.0945279523730278, 
                        -0.9630910158157349
                    ], 
                    "center": [
                        2.3370559215545654, 
                        186.92640686035156, 
                        -0.9489648342132568
                    ]
                }
            ]
        }, 
        {
            "type": 2, 
            "bone": [
                {
                    "length": 66.7167739868164, 
                    "direction": [
                        -0.06313613802194595, 
                        -0.09403340518474579, 
                        0.9935651421546936
                    ], 
                    "center": [
                        -11.789249420166016, 
                        236.09442138671875, 
                        13.460458755493164
                    ]
                }, 
                {
                    "length": 46.0924072265625, 
                    "direction": [
                        -0.13329240679740906, 
                        0.9594410061836243, 
                        0.24840711057186127
                    ], 
                    "center": [
                        -6.611246109008789, 
                        217.1197509765625, 
                        -25.408111572265625
                    ]
                }, 
                {
                    "length": 27.192764282226562, 
                    "direction": [
                        0.04859523847699165, 
                        0.4952755570411682, 
                        -0.8673758506774902
                    ], 
                    "center": [
                        -4.2000813484191895, 
                        188.27432250976562, 
                        -19.339778900146484
                    ]
                }, 
                {
                    "length": 17.970151901245117, 
                    "direction": [
                        0.12228704988956451, 
                        -0.0498075932264328, 
                        -0.9912441968917847
                    ], 
                    "center": [
                        -5.959559440612793, 
                        181.98788452148438, 
                        1.3597981929779053
                    ]
                }
            ]
        }, 
        {
            "type": 3, 
            "bone": [
                {
                    "length": 59.90050506591797, 
                    "direction": [
                        0.08781986683607101, 
                        -0.0970815047621727, 
                        0.9913944005966187
                    ], 
                    "center": [
                        -28.162975311279297, 
                        235.49078369140625, 
                        15.347140312194824
                    ]
                }, 
                {
                    "length": 42.725582122802734, 
                    "direction": [
                        -0.1764887422323227, 
                        0.9379600882530212, 
                        0.2984671890735626
                    ], 
                    "center": [
                        -27.02290916442871, 
                        218.36094665527344, 
                        -20.721466064453125
                    ]
                }, 
                {
                    "length": 26.490488052368164, 
                    "direction": [
                        -0.1294579803943634, 
                        0.5161119699478149, 
                        -0.8466811180114746
                    ], 
                    "center": [
                        -21.537914276123047, 
                        191.4874725341797, 
                        -15.883058547973633
                    ]
                }, 
                {
                    "length": 17.86687660217285, 
                    "direction": [
                        -0.027015959843993187, 
                        -0.024999922141432762, 
                        -0.9993223547935486
                    ], 
                    "center": [
                        -19.581867218017578, 
                        184.87478637695312, 
                        4.258824348449707
                    ]
                }
            ]
        }, 
        {
            "type": 4, 
            "bone": [
                {
                    "length": 55.44927978515625, 
                    "direction": [
                        0.22552280128002167, 
                        -0.13743875920772552, 
                        0.9644947052001953
                    ], 
                    "center": [
                        -43.386940002441406, 
                        229.27870178222656, 
                        18.38507843017578
                    ]
                }, 
                {
                    "length": 33.81279373168945, 
                    "direction": [
                        -0.2533716559410095, 
                        0.8920604586601257, 
                        0.3742070496082306
                    ], 
                    "center": [
                        -45.35588073730469, 
                        218.0076141357422, 
                        -14.681682586669922
                    ]
                }, 
                {
                    "length": 18.703418731689453, 
                    "direction": [
                        -0.4951872229576111, 
                        0.4549836814403534, 
                        -0.7401211857795715
                    ], 
                    "center": [
                        -36.441429138183594, 
                        198.67120361328125, 
                        -14.086776733398438
                    ]
                }, 
                {
                    "length": 16.482967376708984, 
                    "direction": [
                        -0.34288012981414795, 
                        -0.057234227657318115, 
                        -0.9376339912414551
                    ], 
                    "center": [
                        -28.9847412109375, 
                        194.88803100585938, 
                        0.5621175765991211
                    ]
                }
            ]
        }
    ], 
    "hand": {
        "grab_strength": 1.0, 
        "wrist_position": [
            -22.67959213256836, 
            221.272705078125, 
            53.359779357910156
        ], 
        "palm_width": 87.01065063476562, 
        "palm_velocity": [
            27.019216537475586, 
            -13.25644588470459, 
            5.585533618927002
        ], 
        "palm_normal": [
            -0.023070571944117546, 
            -0.969862699508667, 
            -0.24255728721618652
        ], 
        "is_left": true, 
        "palm_position": [
            -13.556272506713867, 
            229.51319885253906, 
            2.5111682415008545
        ], 
        "pinch_strength": 0.30864185094833374, 
        "is_right": false
    }
}