{
    "timestamp": 33139284747, 
    "id": 507037, 
    "fingers": [
        {
            "type": 0, 
            "bone": [
                {
                    "length": 0.0, 
                    "direction": [
                        0.0, 
                        0.0, 
                        0.0
                    ], 
                    "center": [
                        22.543745040893555, 
                        172.93447875976562, 
                        39.24542999267578
                    ]
                }, 
                {
                    "length": 47.7345085144043, 
                    "direction": [
                        -0.5991260409355164, 
                        -0.08857636898756027, 
                        0.7957400679588318
                    ], 
                    "center": [
                        36.843238830566406, 
                        175.04855346679688, 
                        20.253299713134766
                    ]
                }, 
                {
                    "length": 32.60446548461914, 
                    "direction": [
                        -0.4590300917625427, 
                        -0.016476299613714218, 
                        0.8882679343223572
                    ], 
                    "center": [
                        58.625946044921875, 
                        177.4312286376953, 
                        -13.219581604003906
                    ]
                }, 
                {
                    "length": 22.38006591796875, 
                    "direction": [
                        -0.6643410325050354, 
                        -0.12504875659942627, 
                        0.7368947267532349
                    ], 
                    "center": [
                        73.54315948486328, 
                        179.09912109375, 
                        -35.94620895385742
                    ]
                }
            ]
        }, 
        {
            "type": 1, 
            "bone": [
                {
                    "length": 70.35211181640625, 
                    "direction": [
                        -0.23657271265983582, 
                        0.11975371092557907, 
                        0.9642055630683899
                    ], 
                    "center": [
                        24.76765251159668, 
                        188.1058349609375, 
                        -4.716208457946777
                    ]
                }, 
                {
                    "length": 41.0834846496582, 
                    "direction": [
                        0.03776935860514641, 
                        0.9991638660430908, 
                        0.015654439106583595
                    ], 
                    "center": [
                        32.313499450683594, 
                        163.36880493164062, 
                        -38.95472717285156
                    ]
                }, 
                {
                    "length": 23.11333656311035, 
                    "direction": [
                        0.3150484263896942, 
                        0.24670447409152985, 
                        -0.9164503812789917
                    ], 
                    "center": [
                        27.896739959716797, 
                        139.9931640625, 
                        -28.685184478759766
                    ]
                }, 
                {
                    "length": 16.338380813598633, 
                    "direction": [
                        0.2880708873271942, 
                        -0.3073045611381531, 
                        -0.9069615602493286
                    ], 
                    "center": [
                        21.902524948120117, 
                        139.65249633789062, 
                        -10.684930801391602
                    ]
                }
            ]
        }, 
        {
            "type": 2, 
            "bone": [
                {
                    "length": 66.7167739868164, 
                    "direction": [
                        -0.10167469829320908, 
                        0.11320501565933228, 
                        0.9883556962013245
                    ], 
                    "center": [
                        8.815045356750488, 
                        190.6691436767578, 
                        -7.322083473205566
                    ]
                }, 
                {
                    "length": 46.092411041259766, 
                    "direction": [
                        -0.11294401437044144, 
                        0.9932359457015991, 
                        0.026943396776914597
                    ], 
                    "center": [
                        14.809679985046387, 
                        164.0024871826172, 
                        -40.91297912597656
                    ]
                }, 
                {
                    "length": 27.192764282226562, 
                    "direction": [
                        0.09352780878543854, 
                        0.2835169732570648, 
                        -0.9543954730033875
                    ], 
                    "center": [
                        16.140972137451172, 
                        137.25735473632812, 
                        -28.557594299316406
                    ]
                }, 
                {
                    "length": 17.970151901245117, 
                    "direction": [
                        0.15438689291477203, 
                        -0.27553215622901917, 
                        -0.9488131999969482
                    ], 
                    "center": [
                        13.482152938842773, 
                        135.87823486328125, 
                        -7.056110858917236
                    ]
                }
            ]
        }, 
        {
            "type": 3, 
            "bone": [
                {
                    "length": 59.900508880615234, 
                    "direction": [
                        0.04911717399954796, 
                        0.10677698999643326, 
                        0.993069052696228
                    ], 
                    "center": [
                        -7.626726150512695, 
                        190.79116821289062, 
                        -6.0274553298950195
                    ]
                }, 
                {
                    "length": 42.72557830810547, 
                    "direction": [
                        -0.1612260788679123, 
                        0.9829198122024536, 
                        0.08873941749334335
                    ], 
                    "center": [
                        -5.653559684753418, 
                        166.5952606201172, 
                        -37.66584777832031
                    ]
                }, 
                {
                    "length": 26.490482330322266, 
                    "direction": [
                        -0.08215440064668655, 
                        0.3227390944957733, 
                        -0.942915678024292
                    ], 
                    "center": [
                        -1.1211658716201782, 
                        141.32260131835938, 
                        -27.07242202758789
                    ]
                }, 
                {
                    "length": 17.86687469482422, 
                    "direction": [
                        0.011236703023314476, 
                        -0.24226519465446472, 
                        -0.970145046710968
                    ], 
                    "center": [
                        -0.1333932876586914, 
                        139.21209716796875, 
                        -5.916546821594238
                    ]
                }
            ]
        }, 
        {
            "type": 4, 
            "bone": [
                {
                    "length": 55.44927978515625, 
                    "direction": [
                        0.18652501702308655, 
                        0.05902847647666931, 
                        0.9806752800941467
                    ], 
                    "center": [
                        -23.118030548095703, 
                        185.63882446289062, 
                        -2.4134626388549805
                    ]
                }, 
                {
                    "length": 33.81279754638672, 
                    "direction": [
                        -0.23308832943439484, 
                        0.9537673592567444, 
                        0.1897302269935608
                    ], 
                    "center": [
                        -24.34868621826172, 
                        167.87750244140625, 
                        -32.80998992919922
                    ]
                }, 
                {
                    "length": 18.703418731689453, 
                    "direction": [
                        -0.46140211820602417, 
                        0.31171759963035583, 
                        -0.830626368522644
                    ], 
                    "center": [
                        -16.093101501464844, 
                        148.837646484375, 
                        -28.249866485595703
                    ]
                }, 
                {
                    "length": 16.482967376708984, 
                    "direction": [
                        -0.3160210847854614, 
                        -0.24190638959407806, 
                        -0.9173941016197205
                    ], 
                    "center": [
                        -9.173721313476562, 
                        147.9162139892578, 
                        -12.921401977539062
                    ]
                }
            ]
        }
    ], 
    "hand": {
        "grab_strength": 1.0, 
        "wrist_position": [
            -3.9221949577331543, 
            184.57315063476562, 
            34.281280517578125
        ], 
        "palm_width": 87.01065063476562, 
        "palm_velocity": [
            8.50928020477295, 
            -37.31916046142578, 
            8.76930046081543
        ], 
        "palm_normal": [
            -0.04130719602108002, 
            -0.9983459711074829, 
            -0.039988383650779724
        ], 
        "is_left": true, 
        "palm_position": [
            7.262882709503174, 
            182.01683044433594, 
            -16.75871467590332
        ], 
        "pinch_strength": 0.0, 
        "is_right": false
    }
}