{
    "timestamp": 33139304478, 
    "id": 507039, 
    "fingers": [
        {
            "type": 0, 
            "bone": [
                {
                    "length": 0.0, 
                    "direction": [
                        0.0, 
                        0.0, 
                        0.0
                    ], 
                    "center": [
                        22.96136474609375, 
                        172.4181365966797, 
                        39.35171890258789
                    ]
                }, 
                {
                    "length": 47.7345085144043, 
                    "direction": [
                        -0.6001356840133667, 
                        -0.1218315064907074, 
                        0.7905657291412354
                    ], 
                    "center": [
                        37.28495788574219, 
                        175.325927734375, 
                        20.48308563232422
                    ]
                }, 
                {
                    "length": 32.60446548461914, 
                    "direction": [
                        -0.4669814705848694, 
                        -0.051283568143844604, 
                        0.8827787637710571
                    ], 
                    "center": [
                        59.22138977050781, 
                        179.06973266601562, 
                        -12.776812553405762
                    ]
                }, 
                {
                    "length": 22.38007354736328, 
                    "direction": [
                        -0.6906744241714478, 
                        -0.17402121424674988, 
                        0.7019155621528625
                    ], 
                    "center": [
                        74.56289672851562, 
                        181.85308837890625, 
                        -35.02253723144531
                    ]
                }
            ]
        }, 
        {
            "type": 1, 
            "bone": [
                {
                    "length": 70.35211944580078, 
                    "direction": [
                        -0.23612536489963531, 
                        0.11493697017431259, 
                        0.9649012088775635
                    ], 
                    "center": [
                        24.941465377807617, 
                        187.71485900878906, 
                        -4.578123092651367
                    ]
                }, 
                {
                    "length": 41.08349609375, 
                    "direction": [
                        0.026956602931022644, 
                        0.9994763135910034, 
                        0.01789969578385353
                    ], 
                    "center": [
                        32.693687438964844, 
                        163.14083862304688, 
                        -38.88723373413086
                    ]
                }, 
                {
                    "length": 23.113332748413086, 
                    "direction": [
                        0.3107339143753052, 
                        0.2521040737628937, 
                        -0.9164539575576782
                    ], 
                    "center": [
                        28.548904418945312, 
                        139.6963653564453, 
                        -28.663772583007812
                    ]
                }, 
                {
                    "length": 16.338380813598633, 
                    "direction": [
                        0.2897605895996094, 
                        -0.30221840739250183, 
                        -0.9081315398216248
                    ], 
                    "center": [
                        22.590747833251953, 
                        139.25177001953125, 
                        -10.653919219970703
                    ]
                }
            ]
        }, 
        {
            "type": 2, 
            "bone": [
                {
                    "length": 66.7167739868164, 
                    "direction": [
                        -0.10112100839614868, 
                        0.10979723930358887, 
                        0.9887967705726624
                    ], 
                    "center": [
                        8.957316398620605, 
                        190.11083984375, 
                        -7.149713516235352
                    ]
                }, 
                {
                    "length": 46.092403411865234, 
                    "direction": [
                        -0.12341182678937912, 
                        0.9919363856315613, 
                        0.028837738558650017
                    ], 
                    "center": [
                        15.174724578857422, 
                        163.5878143310547, 
                        -40.798980712890625
                    ]
                }, 
                {
                    "length": 27.19276237487793, 
                    "direction": [
                        0.08777720481157303, 
                        0.28577721118927, 
                        -0.9542675614356995
                    ], 
                    "center": [
                        16.8254451751709, 
                        136.8419189453125, 
                        -28.488994598388672
                    ]
                }, 
                {
                    "length": 17.970149993896484, 
                    "direction": [
                        0.15456289052963257, 
                        -0.27247029542922974, 
                        -0.9496685266494751
                    ], 
                    "center": [
                        14.243234634399414, 
                        135.404541015625, 
                        -6.981566905975342
                    ]
                }
            ]
        }, 
        {
            "type": 3, 
            "bone": [
                {
                    "length": 59.9005126953125, 
                    "direction": [
                        0.04973996430635452, 
                        0.10499587655067444, 
                        0.9932279586791992
                    ], 
                    "center": [
                        -7.482457637786865, 
                        190.05133056640625, 
                        -5.825674057006836
                    ]
                }, 
                {
                    "length": 42.725589752197266, 
                    "direction": [
                        -0.17157447338104248, 
                        0.98093181848526, 
                        0.09129621088504791
                    ], 
                    "center": [
                        -5.3068718910217285, 
                        165.95123291015625, 
                        -37.52344512939453
                    ]
                }, 
                {
                    "length": 26.4904842376709, 
                    "direction": [
                        -0.08807990700006485, 
                        0.32381853461265564, 
                        -0.9420104026794434
                    ], 
                    "center": [
                        -0.47492220997810364, 
                        140.70672607421875, 
                        -26.996633529663086
                    ]
                }, 
                {
                    "length": 17.86687660217285, 
                    "direction": [
                        0.011324785649776459, 
                        -0.24009935557842255, 
                        -0.9706823229789734
                    ], 
                    "center": [
                        0.5905481576919556, 
                        138.56259155273438, 
                        -5.8479461669921875
                    ]
                }
            ]
        }, 
        {
            "type": 4, 
            "bone": [
                {
                    "length": 55.449283599853516, 
                    "direction": [
                        0.18763546645641327, 
                        0.058771174401044846, 
                        0.980478823184967
                    ], 
                    "center": [
                        -22.910404205322266, 
                        184.72268676757812, 
                        -2.1963205337524414
                    ]
                }, 
                {
                    "length": 33.81280517578125, 
                    "direction": [
                        -0.24291789531707764, 
                        0.9507002830505371, 
                        0.19276927411556244
                    ], 
                    "center": [
                        -24.005664825439453, 
                        167.02035522460938, 
                        -32.63877868652344
                    ]
                }, 
                {
                    "length": 18.703418731689453, 
                    "direction": [
                        -0.4662456810474396, 
                        0.308965802192688, 
                        -0.8289480805397034
                    ], 
                    "center": [
                        -15.538601875305176, 
                        148.05807495117188, 
                        -28.145732879638672
                    ]
                }, 
                {
                    "length": 16.482969284057617, 
                    "direction": [
                        -0.31503674387931824, 
                        -0.24299687147140503, 
                        -0.9174445867538452
                    ], 
                    "center": [
                        -8.582036972045898, 
                        147.17137145996094, 
                        -12.83254623413086
                    ]
                }
            ]
        }
    ], 
    "hand": {
        "grab_strength": 1.0, 
        "wrist_position": [
            -3.6382193565368652, 
            183.78024291992188, 
            34.46175765991211
        ], 
        "palm_width": 87.01065063476562, 
        "palm_velocity": [
            9.947989463806152, 
            -32.38799285888672, 
            8.070616722106934
        ], 
        "palm_normal": [
            -0.030540622770786285, 
            -0.9986400008201599, 
            -0.04225427657365799
        ], 
        "is_left": true, 
        "palm_position": [
            7.4822001457214355, 
            181.46414184570312, 
            -16.60382843017578
        ], 
        "pinch_strength": 0.0, 
        "is_right": false
    }
}