{
    "timestamp": 33139267881, 
    "id": 507036, 
    "fingers": [
        {
            "type": 0, 
            "bone": [
                {
                    "length": 0.0, 
                    "direction": [
                        0.0, 
                        0.0, 
                        0.0
                    ], 
                    "center": [
                        22.344804763793945, 
                        173.49217224121094, 
                        39.1342658996582
                    ]
                }, 
                {
                    "length": 47.7345085144043, 
                    "direction": [
                        -0.5982963442802429, 
                        -0.06913276016712189, 
                        0.798287034034729
                    ], 
                    "center": [
                        36.62449645996094, 
                        175.14218139648438, 
                        20.08134651184082
                    ]
                }, 
                {
                    "length": 32.60446548461914, 
                    "direction": [
                        -0.45706015825271606, 
                        0.0028463571798056364, 
                        0.8894311785697937
                    ], 
                    "center": [
                        58.35528564453125, 
                        176.74578857421875, 
                        -13.471285820007324
                    ]
                }, 
                {
                    "length": 22.380067825317383, 
                    "direction": [
                        -0.6447395086288452, 
                        -0.09475420415401459, 
                        0.7585068345069885
                    ], 
                    "center": [
                        73.02104187011719, 
                        177.7596893310547, 
                        -36.458717346191406
                    ]
                }
            ]
        }, 
        {
            "type": 1, 
            "bone": [
                {
                    "length": 70.35211181640625, 
                    "direction": [
                        -0.23673343658447266, 
                        0.12331268936395645, 
                        0.9637174606323242
                    ], 
                    "center": [
                        24.660097122192383, 
                        188.53585815429688, 
                        -4.866514205932617
                    ]
                }, 
                {
                    "length": 41.08348846435547, 
                    "direction": [
                        0.04201813414692879, 
                        0.9990389347076416, 
                        0.012469416484236717
                    ], 
                    "center": [
                        32.12432098388672, 
                        163.6761932373047, 
                        -39.022438049316406
                    ]
                }, 
                {
                    "length": 23.11333465576172, 
                    "direction": [
                        0.31655898690223694, 
                        0.242571160197258, 
                        -0.9170329570770264
                    ], 
                    "center": [
                        27.602827072143555, 
                        140.3508758544922, 
                        -28.680734634399414
                    ]
                }, 
                {
                    "length": 16.338380813598633, 
                    "direction": [
                        0.28727972507476807, 
                        -0.3110411763191223, 
                        -0.9059379696846008
                    ], 
                    "center": [
                        21.597618103027344, 
                        140.08851623535156, 
                        -10.682109832763672
                    ]
                }
            ]
        }, 
        {
            "type": 2, 
            "bone": [
                {
                    "length": 66.7167739868164, 
                    "direction": [
                        -0.10187944769859314, 
                        0.11628025025129318, 
                        0.9879775047302246
                    ], 
                    "center": [
                        8.719816207885742, 
                        191.15701293945312, 
                        -7.490209579467773
                    ]
                }, 
                {
                    "length": 46.092403411865234, 
                    "direction": [
                        -0.10898749530315399, 
                        0.9937449097633362, 
                        0.024344924837350845
                    ], 
                    "center": [
                        14.630098342895508, 
                        164.37603759765625, 
                        -41.008602142333984
                    ]
                }, 
                {
                    "length": 27.192766189575195, 
                    "direction": [
                        0.09559063613414764, 
                        0.2808425724506378, 
                        -0.9549816250801086
                    ], 
                    "center": [
                        15.842159271240234, 
                        137.65554809570312, 
                        -28.585365295410156
                    ]
                }, 
                {
                    "length": 17.970151901245117, 
                    "direction": [
                        0.15421053767204285, 
                        -0.2784420847892761, 
                        -0.9479920864105225
                    ], 
                    "center": [
                        13.156878471374512, 
                        136.33892822265625, 
                        -7.083286762237549
                    ]
                }
            ]
        }, 
        {
            "type": 3, 
            "bone": [
                {
                    "length": 59.9005126953125, 
                    "direction": [
                        0.048881784081459045, 
                        0.1092514842748642, 
                        0.9928115010261536
                    ], 
                    "center": [
                        -7.72219181060791, 
                        191.34942626953125, 
                        -6.207184791564941
                    ]
                }, 
                {
                    "length": 42.725582122802734, 
                    "direction": [
                        -0.15739822387695312, 
                        0.9837604761123657, 
                        0.08626169711351395
                    ], 
                    "center": [
                        -5.8237481117248535, 
                        167.0614471435547, 
                        -37.784934997558594
                    ]
                }, 
                {
                    "length": 26.490482330322266, 
                    "direction": [
                        -0.0796365961432457, 
                        0.32097017765045166, 
                        -0.9437351226806641
                    ], 
                    "center": [
                        -1.4064769744873047, 
                        141.79425048828125, 
                        -27.127723693847656
                    ]
                }, 
                {
                    "length": 17.86687660217285, 
                    "direction": [
                        0.011530245654284954, 
                        -0.24451637268066406, 
                        -0.9695765972137451
                    ], 
                    "center": [
                        -0.45467567443847656, 
                        139.727294921875, 
                        -5.9660725593566895
                    ]
                }
            ]
        }, 
        {
            "type": 4, 
            "bone": [
                {
                    "length": 55.44927978515625, 
                    "direction": [
                        0.1861024796962738, 
                        0.060911014676094055, 
                        0.9806404709815979
                    ], 
                    "center": [
                        -23.236774444580078, 
                        186.26991271972656, 
                        -2.5899524688720703
                    ]
                }, 
                {
                    "length": 33.81281661987305, 
                    "direction": [
                        -0.22934986650943756, 
                        0.9552217125892639, 
                        0.1869492083787918
                    ], 
                    "center": [
                        -24.518917083740234, 
                        168.4318084716797, 
                        -32.93849563598633
                    ]
                }, 
                {
                    "length": 18.703411102294922, 
                    "direction": [
                        -0.4595865309238434, 
                        0.3113024830818176, 
                        -0.8317878246307373
                    ], 
                    "center": [
                        -16.343515396118164, 
                        149.37123107910156, 
                        -28.32050132751465
                    ]
                }, 
                {
                    "length": 16.48296546936035, 
                    "direction": [
                        -0.31640148162841797, 
                        -0.24311913549900055, 
                        -0.9169423580169678
                    ], 
                    "center": [
                        -9.437980651855469, 
                        148.46368408203125, 
                        -12.984901428222656
                    ]
                }
            ]
        }
    ], 
    "hand": {
        "grab_strength": 1.0, 
        "wrist_position": [
            -4.070184707641602, 
            185.22500610351562, 
            34.12067413330078
        ], 
        "palm_width": 87.01065063476562, 
        "palm_velocity": [
            9.460312843322754, 
            -45.17283630371094, 
            8.868887901306152
        ], 
        "palm_normal": [
            -0.04534394294023514, 
            -0.9982737302780151, 
            -0.03732943907380104
        ], 
        "is_left": true, 
        "palm_position": [
            7.138808250427246, 
            182.48570251464844, 
            -16.90458106994629
        ], 
        "pinch_strength": 0.0, 
        "is_right": false
    }
}