{
    "timestamp": 33139256346, 
    "id": 507035, 
    "fingers": [
        {
            "type": 0, 
            "bone": [
                {
                    "length": 0.0, 
                    "direction": [
                        0.0, 
                        0.0, 
                        0.0
                    ], 
                    "center": [
                        22.182876586914062, 
                        174.03549194335938, 
                        39.00958251953125
                    ]
                }, 
                {
                    "length": 47.73450469970703, 
                    "direction": [
                        -0.5972755551338196, 
                        -0.052999868988990784, 
                        0.8002831339836121
                    ], 
                    "center": [
                        36.438201904296875, 
                        175.30044555664062, 
                        19.90902328491211
                    ]
                }, 
                {
                    "length": 32.60446548461914, 
                    "direction": [
                        -0.45479658246040344, 
                        0.019033433869481087, 
                        0.8903918862342834
                    ], 
                    "center": [
                        58.10772705078125, 
                        176.255126953125, 
                        -13.70691204071045
                    ]
                }, 
                {
                    "length": 22.380069732666016, 
                    "direction": [
                        -0.6224042773246765, 
                        -0.06666325032711029, 
                        0.7798518538475037
                    ], 
                    "center": [
                        72.48664855957031, 
                        176.6907958984375, 
                        -36.948856353759766
                    ]
                }
            ]
        }, 
        {
            "type": 1, 
            "bone": [
                {
                    "length": 70.35211181640625, 
                    "direction": [
                        -0.23618772625923157, 
                        0.12602339684963226, 
                        0.9635005593299866
                    ], 
                    "center": [
                        24.533384323120117, 
                        188.97994995117188, 
                        -5.023123741149902
                    ]
                }, 
                {
                    "length": 41.0834846496582, 
                    "direction": [
                        0.04490366578102112, 
                        0.9989369511604309, 
                        0.010422117076814175
                    ], 
                    "center": [
                        31.919137954711914, 
                        164.02703857421875, 
                        -39.129364013671875
                    ]
                }, 
                {
                    "length": 23.113330841064453, 
                    "direction": [
                        0.3170880079269409, 
                        0.23985986411571503, 
                        -0.9175633192062378
                    ], 
                    "center": [
                        27.332258224487305, 
                        140.73516845703125, 
                        -28.739479064941406
                    ]
                }, 
                {
                    "length": 16.338380813598633, 
                    "direction": [
                        0.28622835874557495, 
                        -0.31363189220428467, 
                        -0.9053774476051331
                    ], 
                    "center": [
                        21.329524993896484, 
                        140.52529907226562, 
                        -10.739307403564453
                    ]
                }
            ]
        }, 
        {
            "type": 2, 
            "bone": [
                {
                    "length": 66.7167739868164, 
                    "direction": [
                        -0.10135012865066528, 
                        0.1186496838927269, 
                        0.9877501726150513
                    ], 
                    "center": [
                        8.6002836227417, 
                        191.64193725585938, 
                        -7.649334907531738
                    ]
                }, 
                {
                    "length": 46.0924186706543, 
                    "direction": [
                        -0.10618460178375244, 
                        0.9940908551216125, 
                        0.022538719698786736
                    ], 
                    "center": [
                        14.428312301635742, 
                        164.77395629882812, 
                        -41.1185188293457
                    ]
                }, 
                {
                    "length": 27.192764282226562, 
                    "direction": [
                        0.09651613235473633, 
                        0.27896392345428467, 
                        -0.9554390907287598
                    ], 
                    "center": [
                        15.56319522857666, 
                        138.07101440429688, 
                        -28.647436141967773
                    ]
                }, 
                {
                    "length": 17.970151901245117, 
                    "direction": [
                        0.15356647968292236, 
                        -0.2805105447769165, 
                        -0.9474867582321167
                    ], 
                    "center": [
                        12.871118545532227, 
                        136.79852294921875, 
                        -7.143680572509766
                    ]
                }
            ]
        }, 
        {
            "type": 3, 
            "bone": [
                {
                    "length": 59.900508880615234, 
                    "direction": [
                        0.04939097538590431, 
                        0.11119308322668076, 
                        0.9925706386566162
                    ], 
                    "center": [
                        -7.840847492218018, 
                        191.8848419189453, 
                        -6.363638877868652
                    ]
                }, 
                {
                    "length": 42.7255744934082, 
                    "direction": [
                        -0.15460504591464996, 
                        0.984362006187439, 
                        0.08443193137645721
                    ], 
                    "center": [
                        -6.017324924468994, 
                        167.52586364746094, 
                        -37.89508819580078
                    ]
                }, 
                {
                    "length": 26.490488052368164, 
                    "direction": [
                        -0.07846412062644958, 
                        0.3194822669029236, 
                        -0.9443380236625671
                    ], 
                    "center": [
                        -1.6752537488937378, 
                        142.26553344726562, 
                        -27.190799713134766
                    ]
                }, 
                {
                    "length": 17.86687660217285, 
                    "direction": [
                        0.011101876385509968, 
                        -0.24637643992900848, 
                        -0.9691106081008911
                    ], 
                    "center": [
                        -0.7351551055908203, 
                        140.23489379882812, 
                        -6.025320529937744
                    ]
                }
            ]
        }, 
        {
            "type": 4, 
            "bone": [
                {
                    "length": 55.44927978515625, 
                    "direction": [
                        0.1864681988954544, 
                        0.06242838129401207, 
                        0.9804755449295044
                    ], 
                    "center": [
                        -23.369430541992188, 
                        186.85804748535156, 
                        -2.7328453063964844
                    ]
                }, 
                {
                    "length": 33.81279373168945, 
                    "direction": [
                        -0.22651630640029907, 
                        0.9562738537788391, 
                        0.18501552939414978
                    ], 
                    "center": [
                        -24.709619522094727, 
                        168.96009826660156, 
                        -33.044124603271484
                    ]
                }, 
                {
                    "length": 18.70341682434082, 
                    "direction": [
                        -0.45887064933776855, 
                        0.3109336197376251, 
                        -0.8323208689689636
                    ], 
                    "center": [
                        -16.588821411132812, 
                        149.88519287109375, 
                        -28.388446807861328
                    ]
                }, 
                {
                    "length": 16.48296546936035, 
                    "direction": [
                        -0.31732869148254395, 
                        -0.24408282339572906, 
                        -0.9163658022880554
                    ], 
                    "center": [
                        -9.682336807250977, 
                        148.98904418945312, 
                        -13.052613258361816
                    ]
                }
            ]
        }
    ], 
    "hand": {
        "grab_strength": 1.0, 
        "wrist_position": [
            -4.1988654136657715, 
            185.8345184326172, 
            33.9763069152832
        ], 
        "palm_width": 87.01065063476562, 
        "palm_velocity": [
            7.808974266052246, 
            -47.4344596862793, 
            7.179173946380615
        ], 
        "palm_normal": [
            -0.0482526533305645, 
            -0.9982138872146606, 
            -0.03522448241710663
        ], 
        "is_left": true, 
        "palm_position": [
            6.992258071899414, 
            182.95550537109375, 
            -17.04517936706543
        ], 
        "pinch_strength": 0.0, 
        "is_right": false
    }
}