{
    "timestamp": 33139318985, 
    "id": 507040, 
    "fingers": [
        {
            "type": 0, 
            "bone": [
                {
                    "length": 0.0, 
                    "direction": [
                        0.0, 
                        0.0, 
                        0.0
                    ], 
                    "center": [
                        23.142078399658203, 
                        172.25033569335938, 
                        39.37880325317383
                    ]
                }, 
                {
                    "length": 47.73451232910156, 
                    "direction": [
                        -0.6005225777626038, 
                        -0.1328897923231125, 
                        0.7884877324104309
                    ], 
                    "center": [
                        37.47490692138672, 
                        175.42205810546875, 
                        20.559764862060547
                    ]
                }, 
                {
                    "length": 32.60446548461914, 
                    "direction": [
                        -0.46671950817108154, 
                        -0.06118357554078102, 
                        0.8822864890098572
                    ], 
                    "center": [
                        59.41630172729492, 
                        179.5911865234375, 
                        -12.642511367797852
                    ]
                }, 
                {
                    "length": 22.380069732666016, 
                    "direction": [
                        -0.6952855587005615, 
                        -0.18810661137104034, 
                        0.6936813592910767
                    ], 
                    "center": [
                        74.80514526367188, 
                        182.69354248046875, 
                        -34.78807067871094
                    ]
                }
            ]
        }, 
        {
            "type": 1, 
            "bone": [
                {
                    "length": 70.35211944580078, 
                    "direction": [
                        -0.23595407605171204, 
                        0.11307995021343231, 
                        0.965162456035614
                    ], 
                    "center": [
                        25.01441192626953, 
                        187.58860778808594, 
                        -4.541278839111328
                    ]
                }, 
                {
                    "length": 41.08349609375, 
                    "direction": [
                        0.022094670683145523, 
                        0.9995825290679932, 
                        0.018615586683154106
                    ], 
                    "center": [
                        32.86048126220703, 
                        163.07772827148438, 
                        -38.87428665161133
                    ]
                }, 
                {
                    "length": 23.11333465576172, 
                    "direction": [
                        0.30882498621940613, 
                        0.2542562186717987, 
                        -0.9165046811103821
                    ], 
                    "center": [
                        28.837631225585938, 
                        139.606201171875, 
                        -28.66494369506836
                    ]
                }, 
                {
                    "length": 16.338382720947266, 
                    "direction": [
                        0.2905542552471161, 
                        -0.30018243193626404, 
                        -0.9085531830787659
                    ], 
                    "center": [
                        22.895050048828125, 
                        139.12008666992188, 
                        -10.651060104370117
                    ]
                }
            ]
        }, 
        {
            "type": 2, 
            "bone": [
                {
                    "length": 66.7167739868164, 
                    "direction": [
                        -0.10090828686952591, 
                        0.10858095437288284, 
                        0.9889528751373291
                    ], 
                    "center": [
                        9.016837120056152, 
                        189.90850830078125, 
                        -7.099095344543457
                    ]
                }, 
                {
                    "length": 46.092403411865234, 
                    "direction": [
                        -0.12804800271987915, 
                        0.9913398623466492, 
                        0.029137669131159782
                    ], 
                    "center": [
                        15.33399486541748, 
                        163.43980407714844, 
                        -40.76047897338867
                    ]
                }, 
                {
                    "length": 27.192764282226562, 
                    "direction": [
                        0.085090771317482, 
                        0.2861268222332001, 
                        -0.954406201839447
                    ], 
                    "center": [
                        17.128087997436523, 
                        136.70289611816406, 
                        -28.455520629882812
                    ]
                }, 
                {
                    "length": 17.97015380859375, 
                    "direction": [
                        0.1544937640428543, 
                        -0.2716992199420929, 
                        -0.9499006271362305
                    ], 
                    "center": [
                        14.583023071289062, 
                        135.25384521484375, 
                        -6.94412088394165
                    ]
                }
            ]
        }, 
        {
            "type": 3, 
            "bone": [
                {
                    "length": 59.90050506591797, 
                    "direction": [
                        0.0499776229262352, 
                        0.10451188683509827, 
                        0.9932671189308167
                    ], 
                    "center": [
                        -7.42144775390625, 
                        189.76788330078125, 
                        -5.762743949890137
                    ]
                }, 
                {
                    "length": 42.7255859375, 
                    "direction": [
                        -0.1761585921049118, 
                        0.9800176024436951, 
                        0.09237752854824066
                    ], 
                    "center": [
                        -5.155050277709961, 
                        165.70181274414062, 
                        -37.48478698730469
                    ]
                }, 
                {
                    "length": 26.490480422973633, 
                    "direction": [
                        -0.09096594899892807, 
                        0.3241733908653259, 
                        -0.9416139125823975
                    ], 
                    "center": [
                        -0.18694496154785156, 
                        140.47213745117188, 
                        -26.986326217651367
                    ]
                }, 
                {
                    "length": 17.866872787475586, 
                    "direction": [
                        0.01112462393939495, 
                        -0.2393205314874649, 
                        -0.970876932144165
                    ], 
                    "center": [
                        0.9185397624969482, 
                        138.31634521484375, 
                        -5.841155052185059
                    ]
                }
            ]
        }, 
        {
            "type": 4, 
            "bone": [
                {
                    "length": 55.44927978515625, 
                    "direction": [
                        0.18808718025684357, 
                        0.05896931141614914, 
                        0.9803804159164429
                    ], 
                    "center": [
                        -22.820491790771484, 
                        184.3614501953125, 
                        -2.12570858001709
                    ]
                }, 
                {
                    "length": 33.812801361083984, 
                    "direction": [
                        -0.24727077782154083, 
                        0.9493348002433777, 
                        0.1939605474472046
                    ], 
                    "center": [
                        -23.85468292236328, 
                        166.6767120361328, 
                        -32.58557891845703
                    ]
                }, 
                {
                    "length": 18.703418731689453, 
                    "direction": [
                        -0.4683671295642853, 
                        0.3075609505176544, 
                        -0.8282743096351624
                    ], 
                    "center": [
                        -15.294189453125, 
                        147.7506561279297, 
                        -28.118972778320312
                    ]
                }, 
                {
                    "length": 16.482967376708984, 
                    "direction": [
                        -0.3145444989204407, 
                        -0.24371805787086487, 
                        -0.9174221158027649
                    ], 
                    "center": [
                        -8.321842193603516, 
                        146.88302612304688, 
                        -12.812273025512695
                    ]
                }
            ]
        }
    ], 
    "hand": {
        "grab_strength": 1.0, 
        "wrist_position": [
            -3.5162622928619385, 
            183.4862060546875, 
            34.51716995239258
        ], 
        "palm_width": 87.01065063476562, 
        "palm_velocity": [
            8.562217712402344, 
            -24.943912506103516, 
            6.074275970458984
        ], 
        "palm_normal": [
            -0.025704143568873405, 
            -0.9987459182739258, 
            -0.042964138090610504
        ], 
        "is_left": true, 
        "palm_position": [
            7.576748371124268, 
            181.26162719726562, 
            -16.558441162109375
        ], 
        "pinch_strength": 0.0, 
        "is_right": false
    }
}