{
    "timestamp": 33139348180, 
    "id": 507043, 
    "fingers": [
        {
            "type": 0, 
            "bone": [
                {
                    "length": 0.0, 
                    "direction": [
                        0.0, 
                        0.0, 
                        0.0
                    ], 
                    "center": [
                        23.516111373901367, 
                        171.6309051513672, 
                        39.23029708862305
                    ]
                }, 
                {
                    "length": 47.7345085144043, 
                    "direction": [
                        -0.601508617401123, 
                        -0.15753331780433655, 
                        0.7831798791885376
                    ], 
                    "center": [
                        37.87247085571289, 
                        175.3907928466797, 
                        20.537944793701172
                    ]
                }, 
                {
                    "length": 32.60446548461914, 
                    "direction": [
                        -0.4602101445198059, 
                        -0.07943826168775558, 
                        0.8842489123344421
                    ], 
                    "center": [
                        59.73128128051758, 
                        180.44570922851562, 
                        -12.569639205932617
                    ]
                }, 
                {
                    "length": 22.380069732666016, 
                    "direction": [
                        -0.6785606145858765, 
                        -0.20332308113574982, 
                        0.7058436274528503
                    ], 
                    "center": [
                        74.82685089111328, 
                        184.0159149169922, 
                        -34.88328552246094
                    ]
                }
            ]
        }, 
        {
            "type": 1, 
            "bone": [
                {
                    "length": 70.35211944580078, 
                    "direction": [
                        -0.23769530653953552, 
                        0.1062389686703682, 
                        0.9655123949050903
                    ], 
                    "center": [
                        25.164710998535156, 
                        187.14657592773438, 
                        -4.636409759521484
                    ]
                }, 
                {
                    "length": 41.08348083496094, 
                    "direction": [
                        0.007067827042192221, 
                        0.9997199773788452, 
                        0.02258196659386158
                    ], 
                    "center": [
                        33.380706787109375, 
                        162.87350463867188, 
                        -39.063201904296875
                    ]
                }, 
                {
                    "length": 23.11333656311035, 
                    "direction": [
                        0.30521202087402344, 
                        0.26225218176841736, 
                        -0.9154612421989441
                    ], 
                    "center": [
                        29.708290100097656, 
                        139.3067626953125, 
                        -28.94739532470703
                    ]
                }, 
                {
                    "length": 16.338376998901367, 
                    "direction": [
                        0.29519665241241455, 
                        -0.29271018505096436, 
                        -0.909494161605835
                    ], 
                    "center": [
                        23.76953887939453, 
                        138.66720581054688, 
                        -10.937882423400879
                    ]
                }
            ]
        }, 
        {
            "type": 2, 
            "bone": [
                {
                    "length": 66.7167739868164, 
                    "direction": [
                        -0.10259979963302612, 
                        0.10366209596395493, 
                        0.9893065690994263
                    ], 
                    "center": [
                        9.134709358215332, 
                        189.23764038085938, 
                        -7.188516616821289
                    ]
                }, 
                {
                    "length": 46.09239959716797, 
                    "direction": [
                        -0.14215117692947388, 
                        0.9893913865089417, 
                        0.029960988089442253
                    ], 
                    "center": [
                        15.833316802978516, 
                        162.97793579101562, 
                        -40.880672454833984
                    ]
                }, 
                {
                    "length": 27.192766189575195, 
                    "direction": [
                        0.07973673939704895, 
                        0.287151962518692, 
                        -0.9545605778694153
                    ], 
                    "center": [
                        18.025230407714844, 
                        136.27200317382812, 
                        -28.592588424682617
                    ]
                }, 
                {
                    "length": 17.970151901245117, 
                    "direction": [
                        0.15699607133865356, 
                        -0.2690950036048889, 
                        -0.950231671333313
                    ], 
                    "center": [
                        15.530477523803711, 
                        134.78561401367188, 
                        -7.076115131378174
                    ]
                }
            ]
        }, 
        {
            "type": 3, 
            "bone": [
                {
                    "length": 59.900508880615234, 
                    "direction": [
                        0.04832946136593819, 
                        0.1018175408244133, 
                        0.9936283826828003
                    ], 
                    "center": [
                        -7.299802303314209, 
                        188.84854125976562, 
                        -5.855020523071289
                    ]
                }, 
                {
                    "length": 42.7255973815918, 
                    "direction": [
                        -0.19024395942687988, 
                        0.9769149422645569, 
                        0.0971827581524849
                    ], 
                    "center": [
                        -4.683138847351074, 
                        164.929443359375, 
                        -37.6905403137207
                    ]
                }, 
                {
                    "length": 26.490482330322266, 
                    "direction": [
                        -0.09767822921276093, 
                        0.3267481327056885, 
                        -0.9400502443313599
                    ], 
                    "center": [
                        0.6747763156890869, 
                        139.73193359375, 
                        -27.31544303894043
                    ]
                }, 
                {
                    "length": 17.86687660217285, 
                    "direction": [
                        0.012698322534561157, 
                        -0.23568232357501984, 
                        -0.9717472195625305
                    ], 
                    "center": [
                        1.855108380317688, 
                        137.50953674316406, 
                        -6.183207035064697
                    ]
                }
            ]
        }, 
        {
            "type": 4, 
            "bone": [
                {
                    "length": 55.449283599853516, 
                    "direction": [
                        0.18710075318813324, 
                        0.058374080806970596, 
                        0.9806047081947327
                    ], 
                    "center": [
                        -22.617265701293945, 
                        183.20169067382812, 
                        -2.2388429641723633
                    ]
                }, 
                {
                    "length": 33.812801361083984, 
                    "direction": [
                        -0.2610977292060852, 
                        0.9448432922363281, 
                        0.19773487746715546
                    ], 
                    "center": [
                        -23.390344619750977, 
                        165.60940551757812, 
                        -32.76874542236328
                    ]
                }, 
                {
                    "length": 18.703418731689453, 
                    "direction": [
                        -0.47287407517433167, 
                        0.3038986921310425, 
                        -0.8270644545555115
                    ], 
                    "center": [
                        -14.553940773010254, 
                        146.79351806640625, 
                        -28.377262115478516
                    ]
                }, 
                {
                    "length": 16.482967376708984, 
                    "direction": [
                        -0.3109096884727478, 
                        -0.2449372410774231, 
                        -0.9183359742164612
                    ], 
                    "center": [
                        -7.569402694702148, 
                        145.97019958496094, 
                        -13.074344635009766
                    ]
                }
            ]
        }
    ], 
    "hand": {
        "grab_strength": 1.0, 
        "wrist_position": [
            -3.3055636882781982, 
            182.48667907714844, 
            34.4035758972168
        ], 
        "palm_width": 87.01065063476562, 
        "palm_velocity": [
            9.360831260681152, 
            -26.00440216064453, 
            -1.563629150390625
        ], 
        "palm_normal": [
            -0.010877706110477448, 
            -0.9988633394241333, 
            -0.046408455818891525
        ], 
        "is_left": true, 
        "palm_position": [
            7.823958873748779, 
            180.60301208496094, 
            -16.67780303955078
        ], 
        "pinch_strength": 0.0, 
        "is_right": false
    }
}