{
    "timestamp": 33139429659, 
    "id": 507050, 
    "fingers": [
        {
            "type": 0, 
            "bone": [
                {
                    "length": 0.0, 
                    "direction": [
                        0.0, 
                        0.0, 
                        0.0
                    ], 
                    "center": [
                        24.36096954345703, 
                        170.3978271484375, 
                        38.72582244873047
                    ]
                }, 
                {
                    "length": 47.7345085144043, 
                    "direction": [
                        -0.5905563235282898, 
                        -0.1923384815454483, 
                        0.7837405204772949
                    ], 
                    "center": [
                        38.45592498779297, 
                        174.98841857910156, 
                        20.02008819580078
                    ]
                }, 
                {
                    "length": 32.60446548461914, 
                    "direction": [
                        -0.4094337522983551, 
                        -0.0881434753537178, 
                        0.9080719351768494
                    ], 
                    "center": [
                        59.22557067871094, 
                        181.0159454345703, 
                        -13.48924446105957
                    ]
                }, 
                {
                    "length": 22.380075454711914, 
                    "direction": [
                        -0.5710156559944153, 
                        -0.18064354360103607, 
                        0.8008177876472473
                    ], 
                    "center": [
                        72.2899398803711, 
                        184.4742889404297, 
                        -37.254024505615234
                    ]
                }
            ]
        }, 
        {
            "type": 1, 
            "bone": [
                {
                    "length": 70.35210418701172, 
                    "direction": [
                        -0.23017321527004242, 
                        0.08709786087274551, 
                        0.9692441821098328
                    ], 
                    "center": [
                        25.05323028564453, 
                        186.49224853515625, 
                        -4.957494735717773
                    ]
                }, 
                {
                    "length": 41.08349609375, 
                    "direction": [
                        -0.020642274990677834, 
                        0.9994098544120789, 
                        0.027457447722554207
                    ], 
                    "center": [
                        33.57384490966797, 
                        162.89886474609375, 
                        -39.61570739746094
                    ]
                }, 
                {
                    "length": 23.11333465576172, 
                    "direction": [
                        0.28744184970855713, 
                        0.2726703882217407, 
                        -0.9181655049324036
                    ], 
                    "center": [
                        30.676002502441406, 
                        139.21807861328125, 
                        -29.568796157836914
                    ]
                }, 
                {
                    "length": 16.338380813598633, 
                    "direction": [
                        0.2927589416503906, 
                        -0.28067746758461, 
                        -0.9140636920928955
                    ], 
                    "center": [
                        24.962528228759766, 
                        138.3598175048828, 
                        -11.490702629089355
                    ]
                }
            ]
        }, 
        {
            "type": 2, 
            "bone": [
                {
                    "length": 66.7167739868164, 
                    "direction": [
                        -0.09480803459882736, 
                        0.08836299926042557, 
                        0.9915661215782166
                    ], 
                    "center": [
                        8.939861297607422, 
                        188.12319946289062, 
                        -7.312525749206543
                    ]
                }, 
                {
                    "length": 46.0924072265625, 
                    "direction": [
                        -0.1694546639919281, 
                        0.9852368831634521, 
                        0.024358659982681274
                    ], 
                    "center": [
                        16.00779151916504, 
                        162.46957397460938, 
                        -40.95094680786133
                    ]
                }, 
                {
                    "length": 27.192764282226562, 
                    "direction": [
                        0.06278277933597565, 
                        0.27840280532836914, 
                        -0.9584103226661682
                    ], 
                    "center": [
                        19.059459686279297, 
                        135.97833251953125, 
                        -28.481409072875977
                    ]
                }, 
                {
                    "length": 17.970151901245117, 
                    "direction": [
                        0.15470679104328156, 
                        -0.27059030532836914, 
                        -0.9501824975013733
                    ], 
                    "center": [
                        16.81578826904297, 
                        134.6243438720703, 
                        -6.913034915924072
                    ]
                }
            ]
        }, 
        {
            "type": 3, 
            "bone": [
                {
                    "length": 59.900508880615234, 
                    "direction": [
                        0.05614584684371948, 
                        0.09108222275972366, 
                        0.9942592978477478
                    ], 
                    "center": [
                        -7.459501266479492, 
                        187.21536254882812, 
                        -5.809342384338379
                    ]
                }, 
                {
                    "length": 42.7255859375, 
                    "direction": [
                        -0.21850290894508362, 
                        0.9712324738502502, 
                        0.09467872977256775
                    ], 
                    "center": [
                        -4.4732513427734375, 
                        163.73919677734375, 
                        -37.61026382446289
                    ]
                }, 
                {
                    "length": 26.49048614501953, 
                    "direction": [
                        -0.12134052813053131, 
                        0.31433334946632385, 
                        -0.941525936126709
                    ], 
                    "center": [
                        1.8017653226852417, 
                        138.82752990722656, 
                        -27.162126541137695
                    ]
                }, 
                {
                    "length": 17.866878509521484, 
                    "direction": [
                        0.004872594960033894, 
                        -0.24086709320545197, 
                        -0.9705458879470825
                    ], 
                    "center": [
                        3.3654210567474365, 
                        136.81588745117188, 
                        -6.021075248718262
                    ]
                }
            ]
        }, 
        {
            "type": 4, 
            "bone": [
                {
                    "length": 55.44927978515625, 
                    "direction": [
                        0.19602370262145996, 
                        0.05206548050045967, 
                        0.9792159795761108
                    ], 
                    "center": [
                        -22.557180404663086, 
                        181.0589141845703, 
                        -2.101738929748535
                    ]
                }, 
                {
                    "length": 33.812801361083984, 
                    "direction": [
                        -0.29288923740386963, 
                        0.9344951510429382, 
                        0.20232342183589935
                    ], 
                    "center": [
                        -23.040164947509766, 
                        163.81646728515625, 
                        -32.67070770263672
                    ]
                }, 
                {
                    "length": 18.703418731689453, 
                    "direction": [
                        -0.48646441102027893, 
                        0.2874833941459656, 
                        -0.8250488638877869
                    ], 
                    "center": [
                        -13.539186477661133, 
                        145.3290557861328, 
                        -28.375652313232422
                    ]
                }, 
                {
                    "length": 16.482969284057617, 
                    "direction": [
                        -0.30631783604621887, 
                        -0.2527383267879486, 
                        -0.9177650213241577
                    ], 
                    "center": [
                        -6.465399265289307, 
                        144.72354125976562, 
                        -13.09628963470459
                    ]
                }
            ]
        }
    ], 
    "hand": {
        "grab_strength": 1.0, 
        "wrist_position": [
            -2.8303277492523193, 
            180.48651123046875, 
            34.321380615234375
        ], 
        "palm_width": 87.01065063476562, 
        "palm_velocity": [
            -1.8321939706802368, 
            -12.494298934936523, 
            -2.54315185546875
        ], 
        "palm_normal": [
            0.019029827788472176, 
            -0.9980860948562622, 
            -0.05883863940834999
        ], 
        "is_left": true, 
        "palm_position": [
            7.788205146789551, 
            179.5692596435547, 
            -16.895095825195312
        ], 
        "pinch_strength": 0.0, 
        "is_right": false
    }
}