{
    "timestamp": 33139371900, 
    "id": 507045, 
    "fingers": [
        {
            "type": 0, 
            "bone": [
                {
                    "length": 0.0, 
                    "direction": [
                        0.0, 
                        0.0, 
                        0.0
                    ], 
                    "center": [
                        23.794347763061523, 
                        171.17684936523438, 
                        39.130226135253906
                    ]
                }, 
                {
                    "length": 47.73451232910156, 
                    "direction": [
                        -0.5998164415359497, 
                        -0.17127865552902222, 
                        0.7815905213356018
                    ], 
                    "center": [
                        38.110321044921875, 
                        175.26480102539062, 
                        20.475805282592773
                    ]
                }, 
                {
                    "length": 32.60446548461914, 
                    "direction": [
                        -0.4498748779296875, 
                        -0.08713166415691376, 
                        0.8888310790061951
                    ], 
                    "center": [
                        59.760257720947266, 
                        180.773193359375, 
                        -12.668546676635742
                    ]
                }, 
                {
                    "length": 22.380067825317383, 
                    "direction": [
                        -0.6525996923446655, 
                        -0.20278242230415344, 
                        0.7300636768341064
                    ], 
                    "center": [
                        74.39683532714844, 
                        184.4627685546875, 
                        -35.32791519165039
                    ]
                }
            ]
        }, 
        {
            "type": 1, 
            "bone": [
                {
                    "length": 70.35211944580078, 
                    "direction": [
                        -0.23702874779701233, 
                        0.10082708299160004, 
                        0.966256320476532
                    ], 
                    "center": [
                        25.22054672241211, 
                        186.8507080078125, 
                        -4.688009262084961
                    ]
                }, 
                {
                    "length": 41.08347702026367, 
                    "direction": [
                        -0.0020036608912050724, 
                        0.9996910691261292, 
                        0.02477412112057209
                    ], 
                    "center": [
                        33.59944152832031, 
                        162.76861572265625, 
                        -39.18600082397461
                    ]
                }, 
                {
                    "length": 23.11333465576172, 
                    "direction": [
                        0.30126941204071045, 
                        0.2666357755661011, 
                        -0.9155009984970093
                    ], 
                    "center": [
                        30.158931732177734, 
                        139.15179443359375, 
                        -29.114763259887695
                    ]
                }, 
                {
                    "length": 16.33837890625, 
                    "direction": [
                        0.2962726056575775, 
                        -0.2881937026977539, 
                        -0.9105859994888306
                    ], 
                    "center": [
                        24.256954193115234, 
                        138.4246826171875, 
                        -11.095871925354004
                    ]
                }
            ]
        }, 
        {
            "type": 2, 
            "bone": [
                {
                    "length": 66.7167739868164, 
                    "direction": [
                        -0.10187415778636932, 
                        0.09945222735404968, 
                        0.9898136258125305
                    ], 
                    "center": [
                        9.167106628417969, 
                        188.7982177734375, 
                        -7.206151008605957
                    ]
                }, 
                {
                    "length": 46.092403411865234, 
                    "direction": [
                        -0.1509189009666443, 
                        0.988083004951477, 
                        0.030257603153586388
                    ], 
                    "center": [
                        16.04357147216797, 
                        162.70909118652344, 
                        -40.92205810546875
                    ]
                }, 
                {
                    "length": 27.192768096923828, 
                    "direction": [
                        0.07507462054491043, 
                        0.28681468963623047, 
                        -0.9550397992134094
                    ], 
                    "center": [
                        18.500934600830078, 
                        136.0378875732422, 
                        -28.634292602539062
                    ]
                }, 
                {
                    "length": 17.970151901245117, 
                    "direction": [
                        0.1571718454360962, 
                        -0.268082857131958, 
                        -0.9504886269569397
                    ], 
                    "center": [
                        16.067991256713867, 
                        134.5469970703125, 
                        -7.1089911460876465
                    ]
                }
            ]
        }, 
        {
            "type": 3, 
            "bone": [
                {
                    "length": 59.90050506591797, 
                    "direction": [
                        0.049073025584220886, 
                        0.09902285039424896, 
                        0.9938743710517883
                    ], 
                    "center": [
                        -7.26066780090332, 
                        188.24911499023438, 
                        -5.846175193786621
                    ]
                }, 
                {
                    "length": 42.7255859375, 
                    "direction": [
                        -0.1989779770374298, 
                        0.9753362536430359, 
                        0.09553468972444534
                    ], 
                    "center": [
                        -4.479691982269287, 
                        164.44744873046875, 
                        -37.65385437011719
                    ]
                }, 
                {
                    "length": 26.490482330322266, 
                    "direction": [
                        -0.10428060591220856, 
                        0.32211068272590637, 
                        -0.9409411549568176
                    ], 
                    "center": [
                        1.1522548198699951, 
                        139.34510803222656, 
                        -27.231746673583984
                    ]
                }, 
                {
                    "length": 17.86687469482422, 
                    "direction": [
                        0.011025205254554749, 
                        -0.23828542232513428, 
                        -0.9711326360702515
                    ], 
                    "center": [
                        2.434983730316162, 
                        137.20738220214844, 
                        -6.093203067779541
                    ]
                }
            ]
        }, 
        {
            "type": 4, 
            "bone": [
                {
                    "length": 55.44927978515625, 
                    "direction": [
                        0.18822665512561798, 
                        0.05693817511200905, 
                        0.9804736971855164
                    ], 
                    "center": [
                        -22.51775360107422, 
                        182.4456787109375, 
                        -2.222691535949707
                    ]
                }, 
                {
                    "length": 33.81280517578125, 
                    "direction": [
                        -0.27035605907440186, 
                        0.9417420625686646, 
                        0.2000735104084015
                    ], 
                    "center": [
                        -23.165523529052734, 
                        164.94561767578125, 
                        -32.78849792480469
                    ]
                }, 
                {
                    "length": 18.703418731689453, 
                    "direction": [
                        -0.47649329900741577, 
                        0.3006688356399536, 
                        -0.8261672258377075
                    ], 
                    "center": [
                        -14.138747215270996, 
                        146.21238708496094, 
                        -28.444944381713867
                    ]
                }, 
                {
                    "length": 16.482967376708984, 
                    "direction": [
                        -0.30915653705596924, 
                        -0.2460508942604065, 
                        -0.9186301231384277
                    ], 
                    "center": [
                        -7.1348114013671875, 
                        145.42843627929688, 
                        -13.147993087768555
                    ]
                }
            ]
        }
    ], 
    "hand": {
        "grab_strength": 1.0, 
        "wrist_position": [
            -3.1371381282806396, 
            181.79383850097656, 
            34.38450241088867
        ], 
        "palm_width": 87.01065063476562, 
        "palm_velocity": [
            6.0273027420043945, 
            -20.922210693359375, 
            -1.5205937623977661
        ], 
        "palm_normal": [
            -0.0015030137728899717, 
            -0.9987645149230957, 
            -0.04967032000422478
        ], 
        "is_left": true, 
        "palm_position": [
            7.921815872192383, 
            180.18260192871094, 
            -16.72151756286621
        ], 
        "pinch_strength": 0.0, 
        "is_right": false
    }
}