{
    "timestamp": 33139405542, 
    "id": 507048, 
    "fingers": [
        {
            "type": 0, 
            "bone": [
                {
                    "length": 0.0, 
                    "direction": [
                        0.0, 
                        0.0, 
                        0.0
                    ], 
                    "center": [
                        24.080638885498047, 
                        170.8733673095703, 
                        38.92201232910156
                    ]
                }, 
                {
                    "length": 47.7345085144043, 
                    "direction": [
                        -0.5965225100517273, 
                        -0.1831636130809784, 
                        0.7814167141914368
                    ], 
                    "center": [
                        38.3179931640625, 
                        175.24497985839844, 
                        20.27174186706543
                    ]
                }, 
                {
                    "length": 32.604461669921875, 
                    "direction": [
                        -0.43409255146980286, 
                        -0.09074882417917252, 
                        0.896285891532898
                    ], 
                    "center": [
                        59.63202667236328, 
                        181.09600830078125, 
                        -12.989988327026367
                    ]
                }, 
                {
                    "length": 22.380069732666016, 
                    "direction": [
                        -0.615810215473175, 
                        -0.19469758868217468, 
                        0.7634596824645996
                    ], 
                    "center": [
                        73.59963989257812, 
                        184.75408935546875, 
                        -36.144588470458984
                    ]
                }
            ]
        }, 
        {
            "type": 1, 
            "bone": [
                {
                    "length": 70.35211181640625, 
                    "direction": [
                        -0.23379214107990265, 
                        0.09640488773584366, 
                        0.9674953818321228
                    ], 
                    "center": [
                        25.171791076660156, 
                        186.65980529785156, 
                        -4.865418434143066
                    ]
                }, 
                {
                    "length": 41.08347702026367, 
                    "direction": [
                        -0.009510773234069347, 
                        0.9997137188911438, 
                        0.021955866366624832
                    ], 
                    "center": [
                        33.591041564941406, 
                        162.73280334472656, 
                        -39.34910202026367
                    ]
                }, 
                {
                    "length": 23.11333465576172, 
                    "direction": [
                        0.2950880527496338, 
                        0.26475095748901367, 
                        -0.9180576205253601
                    ], 
                    "center": [
                        30.376176834106445, 
                        139.13729858398438, 
                        -29.190425872802734
                    ]
                }, 
                {
                    "length": 16.338376998901367, 
                    "direction": [
                        0.2941756248474121, 
                        -0.2889259457588196, 
                        -0.9110336303710938
                    ], 
                    "center": [
                        24.562767028808594, 
                        138.43795776367188, 
                        -11.138334274291992
                    ]
                }
            ]
        }, 
        {
            "type": 2, 
            "bone": [
                {
                    "length": 66.71676635742188, 
                    "direction": [
                        -0.0985303595662117, 
                        0.09623771905899048, 
                        0.9904696941375732
                    ], 
                    "center": [
                        9.09018611907959, 
                        188.463134765625, 
                        -7.310168266296387
                    ]
                }, 
                {
                    "length": 46.092403411865234, 
                    "direction": [
                        -0.15912939608097076, 
                        0.9869058132171631, 
                        0.026358770206570625
                    ], 
                    "center": [
                        16.044328689575195, 
                        162.5083770751953, 
                        -40.958106994628906
                    ]
                }, 
                {
                    "length": 27.192764282226562, 
                    "direction": [
                        0.06918475776910782, 
                        0.28145480155944824, 
                        -0.9570772051811218
                    ], 
                    "center": [
                        18.770994186401367, 
                        135.9371795654297, 
                        -28.55278778076172
                    ]
                }, 
                {
                    "length": 17.970151901245117, 
                    "direction": [
                        0.155675008893013, 
                        -0.2711303234100342, 
                        -0.9498703479766846
                    ], 
                    "center": [
                        16.43157958984375, 
                        134.54653930664062, 
                        -7.005343437194824
                    ]
                }
            ]
        }, 
        {
            "type": 3, 
            "bone": [
                {
                    "length": 59.900508880615234, 
                    "direction": [
                        0.05243036895990372, 
                        0.09720835834741592, 
                        0.9938820600509644
                    ], 
                    "center": [
                        -7.325740814208984, 
                        187.75762939453125, 
                        -5.881041526794434
                    ]
                }, 
                {
                    "length": 42.7255859375, 
                    "direction": [
                        -0.20752663910388947, 
                        0.9740477204322815, 
                        0.09035293757915497
                    ], 
                    "center": [
                        -4.462695121765137, 
                        164.037841796875, 
                        -37.57825469970703
                    ]
                }, 
                {
                    "length": 26.490482330322266, 
                    "direction": [
                        -0.11280949413776398, 
                        0.31335705518722534, 
                        -0.9429110884666443
                    ], 
                    "center": [
                        1.4648427963256836, 
                        139.0789794921875, 
                        -27.019359588623047
                    ]
                }, 
                {
                    "length": 17.866878509521484, 
                    "direction": [
                        0.0071447729133069515, 
                        -0.24412348866462708, 
                        -0.969717800617218
                    ], 
                    "center": [
                        2.895204544067383, 
                        137.10934448242188, 
                        -5.867359638214111
                    ]
                }
            ]
        }, 
        {
            "type": 4, 
            "bone": [
                {
                    "length": 55.449275970458984, 
                    "direction": [
                        0.19191132485866547, 
                        0.05645468086004257, 
                        0.9797872304916382
                    ], 
                    "center": [
                        -22.512298583984375, 
                        181.80380249023438, 
                        -2.205653190612793
                    ]
                }, 
                {
                    "length": 33.81279754638672, 
                    "direction": [
                        -0.2814931273460388, 
                        0.9390535950660706, 
                        0.19733214378356934
                    ], 
                    "center": [
                        -23.073936462402344, 
                        164.36260986328125, 
                        -32.706077575683594
                    ]
                }, 
                {
                    "length": 18.703418731689453, 
                    "direction": [
                        -0.4800417125225067, 
                        0.2909351885318756, 
                        -0.82759690284729
                    ], 
                    "center": [
                        -13.825691223144531, 
                        145.76583862304688, 
                        -28.302806854248047
                    ]
                }, 
                {
                    "length": 16.48296546936035, 
                    "direction": [
                        -0.3064827024936676, 
                        -0.25258010625839233, 
                        -0.9177536368370056
                    ], 
                    "center": [
                        -6.810608386993408, 
                        145.12673950195312, 
                        -12.999710083007812
                    ]
                }
            ]
        }
    ], 
    "hand": {
        "grab_strength": 1.0, 
        "wrist_position": [
            -2.9688661098480225, 
            181.24932861328125, 
            34.31648635864258
        ], 
        "palm_width": 87.01065063476562, 
        "palm_velocity": [
            1.0361119508743286, 
            -12.777679443359375, 
            -2.8055808544158936
        ], 
        "palm_normal": [
            0.007594916969537735, 
            -0.9986190795898438, 
            -0.05198267847299576
        ], 
        "is_left": true, 
        "palm_position": [
            7.884281158447266, 
            179.8580322265625, 
            -16.840089797973633
        ], 
        "pinch_strength": 0.0, 
        "is_right": false
    }
}