{
    "timestamp": 33139417037, 
    "id": 507049, 
    "fingers": [
        {
            "type": 0, 
            "bone": [
                {
                    "length": 0.0, 
                    "direction": [
                        0.0, 
                        0.0, 
                        0.0
                    ], 
                    "center": [
                        24.196950912475586, 
                        170.6605987548828, 
                        38.83656311035156
                    ]
                }, 
                {
                    "length": 47.7345085144043, 
                    "direction": [
                        -0.5940650105476379, 
                        -0.18749180436134338, 
                        0.782261848449707
                    ], 
                    "center": [
                        38.37565231323242, 
                        175.13551330566406, 
                        20.166120529174805
                    ]
                }, 
                {
                    "length": 32.60446548461914, 
                    "direction": [
                        -0.42297160625457764, 
                        -0.08978988230228424, 
                        0.9016833305358887
                    ], 
                    "center": [
                        59.44973373413086, 
                        181.07420349121094, 
                        -13.203773498535156
                    ]
                }, 
                {
                    "length": 22.38007164001465, 
                    "direction": [
                        -0.5940003395080566, 
                        -0.18745341897010803, 
                        0.7823201417922974
                    ], 
                    "center": [
                        72.99200439453125, 
                        184.63558959960938, 
                        -36.65741729736328
                    ]
                }
            ]
        }, 
        {
            "type": 1, 
            "bone": [
                {
                    "length": 70.35211181640625, 
                    "direction": [
                        -0.23211683332920074, 
                        0.09234987944364548, 
                        0.9682939648628235
                    ], 
                    "center": [
                        25.117198944091797, 
                        186.58534240722656, 
                        -4.904689788818359
                    ]
                }, 
                {
                    "length": 41.083492279052734, 
                    "direction": [
                        -0.013771762140095234, 
                        0.9996219873428345, 
                        0.02379526197910309
                    ], 
                    "center": [
                        33.56504821777344, 
                        162.8028564453125, 
                        -39.45425033569336
                    ]
                }, 
                {
                    "length": 23.11333465576172, 
                    "direction": [
                        0.2918199300765991, 
                        0.2673540413379669, 
                        -0.9183478355407715
                    ], 
                    "center": [
                        30.475479125976562, 
                        139.1791534423828, 
                        -29.330005645751953
                    ]
                }, 
                {
                    "length": 16.338380813598633, 
                    "direction": [
                        0.2932801842689514, 
                        -0.2860391438007355, 
                        -0.9122325778007507
                    ], 
                    "center": [
                        24.7071533203125, 
                        138.4261474609375, 
                        -11.264762878417969
                    ]
                }
            ]
        }, 
        {
            "type": 2, 
            "bone": [
                {
                    "length": 66.7167739868164, 
                    "direction": [
                        -0.09680557996034622, 
                        0.0927528589963913, 
                        0.9909720420837402
                    ], 
                    "center": [
                        9.021915435791016, 
                        188.3199920654297, 
                        -7.30877685546875
                    ]
                }, 
                {
                    "length": 46.09239959716797, 
                    "direction": [
                        -0.1631745994091034, 
                        0.9862828254699707, 
                        0.024902576580643654
                    ], 
                    "center": [
                        16.011749267578125, 
                        162.49583435058594, 
                        -40.93991470336914
                    ]
                }, 
                {
                    "length": 27.192764282226562, 
                    "direction": [
                        0.0665803924202919, 
                        0.27935728430747986, 
                        -0.9578761458396912
                    ], 
                    "center": [
                        18.867050170898438, 
                        135.96751403808594, 
                        -28.490175247192383
                    ]
                }, 
                {
                    "length": 17.970149993896484, 
                    "direction": [
                        0.15516002476215363, 
                        -0.2715608775615692, 
                        -0.9498316645622253
                    ], 
                    "center": [
                        16.567672729492188, 
                        134.6092529296875, 
                        -6.932218551635742
                    ]
                }
            ]
        }, 
        {
            "type": 3, 
            "bone": [
                {
                    "length": 59.900508880615234, 
                    "direction": [
                        0.054155994206666946, 
                        0.09442715346813202, 
                        0.9940575957298279
                    ], 
                    "center": [
                        -7.3873114585876465, 
                        187.532470703125, 
                        -5.845952987670898
                    ]
                }, 
                {
                    "length": 42.725582122802734, 
                    "direction": [
                        -0.21195943653583527, 
                        0.9729824662208557, 
                        0.09153246879577637
                    ], 
                    "center": [
                        -4.481252193450928, 
                        163.91873168945312, 
                        -37.57362365722656
                    ]
                }, 
                {
                    "length": 26.4904842376709, 
                    "direction": [
                        -0.11647281050682068, 
                        0.31300684809684753, 
                        -0.9425820708274841
                    ], 
                    "center": [
                        1.5895037651062012, 
                        138.98724365234375, 
                        -27.04428482055664
                    ]
                }, 
                {
                    "length": 17.866878509521484, 
                    "direction": [
                        0.005969485267996788, 
                        -0.24335400760173798, 
                        -0.9699191451072693
                    ], 
                    "center": [
                        3.0788862705230713, 
                        137.015380859375, 
                        -5.894843578338623
                    ]
                }
            ]
        }, 
        {
            "type": 4, 
            "bone": [
                {
                    "length": 55.44927978515625, 
                    "direction": [
                        0.19379660487174988, 
                        0.05437730625271797, 
                        0.9795335531234741
                    ], 
                    "center": [
                        -22.53744888305664, 
                        181.49566650390625, 
                        -2.155611038208008
                    ]
                }, 
                {
                    "length": 33.81280517578125, 
                    "direction": [
                        -0.2863748073577881, 
                        0.9372049570083618, 
                        0.1990889608860016
                    ], 
                    "center": [
                        -23.06882095336914, 
                        164.143310546875, 
                        -32.67870330810547
                    ]
                }, 
                {
                    "length": 18.703418731689453, 
                    "direction": [
                        -0.48256200551986694, 
                        0.2891697287559509, 
                        -0.8267494440078735
                    ], 
                    "center": [
                        -13.714473724365234, 
                        145.59432983398438, 
                        -28.313060760498047
                    ]
                }, 
                {
                    "length": 16.482969284057617, 
                    "direction": [
                        -0.30624455213546753, 
                        -0.25282442569732666, 
                        -0.9177658557891846
                    ], 
                    "center": [
                        -6.677783966064453, 
                        144.97373962402344, 
                        -13.01778793334961
                    ]
                }
            ]
        }
    ], 
    "hand": {
        "grab_strength": 1.0, 
        "wrist_position": [
            -2.9113428592681885, 
            180.9224395751953, 
            34.32188034057617
        ], 
        "palm_width": 87.01065063476562, 
        "palm_velocity": [
            -0.7329614758491516, 
            -11.98205852508545, 
            -2.5117850303649902
        ], 
        "palm_normal": [
            0.012199253775179386, 
            -0.9984090328216553, 
            -0.05505124107003212
        ], 
        "is_left": true, 
        "palm_position": [
            7.835731506347656, 
            179.73834228515625, 
            -16.8622989654541
        ], 
        "pinch_strength": 0.0, 
        "is_right": false
    }
}