{
    "timestamp": 33139451435, 
    "id": 507052, 
    "fingers": [
        {
            "type": 0, 
            "bone": [
                {
                    "length": 0.0, 
                    "direction": [
                        0.0, 
                        0.0, 
                        0.0
                    ], 
                    "center": [
                        24.612382888793945, 
                        169.8838653564453, 
                        38.63155746459961
                    ]
                }, 
                {
                    "length": 47.73450469970703, 
                    "direction": [
                        -0.5827499032020569, 
                        -0.19275662302970886, 
                        0.789460301399231
                    ], 
                    "center": [
                        38.52102279663086, 
                        174.48443603515625, 
                        19.789310455322266
                    ]
                }, 
                {
                    "length": 32.60446548461914, 
                    "direction": [
                        -0.3702259063720703, 
                        -0.06850632280111313, 
                        0.9264122843742371
                    ], 
                    "center": [
                        58.465171813964844, 
                        180.20181274414062, 
                        -14.155525207519531
                    ]
                }, 
                {
                    "length": 22.380069732666016, 
                    "direction": [
                        -0.510190486907959, 
                        -0.14895819127559662, 
                        0.8470638394355774
                    ], 
                    "center": [
                        70.20973205566406, 
                        182.9854736328125, 
                        -38.736785888671875
                    ]
                }
            ]
        }, 
        {
            "type": 1, 
            "bone": [
                {
                    "length": 70.35211944580078, 
                    "direction": [
                        -0.22796915471553802, 
                        0.07494214922189713, 
                        0.9707799553871155
                    ], 
                    "center": [
                        24.87943458557129, 
                        186.3641357421875, 
                        -4.912335395812988
                    ]
                }, 
                {
                    "length": 41.0834846496582, 
                    "direction": [
                        -0.03663358837366104, 
                        0.99869704246521, 
                        0.035529203712940216
                    ], 
                    "center": [
                        33.65100860595703, 
                        163.21298217773438, 
                        -39.79037857055664
                    ]
                }, 
                {
                    "length": 23.11333656311035, 
                    "direction": [
                        0.2794401943683624, 
                        0.28457459807395935, 
                        -0.9170225858688354
                    ], 
                    "center": [
                        31.174129486083984, 
                        139.40927124023438, 
                        -29.9224853515625
                    ]
                }, 
                {
                    "length": 16.338376998901367, 
                    "direction": [
                        0.29370564222335815, 
                        -0.26837870478630066, 
                        -0.9174474477767944
                    ], 
                    "center": [
                        25.545394897460938, 
                        138.31298828125, 
                        -11.829957008361816
                    ]
                }
            ]
        }, 
        {
            "type": 2, 
            "bone": [
                {
                    "length": 66.7167739868164, 
                    "direction": [
                        -0.09256089478731155, 
                        0.07823114842176437, 
                        0.9926290512084961
                    ], 
                    "center": [
                        8.732934951782227, 
                        187.7512664794922, 
                        -7.195590972900391
                    ]
                }, 
                {
                    "length": 46.092411041259766, 
                    "direction": [
                        -0.1849263459444046, 
                        0.9823275804519653, 
                        0.028890784829854965
                    ], 
                    "center": [
                        16.082468032836914, 
                        162.502685546875, 
                        -40.973915100097656
                    ]
                }, 
                {
                    "length": 27.19277000427246, 
                    "direction": [
                        0.05533202737569809, 
                        0.28320324420928955, 
                        -0.95746248960495
                    ], 
                    "center": [
                        19.592002868652344, 
                        136.01321411132812, 
                        -28.62171173095703
                    ]
                }, 
                {
                    "length": 17.970151901245117, 
                    "direction": [
                        0.15571634471416473, 
                        -0.26277247071266174, 
                        -0.9522095918655396
                    ], 
                    "center": [
                        17.440563201904297, 
                        134.52371215820312, 
                        -7.048008918762207
                    ]
                }
            ]
        }, 
        {
            "type": 3, 
            "bone": [
                {
                    "length": 59.900508880615234, 
                    "direction": [
                        0.058337319642305374, 
                        0.08339863270521164, 
                        0.9948071837425232
                    ], 
                    "center": [
                        -7.643709659576416, 
                        186.56204223632812, 
                        -5.641862869262695
                    ]
                }, 
                {
                    "length": 42.72559356689453, 
                    "direction": [
                        -0.23402675986289978, 
                        0.9668555855751038, 
                        0.10208649188280106
                    ], 
                    "center": [
                        -4.391461372375488, 
                        163.40948486328125, 
                        -37.61744689941406
                    ]
                }, 
                {
                    "length": 26.4904842376709, 
                    "direction": [
                        -0.1301232874393463, 
                        0.31848758459091187, 
                        -0.9389535188674927
                    ], 
                    "center": [
                        2.3315188884735107, 
                        138.5363006591797, 
                        -27.361631393432617
                    ]
                }, 
                {
                    "length": 17.86687660217285, 
                    "direction": [
                        0.004927787464112043, 
                        -0.23382823169231415, 
                        -0.972265362739563
                    ], 
                    "center": [
                        4.011011123657227, 
                        136.40673828125, 
                        -6.239290714263916
                    ]
                }
            ]
        }, 
        {
            "type": 4, 
            "bone": [
                {
                    "length": 55.44927978515625, 
                    "direction": [
                        0.19877751171588898, 
                        0.04680945351719856, 
                        0.9789261221885681
                    ], 
                    "center": [
                        -22.62488555908203, 
                        180.1273651123047, 
                        -1.9340991973876953
                    ]
                }, 
                {
                    "length": 33.81281280517578, 
                    "direction": [
                        -0.3078218698501587, 
                        0.9278751611709595, 
                        0.210459902882576
                    ], 
                    "center": [
                        -22.931758880615234, 
                        163.14254760742188, 
                        -32.63259506225586
                    ]
                }, 
                {
                    "length": 18.703414916992188, 
                    "direction": [
                        -0.49403128027915955, 
                        0.2851811945438385, 
                        -0.8213433027267456
                    ], 
                    "center": [
                        -13.107560157775879, 
                        144.78858947753906, 
                        -28.509754180908203
                    ]
                }, 
                {
                    "length": 16.48296356201172, 
                    "direction": [
                        -0.30516761541366577, 
                        -0.2510276734828949, 
                        -0.9186174273490906
                    ], 
                    "center": [
                        -5.9724907875061035, 
                        144.19049072265625, 
                        -13.25802230834961
                    ]
                }
            ]
        }
    ], 
    "hand": {
        "grab_strength": 1.0, 
        "wrist_position": [
            -2.7563369274139404, 
            179.56353759765625, 
            34.41205596923828
        ], 
        "palm_width": 87.01065063476562, 
        "palm_velocity": [
            -3.421584129333496, 
            -13.21380615234375, 
            -0.08562682569026947
        ], 
        "palm_normal": [
            0.03512315824627876, 
            -0.9970951676368713, 
            -0.06758367270231247
        ], 
        "is_left": true, 
        "palm_position": [
            7.685712814331055, 
            179.2626953125, 
            -16.8480167388916
        ], 
        "pinch_strength": 0.0, 
        "is_right": false
    }
}