{
    "timestamp": 33139499021, 
    "id": 507054, 
    "fingers": [
        {
            "type": 0, 
            "bone": [
                {
                    "length": 0.0, 
                    "direction": [
                        0.0, 
                        0.0, 
                        0.0
                    ], 
                    "center": [
                        24.636760711669922, 
                        169.39434814453125, 
                        38.41559600830078
                    ]
                }, 
                {
                    "length": 47.73450469970703, 
                    "direction": [
                        -0.5729551911354065, 
                        -0.2057785838842392, 
                        0.7933332920074463
                    ], 
                    "center": [
                        38.31162643432617, 
                        174.30572509765625, 
                        19.480911254882812
                    ]
                }, 
                {
                    "length": 32.60446548461914, 
                    "direction": [
                        -0.3153814673423767, 
                        -0.05004384368658066, 
                        0.9476445317268372
                    ], 
                    "center": [
                        57.12791442871094, 
                        180.0329132080078, 
                        -14.902495384216309
                    ]
                }, 
                {
                    "length": 22.380069732666016, 
                    "direction": [
                        -0.4046878516674042, 
                        -0.1022363007068634, 
                        0.908721923828125
                    ], 
                    "center": [
                        66.79780578613281, 
                        181.99276733398438, 
                        -40.51984786987305
                    ]
                }
            ]
        }, 
        {
            "type": 1, 
            "bone": [
                {
                    "length": 70.35211181640625, 
                    "direction": [
                        -0.2258293628692627, 
                        0.05839158222079277, 
                        0.9724152684211731
                    ], 
                    "center": [
                        24.29521942138672, 
                        186.34963989257812, 
                        -4.945016860961914
                    ]
                }, 
                {
                    "length": 41.0834846496582, 
                    "direction": [
                        -0.061571959406137466, 
                        0.9971259832382202, 
                        0.044144414365291595
                    ], 
                    "center": [
                        33.50379943847656, 
                        163.81295776367188, 
                        -40.05755615234375
                    ]
                }, 
                {
                    "length": 23.11333465576172, 
                    "direction": [
                        0.26772215962409973, 
                        0.2989683747291565, 
                        -0.915938138961792
                    ], 
                    "center": [
                        31.67462158203125, 
                        139.8751678466797, 
                        -30.379165649414062
                    ]
                }, 
                {
                    "length": 16.33837890625, 
                    "direction": [
                        0.29588598012924194, 
                        -0.25262337923049927, 
                        -0.9212127327919006
                    ], 
                    "center": [
                        26.163496017456055, 
                        138.48382568359375, 
                        -12.268412590026855
                    ]
                }
            ]
        }, 
        {
            "type": 2, 
            "bone": [
                {
                    "length": 66.7167739868164, 
                    "direction": [
                        -0.09046334773302078, 
                        0.06496872007846832, 
                        0.9937782883644104
                    ], 
                    "center": [
                        8.108811378479004, 
                        187.34043884277344, 
                        -7.150762557983398
                    ]
                }, 
                {
                    "length": 46.092411041259766, 
                    "direction": [
                        -0.20984672009944916, 
                        0.977046012878418, 
                        0.036679014563560486
                    ], 
                    "center": [
                        15.96269416809082, 
                        162.65597534179688, 
                        -41.14691925048828
                    ]
                }, 
                {
                    "length": 27.19277000427246, 
                    "direction": [
                        0.044182926416397095, 
                        0.29155346751213074, 
                        -0.9555336236953735
                    ], 
                    "center": [
                        20.198135375976562, 
                        136.17471313476562, 
                        -29.00042724609375
                    ]
                }, 
                {
                    "length": 17.970155715942383, 
                    "direction": [
                        0.15828266739845276, 
                        -0.250374436378479, 
                        -0.9551225900650024
                    ], 
                    "center": [
                        18.17522621154785, 
                        134.46026611328125, 
                        -7.426774024963379
                    ]
                }
            ]
        }, 
        {
            "type": 3, 
            "bone": [
                {
                    "length": 59.900508880615234, 
                    "direction": [
                        0.060257118195295334, 
                        0.0740421935915947, 
                        0.9954329133033752
                    ], 
                    "center": [
                        -8.224803924560547, 
                        185.70809936523438, 
                        -5.547250747680664
                    ]
                }, 
                {
                    "length": 42.725582122802734, 
                    "direction": [
                        -0.2587265372276306, 
                        0.9594970941543579, 
                        0.11147201806306839
                    ], 
                    "center": [
                        -4.50239896774292, 
                        162.99298095703125, 
                        -37.74207305908203
                    ]
                }, 
                {
                    "length": 26.490482330322266, 
                    "direction": [
                        -0.14229309558868408, 
                        0.3226239085197449, 
                        -0.9357705116271973
                    ], 
                    "center": [
                        2.909428596496582, 
                        138.22219848632812, 
                        -27.72892189025879
                    ]
                }, 
                {
                    "length": 17.86687660217285, 
                    "direction": [
                        0.006849480792880058, 
                        -0.22518377006053925, 
                        -0.9742922186851501
                    ], 
                    "center": [
                        4.732945442199707, 
                        135.96063232421875, 
                        -6.630636215209961
                    ]
                }
            ]
        }, 
        {
            "type": 4, 
            "bone": [
                {
                    "length": 55.449275970458984, 
                    "direction": [
                        0.2015346735715866, 
                        0.04129888489842415, 
                        0.9786103963851929
                    ], 
                    "center": [
                        -23.018108367919922, 
                        178.84527587890625, 
                        -1.8529348373413086
                    ]
                }, 
                {
                    "length": 33.81281661987305, 
                    "direction": [
                        -0.3311460614204407, 
                        0.917242169380188, 
                        0.22137999534606934
                    ], 
                    "center": [
                        -23.007091522216797, 
                        162.1929931640625, 
                        -32.727294921875
                    ]
                }, 
                {
                    "length": 18.703411102294922, 
                    "direction": [
                        -0.5047444701194763, 
                        0.2804551422595978, 
                        -0.8164421916007996
                    ], 
                    "center": [
                        -12.688379287719727, 
                        144.06298828125, 
                        -28.83490753173828
                    ]
                }, 
                {
                    "length": 16.48296546936035, 
                    "direction": [
                        -0.3022972345352173, 
                        -0.24949927628040314, 
                        -0.919981837272644
                    ], 
                    "center": [
                        -5.476780414581299, 
                        143.4965057373047, 
                        -13.617767333984375
                    ]
                }
            ]
        }
    ], 
    "hand": {
        "grab_strength": 1.0, 
        "wrist_position": [
            -2.991654872894287, 
            178.40313720703125, 
            34.40814208984375
        ], 
        "palm_width": 87.01065063476562, 
        "palm_velocity": [
            -8.673108100891113, 
            -7.448421001434326, 
            -0.9736185669898987
        ], 
        "palm_normal": [
            0.060765307396650314, 
            -0.9950457811355591, 
            -0.07868607342243195
        ], 
        "is_left": true, 
        "palm_position": [
            7.242862224578857, 
            178.93319702148438, 
            -16.89191246032715
        ], 
        "pinch_strength": 0.0, 
        "is_right": false
    }
}