{
    "timestamp": 33139520290, 
    "id": 507056, 
    "fingers": [
        {
            "type": 0, 
            "bone": [
                {
                    "length": 0.0, 
                    "direction": [
                        0.0, 
                        0.0, 
                        0.0
                    ], 
                    "center": [
                        24.638099670410156, 
                        168.71702575683594, 
                        38.33674621582031
                    ]
                }, 
                {
                    "length": 47.73450469970703, 
                    "direction": [
                        -0.566170871257782, 
                        -0.22891202569007874, 
                        0.791864812374115
                    ], 
                    "center": [
                        38.15104293823242, 
                        174.18052673339844, 
                        19.437108993530273
                    ]
                }, 
                {
                    "length": 32.60446548461914, 
                    "direction": [
                        -0.2867976129055023, 
                        -0.05727580189704895, 
                        0.9562774896621704
                    ], 
                    "center": [
                        56.33942794799805, 
                        180.5777587890625, 
                        -15.051986694335938
                    ]
                }, 
                {
                    "length": 22.38006591796875, 
                    "direction": [
                        -0.34108543395996094, 
                        -0.089418426156044, 
                        0.93576979637146
                    ], 
                    "center": [
                        64.83162689208984, 
                        182.51206970214844, 
                        -41.11273956298828
                    ]
                }
            ]
        }, 
        {
            "type": 1, 
            "bone": [
                {
                    "length": 70.35211944580078, 
                    "direction": [
                        -0.222588449716568, 
                        0.03970375657081604, 
                        0.9741036891937256
                    ], 
                    "center": [
                        23.830778121948242, 
                        186.32814025878906, 
                        -4.755460739135742
                    ]
                }, 
                {
                    "length": 41.08349609375, 
                    "direction": [
                        -0.0771244689822197, 
                        0.9953514337539673, 
                        0.05768198519945145
                    ], 
                    "center": [
                        33.244834899902344, 
                        164.48526000976562, 
                        -40.205474853515625
                    ]
                }, 
                {
                    "length": 23.11333465576172, 
                    "direction": [
                        0.2585424482822418, 
                        0.31520068645477295, 
                        -0.9131287932395935
                    ], 
                    "center": [
                        31.841217041015625, 
                        140.39633178710938, 
                        -30.83763885498047
                    ]
                }, 
                {
                    "length": 16.33837890625, 
                    "direction": [
                        0.2954033613204956, 
                        -0.23504789173603058, 
                        -0.9260071516036987
                    ], 
                    "center": [
                        26.440120697021484, 
                        138.67381286621094, 
                        -12.720186233520508
                    ]
                }
            ]
        }, 
        {
            "type": 2, 
            "bone": [
                {
                    "length": 66.7167739868164, 
                    "direction": [
                        -0.08725903183221817, 
                        0.04819398745894432, 
                        0.995019257068634
                    ], 
                    "center": [
                        7.620910167694092, 
                        187.08438110351562, 
                        -6.88032341003418
                    ]
                }, 
                {
                    "length": 46.092403411865234, 
                    "direction": [
                        -0.2251797914505005, 
                        0.9731851816177368, 
                        0.046954166144132614
                    ], 
                    "center": [
                        15.721269607543945, 
                        163.04849243164062, 
                        -41.1546745300293
                    ]
                }, 
                {
                    "length": 27.192764282226562, 
                    "direction": [
                        0.036047469824552536, 
                        0.30136048793792725, 
                        -0.9528286457061768
                    ], 
                    "center": [
                        20.420692443847656, 
                        136.52285766601562, 
                        -29.281768798828125
                    ]
                }, 
                {
                    "length": 17.970151901245117, 
                    "direction": [
                        0.15836909413337708, 
                        -0.23685821890830994, 
                        -0.9585496187210083
                    ], 
                    "center": [
                        18.507619857788086, 
                        134.5536346435547, 
                        -7.714104652404785
                    ]
                }
            ]
        }, 
        {
            "type": 3, 
            "bone": [
                {
                    "length": 59.90050506591797, 
                    "direction": [
                        0.06329691410064697, 
                        0.05973650887608528, 
                        0.9962053298950195
                    ], 
                    "center": [
                        -8.676513671875, 
                        185.15724182128906, 
                        -5.2362775802612305
                    ]
                }, 
                {
                    "length": 42.725582122802734, 
                    "direction": [
                        -0.2742028534412384, 
                        0.953660786151886, 
                        0.12387030571699142
                    ], 
                    "center": [
                        -4.714533805847168, 
                        162.99526977539062, 
                        -37.719093322753906
                    ]
                }, 
                {
                    "length": 26.490480422973633, 
                    "direction": [
                        -0.15156251192092896, 
                        0.331150621175766, 
                        -0.9313259720802307
                    ], 
                    "center": [
                        3.150686502456665, 
                        138.23623657226562, 
                        -28.029674530029297
                    ]
                }, 
                {
                    "length": 17.866872787475586, 
                    "direction": [
                        0.006189052481204271, 
                        -0.21251006424427032, 
                        -0.9771392941474915
                    ], 
                    "center": [
                        5.102878570556641, 
                        135.74850463867188, 
                        -6.964825630187988
                    ]
                }
            ]
        }, 
        {
            "type": 4, 
            "bone": [
                {
                    "length": 55.44927978515625, 
                    "direction": [
                        0.20502206683158875, 
                        0.029600784182548523, 
                        0.978309690952301
                    ], 
                    "center": [
                        -23.33856201171875, 
                        177.99435424804688, 
                        -1.5885839462280273
                    ]
                }, 
                {
                    "length": 33.81279754638672, 
                    "direction": [
                        -0.34551748633384705, 
                        0.908160388469696, 
                        0.23635216057300568
                    ], 
                    "center": [
                        -23.18126678466797, 
                        161.81997680664062, 
                        -32.70772933959961
                    ]
                }, 
                {
                    "length": 18.703418731689453, 
                    "direction": [
                        -0.5126733183860779, 
                        0.28395575284957886, 
                        -0.8102684617042542
                    ], 
                    "center": [
                        -12.545438766479492, 
                        143.81077575683594, 
                        -29.126197814941406
                    ]
                }, 
                {
                    "length": 16.48297119140625, 
                    "direction": [
                        -0.30184656381607056, 
                        -0.2408250868320465, 
                        -0.9224380254745483
                    ], 
                    "center": [
                        -5.263402938842773, 
                        143.1400604248047, 
                        -13.94654369354248
                    ]
                }
            ]
        }
    ], 
    "hand": {
        "grab_strength": 1.0, 
        "wrist_position": [
            -3.152162790298462, 
            177.32733154296875, 
            34.58024597167969
        ], 
        "palm_width": 87.01065063476562, 
        "palm_velocity": [
            -14.467405319213867, 
            -6.522238731384277, 
            3.6775922775268555
        ], 
        "palm_normal": [
            0.07683996111154556, 
            -0.9925769567489624, 
            -0.09426883608102798
        ], 
        "is_left": true, 
        "palm_position": [
            6.852039813995361, 
            178.8145294189453, 
            -16.746414184570312
        ], 
        "pinch_strength": 0.0, 
        "is_right": false
    }
}