{
    "timestamp": 33139534231, 
    "id": 507057, 
    "fingers": [
        {
            "type": 0, 
            "bone": [
                {
                    "length": 0.0, 
                    "direction": [
                        0.0, 
                        0.0, 
                        0.0
                    ], 
                    "center": [
                        24.491344451904297, 
                        167.99575805664062, 
                        38.41706466674805
                    ]
                }, 
                {
                    "length": 47.7345085144043, 
                    "direction": [
                        -0.5622482299804688, 
                        -0.24073365330696106, 
                        0.7911537885665894
                    ], 
                    "center": [
                        37.910667419433594, 
                        173.7414093017578, 
                        19.53439712524414
                    ]
                }, 
                {
                    "length": 32.60446548461914, 
                    "direction": [
                        -0.26422742009162903, 
                        -0.056724969297647476, 
                        0.962790846824646
                    ], 
                    "center": [
                        55.637481689453125, 
                        180.41180419921875, 
                        -15.043909072875977
                    ]
                }, 
                {
                    "length": 22.38007164001465, 
                    "direction": [
                        -0.2878568470478058, 
                        -0.07075473666191101, 
                        0.9550561308860779
                    ], 
                    "center": [
                        63.166107177734375, 
                        182.1282958984375, 
                        -41.42666244506836
                    ]
                }
            ]
        }, 
        {
            "type": 1, 
            "bone": [
                {
                    "length": 70.35211181640625, 
                    "direction": [
                        -0.2222948968410492, 
                        0.02191755548119545, 
                        0.9747330546379089
                    ], 
                    "center": [
                        23.456769943237305, 
                        186.27175903320312, 
                        -4.3924970626831055
                    ]
                }, 
                {
                    "length": 41.0834846496582, 
                    "direction": [
                        -0.08754178136587143, 
                        0.9935845732688904, 
                        0.07159722596406937
                    ], 
                    "center": [
                        33.07448959350586, 
                        165.09083557128906, 
                        -40.15049743652344
                    ]
                }, 
                {
                    "length": 23.11333465576172, 
                    "direction": [
                        0.25422394275665283, 
                        0.33055564761161804, 
                        -0.908902108669281
                    ], 
                    "center": [
                        31.934768676757812, 
                        140.86074829101562, 
                        -31.117347717285156
                    ]
                }, 
                {
                    "length": 16.33837890625, 
                    "direction": [
                        0.2968641221523285, 
                        -0.21842311322689056, 
                        -0.9296035766601562
                    ], 
                    "center": [
                        26.57164764404297, 
                        138.82498168945312, 
                        -13.019359588623047
                    ]
                }
            ]
        }, 
        {
            "type": 2, 
            "bone": [
                {
                    "length": 66.7167739868164, 
                    "direction": [
                        -0.08705257624387741, 
                        0.031580496579408646, 
                        0.9957029819488525
                    ], 
                    "center": [
                        7.237939834594727, 
                        186.8812255859375, 
                        -6.496050834655762
                    ]
                }, 
                {
                    "length": 46.092411041259766, 
                    "direction": [
                        -0.23547597229480743, 
                        0.970151960849762, 
                        0.05793161690235138
                    ], 
                    "center": [
                        15.568700790405273, 
                        163.46942138671875, 
                        -41.04620361328125
                    ]
                }, 
                {
                    "length": 27.192768096923828, 
                    "direction": [
                        0.03278005123138428, 
                        0.31236088275909424, 
                        -0.9493977427482605
                    ], 
                    "center": [
                        20.54983901977539, 
                        136.86412048339844, 
                        -29.472929000854492
                    ]
                }, 
                {
                    "length": 17.970151901245117, 
                    "direction": [
                        0.16049900650978088, 
                        -0.22301249206066132, 
                        -0.9615120887756348
                    ], 
                    "center": [
                        18.662052154541016, 
                        134.6209259033203, 
                        -7.925293445587158
                    ]
                }
            ]
        }, 
        {
            "type": 3, 
            "bone": [
                {
                    "length": 59.900508880615234, 
                    "direction": [
                        0.0633668303489685, 
                        0.0447746105492115, 
                        0.9969853758811951
                    ], 
                    "center": [
                        -9.035873413085938, 
                        184.74755859375, 
                        -4.873294830322266
                    ]
                }, 
                {
                    "length": 42.7255744934082, 
                    "direction": [
                        -0.284780353307724, 
                        0.9488131999969482, 
                        0.13657833635807037
                    ], 
                    "center": [
                        -4.850024223327637, 
                        163.13726806640625, 
                        -37.65095520019531
                    ]
                }, 
                {
                    "length": 26.490488052368164, 
                    "direction": [
                        -0.155899316072464, 
                        0.34146571159362793, 
                        -0.926874577999115
                    ], 
                    "center": [
                        3.298602819442749, 
                        138.3451690673828, 
                        -28.291969299316406
                    ]
                }, 
                {
                    "length": 17.86687660217285, 
                    "direction": [
                        0.007686160039156675, 
                        -0.1990514099597931, 
                        -0.9799588918685913
                    ], 
                    "center": [
                        5.294863700866699, 
                        135.6005859375, 
                        -7.260887622833252
                    ]
                }
            ]
        }, 
        {
            "type": 4, 
            "bone": [
                {
                    "length": 55.44927978515625, 
                    "direction": [
                        0.2054044008255005, 
                        0.016500068828463554, 
                        0.9785380363464355
                    ], 
                    "center": [
                        -23.614830017089844, 
                        177.3658447265625, 
                        -1.330373764038086
                    ]
                }, 
                {
                    "length": 33.81280517578125, 
                    "direction": [
                        -0.3561083674430847, 
                        0.9005512595176697, 
                        0.24938790500164032
                    ], 
                    "center": [
                        -23.289081573486328, 
                        161.6833038330078, 
                        -32.67624282836914
                    ]
                }, 
                {
                    "length": 18.703414916992188, 
                    "direction": [
                        -0.5159531235694885, 
                        0.2895442545413971, 
                        -0.80619877576828
                    ], 
                    "center": [
                        -12.443527221679688, 
                        143.75048828125, 
                        -29.353158950805664
                    ]
                }, 
                {
                    "length": 16.48296546936035, 
                    "direction": [
                        -0.29923272132873535, 
                        -0.23061713576316833, 
                        -0.9258918166160583
                    ], 
                    "center": [
                        -5.152362823486328, 
                        142.94338989257812, 
                        -14.18310260772705
                    ]
                }
            ]
        }
    ], 
    "hand": {
        "grab_strength": 1.0, 
        "wrist_position": [
            -3.3955278396606445, 
            176.3548126220703, 
            34.81208801269531
        ], 
        "palm_width": 87.01065063476562, 
        "palm_velocity": [
            -17.18661117553711, 
            -5.516842365264893, 
            9.42905044555664
        ], 
        "palm_normal": [
            0.08778036385774612, 
            -0.9900583624839783, 
            -0.10990456491708755
        ], 
        "is_left": true, 
        "palm_position": [
            6.553593635559082, 
            178.75936889648438, 
            -16.490493774414062
        ], 
        "pinch_strength": 0.0, 
        "is_right": false
    }
}