{
    "timestamp": 33139508835, 
    "id": 507055, 
    "fingers": [
        {
            "type": 0, 
            "bone": [
                {
                    "length": 0.0, 
                    "direction": [
                        0.0, 
                        0.0, 
                        0.0
                    ], 
                    "center": [
                        24.641218185424805, 
                        169.22650146484375, 
                        38.37163543701172
                    ]
                }, 
                {
                    "length": 47.73451232910156, 
                    "direction": [
                        -0.5708715915679932, 
                        -0.21081990003585815, 
                        0.7935115098953247
                    ], 
                    "center": [
                        38.266357421875, 
                        174.25819396972656, 
                        19.432693481445312
                    ]
                }, 
                {
                    "length": 32.60446548461914, 
                    "direction": [
                        -0.30364108085632324, 
                        -0.048461079597473145, 
                        0.9515532851219177
                    ], 
                    "center": [
                        56.841522216796875, 
                        180.0799102783203, 
                        -15.01869010925293
                    ]
                }, 
                {
                    "length": 22.38006591796875, 
                    "direction": [
                        -0.3801036477088928, 
                        -0.09324606508016586, 
                        0.9202317595481873
                    ], 
                    "center": [
                        66.044921875, 
                        181.91336059570312, 
                        -40.828556060791016
                    ]
                }
            ]
        }, 
        {
            "type": 1, 
            "bone": [
                {
                    "length": 70.35210418701172, 
                    "direction": [
                        -0.22491462528705597, 
                        0.05359568074345589, 
                        0.9729033708572388
                    ], 
                    "center": [
                        24.160701751708984, 
                        186.34286499023438, 
                        -4.924325942993164
                    ]
                }, 
                {
                    "length": 41.08348083496094, 
                    "direction": [
                        -0.06631142646074295, 
                        0.9966751337051392, 
                        0.047342993319034576
                    ], 
                    "center": [
                        33.43446350097656, 
                        163.984130859375, 
                        -40.11973571777344
                    ]
                }, 
                {
                    "length": 23.113332748413086, 
                    "direction": [
                        0.2649892270565033, 
                        0.30305221676826477, 
                        -0.9153906106948853
                    ], 
                    "center": [
                        31.734222412109375, 
                        140.0084228515625, 
                        -30.513378143310547
                    ]
                }, 
                {
                    "length": 16.338376998901367, 
                    "direction": [
                        0.29579833149909973, 
                        -0.24817794561386108, 
                        -0.9224483966827393
                    ], 
                    "center": [
                        26.25539779663086, 
                        138.5335693359375, 
                        -12.398859977722168
                    ]
                }
            ]
        }, 
        {
            "type": 2, 
            "bone": [
                {
                    "length": 66.71676635742188, 
                    "direction": [
                        -0.08955700695514679, 
                        0.06077349931001663, 
                        0.9941258430480957
                    ], 
                    "center": [
                        7.966796398162842, 
                        187.260498046875, 
                        -7.106565475463867
                    ]
                }, 
                {
                    "length": 46.09241485595703, 
                    "direction": [
                        -0.21458037197589874, 
                        0.9759081602096558, 
                        0.03947801887989044
                    ], 
                    "center": [
                        15.899537086486816, 
                        162.74221801757812, 
                        -41.17881774902344
                    ]
                }, 
                {
                    "length": 27.19276237487793, 
                    "direction": [
                        0.041648782789707184, 
                        0.29424306750297546, 
                        -0.9548226594924927
                    ], 
                    "center": [
                        20.278528213500977, 
                        136.25059509277344, 
                        -29.106502532958984
                    ]
                }, 
                {
                    "length": 17.970151901245117, 
                    "direction": [
                        0.1583298295736313, 
                        -0.24675129354000092, 
                        -0.9560572504997253
                    ], 
                    "center": [
                        18.289649963378906, 
                        134.467041015625, 
                        -7.534121513366699
                    ]
                }
            ]
        }, 
        {
            "type": 3, 
            "bone": [
                {
                    "length": 59.900508880615234, 
                    "direction": [
                        0.06111789494752884, 
                        0.07059868425130844, 
                        0.9956306219100952
                    ], 
                    "center": [
                        -8.356406211853027, 
                        185.53997802734375, 
                        -5.489282608032227
                    ]
                }, 
                {
                    "length": 42.725582122802734, 
                    "direction": [
                        -0.2634241580963135, 
                        0.9577870965003967, 
                        0.11511541157960892
                    ], 
                    "center": [
                        -4.559427738189697, 
                        162.96450805664062, 
                        -37.767860412597656
                    ]
                }, 
                {
                    "length": 26.4904842376709, 
                    "direction": [
                        -0.14504902064800262, 
                        0.3251381814479828, 
                        -0.934476375579834
                    ], 
                    "center": [
                        2.989257335662842, 
                        138.1969757080078, 
                        -27.849681854248047
                    ]
                }, 
                {
                    "length": 17.86687660217285, 
                    "direction": [
                        0.006780117750167847, 
                        -0.22168482840061188, 
                        -0.9750947952270508
                    ], 
                    "center": [
                        4.8498969078063965, 
                        135.870849609375, 
                        -6.761366367340088
                    ]
                }
            ]
        }, 
        {
            "type": 4, 
            "bone": [
                {
                    "length": 55.449283599853516, 
                    "direction": [
                        0.20253726840019226, 
                        0.038630686700344086, 
                        0.9785122275352478
                    ], 
                    "center": [
                        -23.110431671142578, 
                        178.58895874023438, 
                        -1.8028020858764648
                    ]
                }, 
                {
                    "length": 33.81280517578125, 
                    "direction": [
                        -0.3355530798435211, 
                        0.9147383570671082, 
                        0.22507299482822418
                    ], 
                    "center": [
                        -23.052711486816406, 
                        162.05299377441406, 
                        -32.73687744140625
                    ]
                }, 
                {
                    "length": 18.703418731689453, 
                    "direction": [
                        -0.5071320533752441, 
                        0.280759334564209, 
                        -0.8148565888404846
                    ], 
                    "center": [
                        -12.637163162231445, 
                        143.9624786376953, 
                        -28.921751022338867
                    ]
                }, 
                {
                    "length": 16.482969284057617, 
                    "direction": [
                        -0.30211225152015686, 
                        -0.24774958193302155, 
                        -0.920515239238739
                    ], 
                    "center": [
                        -5.404758453369141, 
                        143.37872314453125, 
                        -13.715036392211914
                    ]
                }
            ]
        }
    ], 
    "hand": {
        "grab_strength": 1.0, 
        "wrist_position": [
            -3.0370821952819824, 
            178.1111602783203, 
            34.431880950927734
        ], 
        "palm_width": 87.01065063476562, 
        "palm_velocity": [
            -9.476475715637207, 
            -6.677345275878906, 
            -0.2753436267375946
        ], 
        "palm_normal": [
            0.06566913425922394, 
            -0.9944243431091309, 
            -0.08250939100980759
        ], 
        "is_left": true, 
        "palm_position": [
            7.131049156188965, 
            178.88571166992188, 
            -16.878265380859375
        ], 
        "pinch_strength": 0.0, 
        "is_right": false
    }
}