{
    "timestamp": 33139612527, 
    "id": 507064, 
    "fingers": [
        {
            "type": 0, 
            "bone": [
                {
                    "length": 0.0, 
                    "direction": [
                        0.0, 
                        0.0, 
                        0.0
                    ], 
                    "center": [
                        22.225709915161133, 
                        163.04273986816406, 
                        39.19886016845703
                    ]
                }, 
                {
                    "length": 47.73451232910156, 
                    "direction": [
                        -0.5511288046836853, 
                        -0.32089751958847046, 
                        0.7702478766441345
                    ], 
                    "center": [
                        35.379642486572266, 
                        170.70169067382812, 
                        20.815156936645508
                    ]
                }, 
                {
                    "length": 32.60446548461914, 
                    "direction": [
                        -0.21191075444221497, 
                        -0.11237915605306625, 
                        0.9708063006401062
                    ], 
                    "center": [
                        51.988189697265625, 
                        180.19265747070312, 
                        -13.394854545593262
                    ]
                }, 
                {
                    "length": 22.380067825317383, 
                    "direction": [
                        -0.16221004724502563, 
                        -0.08210267126560211, 
                        0.9833346605300903
                    ], 
                    "center": [
                        57.2579460144043, 
                        182.94342041015625, 
                        -40.22471237182617
                    ]
                }
            ]
        }, 
        {
            "type": 1, 
            "bone": [
                {
                    "length": 70.35211181640625, 
                    "direction": [
                        -0.21899822354316711, 
                        -0.07041388750076294, 
                        0.9731811881065369
                    ], 
                    "center": [
                        20.333641052246094, 
                        184.8822784423828, 
                        -1.8766365051269531
                    ]
                }, 
                {
                    "length": 41.08348846435547, 
                    "direction": [
                        -0.1215885803103447, 
                        0.9813676476478577, 
                        0.14877374470233917
                    ], 
                    "center": [
                        30.534774780273438, 
                        167.20016479492188, 
                        -39.16538619995117
                    ]
                }, 
                {
                    "length": 23.113338470458984, 
                    "direction": [
                        0.2363736629486084, 
                        0.40807896852493286, 
                        -0.8818156719207764
                    ], 
                    "center": [
                        30.300724029541016, 
                        142.3251190185547, 
                        -32.03060531616211
                    ]
                }, 
                {
                    "length": 16.338380813598633, 
                    "direction": [
                        0.29778391122817993, 
                        -0.1330905705690384, 
                        -0.9453104138374329
                    ], 
                    "center": [
                        25.13637924194336, 
                        138.69631958007812, 
                        -14.11733341217041
                    ]
                }
            ]
        }, 
        {
            "type": 2, 
            "bone": [
                {
                    "length": 66.7167739868164, 
                    "direction": [
                        -0.0841284990310669, 
                        -0.05750545486807823, 
                        0.9947942495346069
                    ], 
                    "center": [
                        4.094952583312988, 
                        185.05931091308594, 
                        -3.906536102294922
                    ]
                }, 
                {
                    "length": 46.09241485595703, 
                    "direction": [
                        -0.2700152099132538, 
                        0.9543704986572266, 
                        0.1275487095117569
                    ], 
                    "center": [
                        13.124170303344727, 
                        164.98297119140625, 
                        -40.03078079223633
                    ]
                }, 
                {
                    "length": 27.192764282226562, 
                    "direction": [
                        0.01965084858238697, 
                        0.38110214471817017, 
                        -0.9243241548538208
                    ], 
                    "center": [
                        19.079814910888672, 
                        137.80674743652344, 
                        -30.40283203125
                    ]
                }, 
                {
                    "length": 17.970151901245117, 
                    "direction": [
                        0.16533584892749786, 
                        -0.14230377972126007, 
                        -0.975916862487793
                    ], 
                    "center": [
                        17.32707977294922, 
                        133.90374755859375, 
                        -9.066679954528809
                    ]
                }
            ]
        }, 
        {
            "type": 3, 
            "bone": [
                {
                    "length": 59.900508880615234, 
                    "direction": [
                        0.06569535285234451, 
                        -0.03881583735346794, 
                        0.9970844388008118
                    ], 
                    "center": [
                        -12.080829620361328, 
                        182.18267822265625, 
                        -2.4601945877075195
                    ]
                }, 
                {
                    "length": 42.7255859375, 
                    "direction": [
                        -0.32143300771713257, 
                        0.927482008934021, 
                        0.19093964993953705
                    ], 
                    "center": [
                        -7.181715965270996, 
                        163.5316162109375, 
                        -36.402130126953125
                    ]
                }, 
                {
                    "length": 26.4904842376709, 
                    "direction": [
                        -0.1690927892923355, 
                        0.38796937465667725, 
                        -0.9060283899307251
                    ], 
                    "center": [
                        1.9246658086776733, 
                        138.5792694091797, 
                        -28.480571746826172
                    ]
                }, 
                {
                    "length": 17.86687660217285, 
                    "direction": [
                        0.012302828021347523, 
                        -0.13317948579788208, 
                        -0.9910155534744263
                    ], 
                    "center": [
                        4.054433822631836, 
                        134.63027954101562, 
                        -7.6268310546875
                    ]
                }
            ]
        }, 
        {
            "type": 4, 
            "bone": [
                {
                    "length": 55.44927978515625, 
                    "direction": [
                        0.20861591398715973, 
                        -0.060030147433280945, 
                        0.9761536121368408
                    ], 
                    "center": [
                        -26.358646392822266, 
                        173.97979736328125, 
                        0.44576549530029297
                    ]
                }, 
                {
                    "length": 33.812808990478516, 
                    "direction": [
                        -0.40244060754776, 
                        0.864907443523407, 
                        0.2999611496925354
                    ], 
                    "center": [
                        -25.338624954223633, 
                        161.02163696289062, 
                        -31.68900489807129
                    ]
                }, 
                {
                    "length": 18.703413009643555, 
                    "direction": [
                        -0.5174821615219116, 
                        0.3149867355823517, 
                        -0.7956101298332214
                    ], 
                    "center": [
                        -13.695460319519043, 
                        143.4534912109375, 
                        -29.319957733154297
                    ]
                }, 
                {
                    "length": 16.48296546936035, 
                    "direction": [
                        -0.2790810763835907, 
                        -0.1774200201034546, 
                        -0.9437351226806641
                    ], 
                    "center": [
                        -6.556077003479004, 
                        141.97003173828125, 
                        -14.10186767578125
                    ]
                }
            ]
        }
    ], 
    "hand": {
        "grab_strength": 1.0, 
        "wrist_position": [
            -5.969015598297119, 
            170.6249542236328, 
            36.35019302368164
        ], 
        "palm_width": 87.01065063476562, 
        "palm_velocity": [
            -40.375911712646484, 
            -16.625394821166992, 
            33.51613998413086
        ], 
        "palm_normal": [
            0.12434332817792892, 
            -0.9729210138320923, 
            -0.19484210014343262
        ], 
        "is_left": true, 
        "palm_position": [
            3.6746058464050293, 
            177.8074951171875, 
            -14.5628080368042
        ], 
        "pinch_strength": 0.0, 
        "is_right": false
    }
}