{
    "timestamp": 33139567048, 
    "id": 507060, 
    "fingers": [
        {
            "type": 0, 
            "bone": [
                {
                    "length": 0.0, 
                    "direction": [
                        0.0, 
                        0.0, 
                        0.0
                    ], 
                    "center": [
                        23.611709594726562, 
                        166.0869140625, 
                        38.552452087402344
                    ]
                }, 
                {
                    "length": 47.7345085144043, 
                    "direction": [
                        -0.5568200945854187, 
                        -0.27430111169815063, 
                        0.7840346097946167
                    ], 
                    "center": [
                        36.90147399902344, 
                        172.63372802734375, 
                        19.839698791503906
                    ]
                }, 
                {
                    "length": 32.60446548461914, 
                    "direction": [
                        -0.2349368929862976, 
                        -0.07394818961620331, 
                        0.969193696975708
                    ], 
                    "center": [
                        54.021240234375, 
                        180.3860626220703, 
                        -14.673073768615723
                    ]
                }, 
                {
                    "length": 22.380067825317383, 
                    "direction": [
                        -0.22278088331222534, 
                        -0.06661757081747055, 
                        0.9725897908210754
                    ], 
                    "center": [
                        60.34416198730469, 
                        182.3370361328125, 
                        -41.356407165527344
                    ]
                }
            ]
        }, 
        {
            "type": 1, 
            "bone": [
                {
                    "length": 70.35211944580078, 
                    "direction": [
                        -0.22274768352508545, 
                        -0.018866972997784615, 
                        0.9746935367584229
                    ], 
                    "center": [
                        22.193115234375, 
                        185.9088134765625, 
                        -3.5524301528930664
                    ]
                }, 
                {
                    "length": 41.0834846496582, 
                    "direction": [
                        -0.10724838823080063, 
                        0.9887343645095825, 
                        0.10441374778747559
                    ], 
                    "center": [
                        32.231571197509766, 
                        166.26214599609375, 
                        -39.98314666748047
                    ]
                }, 
                {
                    "length": 23.11332893371582, 
                    "direction": [
                        0.24693512916564941, 
                        0.36528411507606506, 
                        -0.8975469470024109
                    ], 
                    "center": [
                        31.58089256286621, 
                        141.73036193847656, 
                        -31.75533676147461
                    ]
                }, 
                {
                    "length": 16.338380813598633, 
                    "direction": [
                        0.3004368245601654, 
                        -0.18044419586658478, 
                        -0.9365776181221008
                    ], 
                    "center": [
                        26.27281951904297, 
                        138.98297119140625, 
                        -13.731607437133789
                    ]
                }
            ]
        }, 
        {
            "type": 2, 
            "bone": [
                {
                    "length": 66.7167739868164, 
                    "direction": [
                        -0.08774048089981079, 
                        -0.007134606596082449, 
                        0.9961177706718445
                    ], 
                    "center": [
                        5.965117454528809, 
                        186.2532958984375, 
                        -5.64532470703125
                    ]
                }, 
                {
                    "length": 46.092411041259766, 
                    "direction": [
                        -0.2549997568130493, 
                        0.9631761312484741, 
                        0.08524570614099503
                    ], 
                    "center": [
                        14.76877498626709, 
                        164.29373168945312, 
                        -40.83879852294922
                    ]
                }, 
                {
                    "length": 27.192760467529297, 
                    "direction": [
                        0.02722349762916565, 
                        0.3397084176540375, 
                        -0.940136730670929
                    ], 
                    "center": [
                        20.275409698486328, 
                        137.4773712158203, 
                        -30.020931243896484
                    ]
                }, 
                {
                    "length": 17.970151901245117, 
                    "direction": [
                        0.16508403420448303, 
                        -0.18974317610263824, 
                        -0.9678557515144348
                    ], 
                    "center": [
                        18.421977996826172, 
                        134.56341552734375, 
                        -8.542216300964355
                    ]
                }
            ]
        }, 
        {
            "type": 3, 
            "bone": [
                {
                    "length": 59.90050506591797, 
                    "direction": [
                        0.06236667186021805, 
                        0.009174301289021969, 
                        0.9980111718177795
                    ], 
                    "center": [
                        -10.26007080078125, 
                        183.71807861328125, 
                        -4.11600399017334
                    ]
                }, 
                {
                    "length": 42.72559356689453, 
                    "direction": [
                        -0.3057712912559509, 
                        0.9394287467002869, 
                        0.15484678745269775
                    ], 
                    "center": [
                        -5.5958380699157715, 
                        163.37448120117188, 
                        -37.31465148925781
                    ]
                }, 
                {
                    "length": 26.490482330322266, 
                    "direction": [
                        -0.1614913046360016, 
                        0.3562237322330475, 
                        -0.9203396439552307
                    ], 
                    "center": [
                        3.0752830505371094, 
                        138.58740234375, 
                        -28.432491302490234
                    ]
                }, 
                {
                    "length": 17.86687660217285, 
                    "direction": [
                        0.012219840660691261, 
                        -0.17416763305664062, 
                        -0.9846401214599609
                    ], 
                    "center": [
                        5.105109214782715, 
                        135.425048828125, 
                        -7.446148872375488
                    ]
                }
            ]
        }, 
        {
            "type": 4, 
            "bone": [
                {
                    "length": 55.449283599853516, 
                    "direction": [
                        0.20497047901153564, 
                        -0.015394376590847969, 
                        0.978646993637085
                    ], 
                    "center": [
                        -24.680017471313477, 
                        175.90426635742188, 
                        -0.8606147766113281
                    ]
                }, 
                {
                    "length": 33.81279754638672, 
                    "direction": [
                        -0.38107961416244507, 
                        0.8840669393539429, 
                        0.2705621123313904
                    ], 
                    "center": [
                        -23.920066833496094, 
                        161.38467407226562, 
                        -32.56748580932617
                    ]
                }, 
                {
                    "length": 18.70341682434082, 
                    "direction": [
                        -0.5172572135925293, 
                        0.29713958501815796, 
                        -0.8025914430618286
                    ], 
                    "center": [
                        -12.640144348144531, 
                        143.65953063964844, 
                        -29.63611602783203
                    ]
                }, 
                {
                    "length": 16.482967376708984, 
                    "direction": [
                        -0.28821665048599243, 
                        -0.2102750986814499, 
                        -0.9341924786567688
                    ], 
                    "center": [
                        -5.427573204040527, 
                        142.61373901367188, 
                        -14.431382179260254
                    ]
                }
            ]
        }
    ], 
    "hand": {
        "grab_strength": 1.0, 
        "wrist_position": [
            -4.445337295532227, 
            173.9832763671875, 
            35.236305236816406
        ], 
        "palm_width": 87.01065063476562, 
        "palm_velocity": [
            -29.001935958862305, 
            -7.761828422546387, 
            14.3834228515625
        ], 
        "palm_normal": [
            0.108675017952919, 
            -0.9832395911216736, 
            -0.14638862013816833
        ], 
        "is_left": true, 
        "palm_position": [
            5.452859878540039, 
            178.49424743652344, 
            -15.933987617492676
        ], 
        "pinch_strength": 0.0, 
        "is_right": false
    }
}