{
    "timestamp": 33139589118, 
    "id": 507062, 
    "fingers": [
        {
            "type": 0, 
            "bone": [
                {
                    "length": 0.0, 
                    "direction": [
                        0.0, 
                        0.0, 
                        0.0
                    ], 
                    "center": [
                        23.0446834564209, 
                        165.10069274902344, 
                        38.615478515625
                    ]
                }, 
                {
                    "length": 47.7345085144043, 
                    "direction": [
                        -0.5552107095718384, 
                        -0.2924267649650574, 
                        0.7786062359809875
                    ], 
                    "center": [
                        36.29603958129883, 
                        172.08010864257812, 
                        20.032285690307617
                    ]
                }, 
                {
                    "length": 32.60446548461914, 
                    "direction": [
                        -0.224515900015831, 
                        -0.08641796559095383, 
                        0.9706310033798218
                    ], 
                    "center": [
                        53.20750427246094, 
                        180.46835327148438, 
                        -14.374358177185059
                    ]
                }, 
                {
                    "length": 22.380067825317383, 
                    "direction": [
                        -0.19494254887104034, 
                        -0.06845025718212128, 
                        0.9784232974052429
                    ], 
                    "center": [
                        59.04902648925781, 
                        182.6431121826172, 
                        -41.146400451660156
                    ]
                }
            ]
        }, 
        {
            "type": 1, 
            "bone": [
                {
                    "length": 70.35211181640625, 
                    "direction": [
                        -0.222558856010437, 
                        -0.037916138768196106, 
                        0.974181592464447
                    ], 
                    "center": [
                        21.463899612426758, 
                        185.65220642089844, 
                        -3.1323108673095703
                    ]
                }, 
                {
                    "length": 41.0834846496582, 
                    "direction": [
                        -0.11455781757831573, 
                        0.9861627221107483, 
                        0.11983206123113632
                    ], 
                    "center": [
                        31.645858764648438, 
                        166.72845458984375, 
                        -39.86174011230469
                    ]
                }, 
                {
                    "length": 23.113338470458984, 
                    "direction": [
                        0.24347323179244995, 
                        0.3806765377521515, 
                        -0.8920795917510986
                    ], 
                    "center": [
                        31.18533706665039, 
                        142.07159423828125, 
                        -32.013832092285156
                    ]
                }, 
                {
                    "length": 16.338380813598633, 
                    "direction": [
                        0.3009553849697113, 
                        -0.16339169442653656, 
                        -0.9395365715026855
                    ], 
                    "center": [
                        25.913036346435547, 
                        139.00701904296875, 
                        -14.029108047485352
                    ]
                }
            ]
        }, 
        {
            "type": 2, 
            "bone": [
                {
                    "length": 66.7167739868164, 
                    "direction": [
                        -0.08765076845884323, 
                        -0.025468681007623672, 
                        0.9958255887031555
                    ], 
                    "center": [
                        5.233577728271484, 
                        185.90182495117188, 
                        -5.220644950866699
                    ]
                }, 
                {
                    "length": 46.092411041259766, 
                    "direction": [
                        -0.26243671774864197, 
                        0.9598739147186279, 
                        0.09883827716112137
                    ], 
                    "center": [
                        14.205636978149414, 
                        164.62997436523438, 
                        -40.717628479003906
                    ]
                }, 
                {
                    "length": 27.192768096923828, 
                    "direction": [
                        0.024784380570054054, 
                        0.353207528591156, 
                        -0.9352166056632996
                    ], 
                    "center": [
                        19.916828155517578, 
                        137.7061767578125, 
                        -30.279911041259766
                    ]
                }, 
                {
                    "length": 17.970151901245117, 
                    "direction": [
                        0.16646555066108704, 
                        -0.1735929399728775, 
                        -0.9706465005874634
                    ], 
                    "center": [
                        18.084144592285156, 
                        134.46356201171875, 
                        -8.843013763427734
                    ]
                }
            ]
        }, 
        {
            "type": 3, 
            "bone": [
                {
                    "length": 59.900508880615234, 
                    "direction": [
                        0.06231899559497833, 
                        -0.007976789027452469, 
                        0.9980243444442749
                    ], 
                    "center": [
                        -10.970436096191406, 
                        183.208251953125, 
                        -3.7382755279541016
                    ]
                }, 
                {
                    "length": 42.725582122802734, 
                    "direction": [
                        -0.3139265179634094, 
                        0.935305118560791, 
                        0.16326208412647247
                    ], 
                    "center": [
                        -6.130559921264648, 
                        163.4664306640625, 
                        -37.117095947265625
                    ]
                }, 
                {
                    "length": 26.4904842376709, 
                    "direction": [
                        -0.16338060796260834, 
                        0.363145649433136, 
                        -0.9172960519790649
                    ], 
                    "center": [
                        2.7398016452789307, 
                        138.67575073242188, 
                        -28.455020904541016
                    ]
                }, 
                {
                    "length": 17.86687660217285, 
                    "direction": [
                        0.014041345566511154, 
                        -0.162627175450325, 
                        -0.986587643623352
                    ], 
                    "center": [
                        4.778379440307617, 
                        135.31861877441406, 
                        -7.491591930389404
                    ]
                }
            ]
        }, 
        {
            "type": 4, 
            "bone": [
                {
                    "length": 55.44927978515625, 
                    "direction": [
                        0.2051171064376831, 
                        -0.031039999797940254, 
                        0.9782451391220093
                    ], 
                    "center": [
                        -25.326339721679688, 
                        175.22119140625, 
                        -0.6232833862304688
                    ]
                }, 
                {
                    "length": 33.812801361083984, 
                    "direction": [
                        -0.39369669556617737, 
                        0.8769276738166809, 
                        0.2756819427013397
                    ], 
                    "center": [
                        -24.35714340209961, 
                        161.25607299804688, 
                        -32.40556716918945
                    ]
                }, 
                {
                    "length": 18.70341682434082, 
                    "direction": [
                        -0.5146534442901611, 
                        0.2980361878871918, 
                        -0.803931713104248
                    ], 
                    "center": [
                        -12.888259887695312, 
                        143.64324951171875, 
                        -29.548221588134766
                    ]
                }, 
                {
                    "length": 16.482967376708984, 
                    "direction": [
                        -0.28049108386039734, 
                        -0.2020157277584076, 
                        -0.9383573532104492
                    ], 
                    "center": [
                        -5.763708114624023, 
                        142.52099609375, 
                        -14.296629905700684
                    ]
                }
            ]
        }
    ], 
    "hand": {
        "grab_strength": 1.0, 
        "wrist_position": [
            -5.075677394866943, 
            172.8263397216797, 
            35.43632507324219
        ], 
        "palm_width": 87.01065063476562, 
        "palm_velocity": [
            -29.889644622802734, 
            -7.838549613952637, 
            13.759214401245117
        ], 
        "palm_normal": [
            0.11665426194667816, 
            -0.9795807600021362, 
            -0.16374759376049042
        ], 
        "is_left": true, 
        "palm_position": [
            4.784067630767822, 
            178.32211303710938, 
            -15.645020484924316
        ], 
        "pinch_strength": 0.0, 
        "is_right": false
    }
}