{
    "timestamp": 33139580547, 
    "id": 507061, 
    "fingers": [
        {
            "type": 0, 
            "bone": [
                {
                    "length": 0.0, 
                    "direction": [
                        0.0, 
                        0.0, 
                        0.0
                    ], 
                    "center": [
                        23.259920120239258, 
                        165.4871063232422, 
                        38.591793060302734
                    ]
                }, 
                {
                    "length": 47.73451232910156, 
                    "direction": [
                        -0.5560924410820007, 
                        -0.2852356731891632, 
                        0.7806418538093567
                    ], 
                    "center": [
                        36.53232192993164, 
                        172.29489135742188, 
                        19.96001434326172
                    ]
                }, 
                {
                    "length": 32.60446548461914, 
                    "direction": [
                        -0.22932304441928864, 
                        -0.08169868588447571, 
                        0.9699155688285828
                    ], 
                    "center": [
                        53.54319763183594, 
                        180.4345703125, 
                        -14.483553886413574
                    ]
                }, 
                {
                    "length": 22.380069732666016, 
                    "direction": [
                        -0.2079753577709198, 
                        -0.06876660883426666, 
                        0.9757137894630432
                    ], 
                    "center": [
                        59.60892868041992, 
                        182.5359344482422, 
                        -41.21361541748047
                    ]
                }
            ]
        }, 
        {
            "type": 1, 
            "bone": [
                {
                    "length": 70.35211181640625, 
                    "direction": [
                        -0.22305014729499817, 
                        -0.03055093064904213, 
                        0.9743281006813049
                    ], 
                    "center": [
                        21.759971618652344, 
                        185.75750732421875, 
                        -3.2961807250976562
                    ]
                }, 
                {
                    "length": 41.08348083496094, 
                    "direction": [
                        -0.11177123337984085, 
                        0.9871893525123596, 
                        0.11386147886514664
                    ], 
                    "center": [
                        31.901973724365234, 
                        166.5535888671875, 
                        -39.90811538696289
                    ]
                }, 
                {
                    "length": 23.113332748413086, 
                    "direction": [
                        0.24512265622615814, 
                        0.37487438321113586, 
                        -0.89408278465271
                    ], 
                    "center": [
                        31.36514663696289, 
                        141.94268798828125, 
                        -31.914411544799805
                    ]
                }, 
                {
                    "length": 16.338380813598633, 
                    "direction": [
                        0.3011000454425812, 
                        -0.1698068082332611, 
                        -0.9383519291877747
                    ], 
                    "center": [
                        26.072603225708008, 
                        138.99758911132812, 
                        -13.916219711303711
                    ]
                }
            ]
        }, 
        {
            "type": 2, 
            "bone": [
                {
                    "length": 66.7167739868164, 
                    "direction": [
                        -0.08811173588037491, 
                        -0.018381189554929733, 
                        0.9959409832954407
                    ], 
                    "center": [
                        5.531319618225098, 
                        186.04400634765625, 
                        -5.392734527587891
                    ]
                }, 
                {
                    "length": 46.092411041259766, 
                    "direction": [
                        -0.25959867238998413, 
                        0.9611726403236389, 
                        0.09357122331857681
                    ], 
                    "center": [
                        14.453349113464355, 
                        164.50579833984375, 
                        -40.772178649902344
                    ]
                }, 
                {
                    "length": 27.19276237487793, 
                    "direction": [
                        0.02611280046403408, 
                        0.34804853796958923, 
                        -0.9371127486228943
                    ], 
                    "center": [
                        20.081073760986328, 
                        137.62222290039062, 
                        -30.187299728393555
                    ]
                }, 
                {
                    "length": 17.970151901245117, 
                    "direction": [
                        0.1663396656513214, 
                        -0.17983481287956238, 
                        -0.9695310592651367
                    ], 
                    "center": [
                        18.231460571289062, 
                        134.50584411621094, 
                        -8.734646797180176
                    ]
                }
            ]
        }, 
        {
            "type": 3, 
            "bone": [
                {
                    "length": 59.900508880615234, 
                    "direction": [
                        0.061911627650260925, 
                        -0.001347805722616613, 
                        0.9980806708335876
                    ], 
                    "center": [
                        -10.681679725646973, 
                        183.4117431640625, 
                        -3.898530960083008
                    ]
                }, 
                {
                    "length": 42.7255859375, 
                    "direction": [
                        -0.3108398914337158, 
                        0.9369314312934875, 
                        0.1598062515258789
                    ], 
                    "center": [
                        -5.895540714263916, 
                        163.4366455078125, 
                        -37.20520782470703
                    ]
                }, 
                {
                    "length": 26.4904842376709, 
                    "direction": [
                        -0.16221758723258972, 
                        0.36036524176597595, 
                        -0.9185980558395386
                    ], 
                    "center": [
                        2.8934783935546875, 
                        138.64804077148438, 
                        -28.452064514160156
                    ]
                }, 
                {
                    "length": 17.86687660217285, 
                    "direction": [
                        0.013800937682390213, 
                        -0.16720305383205414, 
                        -0.9858259558677673
                    ], 
                    "center": [
                        4.91879940032959, 
                        135.36862182617188, 
                        -7.478196620941162
                    ]
                }
            ]
        }, 
        {
            "type": 4, 
            "bone": [
                {
                    "length": 55.44927978515625, 
                    "direction": [
                        0.20464378595352173, 
                        -0.024995844811201096, 
                        0.9785172939300537
                    ], 
                    "center": [
                        -25.063907623291016, 
                        175.49148559570312, 
                        -0.7348031997680664
                    ]
                }, 
                {
                    "length": 33.812801361083984, 
                    "direction": [
                        -0.3893526494503021, 
                        0.8797869682312012, 
                        0.2727259397506714
                    ], 
                    "center": [
                        -24.155031204223633, 
                        161.31045532226562, 
                        -32.47465896606445
                    ]
                }, 
                {
                    "length": 18.703413009643555, 
                    "direction": [
                        -0.5150654315948486, 
                        0.29697322845458984, 
                        -0.8040612936019897
                    ], 
                    "center": [
                        -12.755739212036133, 
                        143.6592254638672, 
                        -29.56612777709961
                    ]
                }, 
                {
                    "length": 16.48296546936035, 
                    "direction": [
                        -0.28278329968452454, 
                        -0.20565202832221985, 
                        -0.9368783235549927
                    ], 
                    "center": [
                        -5.608444690704346, 
                        142.576904296875, 
                        -14.325515747070312
                    ]
                }
            ]
        }
    ], 
    "hand": {
        "grab_strength": 1.0, 
        "wrist_position": [
            -4.834702968597412, 
            173.27944946289062, 
            35.34851837158203
        ], 
        "palm_width": 87.01065063476562, 
        "palm_velocity": [
            -28.98726463317871, 
            -7.615350723266602, 
            13.664580345153809
        ], 
        "palm_normal": [
            0.11362505704164505, 
            -0.9810406565666199, 
            -0.1569986790418625
        ], 
        "is_left": true, 
        "palm_position": [
            5.061881065368652, 
            178.3946533203125, 
            -15.765219688415527
        ], 
        "pinch_strength": 0.0, 
        "is_right": false
    }
}