{
    "timestamp": 33139543245, 
    "id": 507058, 
    "fingers": [
        {
            "type": 0, 
            "bone": [
                {
                    "length": 0.0, 
                    "direction": [
                        0.0, 
                        0.0, 
                        0.0
                    ], 
                    "center": [
                        24.32805061340332, 
                        167.5185089111328, 
                        38.451316833496094
                    ]
                }, 
                {
                    "length": 47.7345085144043, 
                    "direction": [
                        -0.5597900748252869, 
                        -0.25167080760002136, 
                        0.7894915342330933
                    ], 
                    "center": [
                        37.68870162963867, 
                        173.52520751953125, 
                        19.608322143554688
                    ]
                }, 
                {
                    "length": 32.604461669921875, 
                    "direction": [
                        -0.25304022431373596, 
                        -0.061358146369457245, 
                        0.9655081629753113
                    ], 
                    "center": [
                        55.174476623535156, 
                        180.53216552734375, 
                        -14.974611282348633
                    ]
                }, 
                {
                    "length": 22.380069732666016, 
                    "direction": [
                        -0.2649397850036621, 
                        -0.06847002357244492, 
                        0.9618309140205383
                    ], 
                    "center": [
                        62.2642822265625, 
                        182.29861450195312, 
                        -41.47747039794922
                    ]
                }
            ]
        }, 
        {
            "type": 1, 
            "bone": [
                {
                    "length": 70.35211944580078, 
                    "direction": [
                        -0.22196762263774872, 
                        0.01013816799968481, 
                        0.9750012755393982
                    ], 
                    "center": [
                        23.138072967529297, 
                        186.23092651367188, 
                        -4.165238380432129
                    ]
                }, 
                {
                    "length": 41.083492279052734, 
                    "direction": [
                        -0.0944325178861618, 
                        0.9922428131103516, 
                        0.08084994554519653
                    ], 
                    "center": [
                        32.88582992553711, 
                        165.49191284179688, 
                        -40.12274169921875
                    ]
                }, 
                {
                    "length": 23.113330841064453, 
                    "direction": [
                        0.2512330710887909, 
                        0.3407527208328247, 
                        -0.9059633612632751
                    ], 
                    "center": [
                        31.922222137451172, 
                        141.17153930664062, 
                        -31.313623428344727
                    ]
                }, 
                {
                    "length": 16.33837890625, 
                    "direction": [
                        0.2976987063884735, 
                        -0.20728515088558197, 
                        -0.9318842887878418
                    ], 
                    "center": [
                        26.58684730529785, 
                        138.92694091796875, 
                        -13.230968475341797
                    ]
                }
            ]
        }, 
        {
            "type": 2, 
            "bone": [
                {
                    "length": 66.7167739868164, 
                    "direction": [
                        -0.08678960800170898, 
                        0.020576346665620804, 
                        0.9960141777992249
                    ], 
                    "center": [
                        6.914166450500488, 
                        186.74301147460938, 
                        -6.255547523498535
                    ]
                }, 
                {
                    "length": 46.092403411865234, 
                    "direction": [
                        -0.24228565394878387, 
                        0.967997670173645, 
                        0.06540792435407639
                    ], 
                    "center": [
                        15.393092155456543, 
                        163.74795532226562, 
                        -40.98837661743164
                    ]
                }, 
                {
                    "length": 27.192766189575195, 
                    "direction": [
                        0.030487539246678352, 
                        0.3197190761566162, 
                        -0.9470217823982239
                    ], 
                    "center": [
                        20.562335968017578, 
                        137.09225463867188, 
                        -29.619709014892578
                    ]
                }, 
                {
                    "length": 17.97015380859375, 
                    "direction": [
                        0.16178052127361298, 
                        -0.21380548179149628, 
                        -0.9633868932723999
                    ], 
                    "center": [
                        18.69420623779297, 
                        134.66629028320312, 
                        -8.087533950805664
                    ]
                }
            ]
        }, 
        {
            "type": 3, 
            "bone": [
                {
                    "length": 59.9005126953125, 
                    "direction": [
                        0.06352943181991577, 
                        0.034861575812101364, 
                        0.9973708987236023
                    ], 
                    "center": [
                        -9.342729568481445, 
                        184.47303771972656, 
                        -4.648285865783691
                    ]
                }, 
                {
                    "length": 42.725589752197266, 
                    "direction": [
                        -0.2919776737689972, 
                        0.9457833170890808, 
                        0.142278254032135
                    ], 
                    "center": [
                        -5.007993698120117, 
                        163.22434997558594, 
                        -37.55925750732422
                    ]
                }, 
                {
                    "length": 26.4904842376709, 
                    "direction": [
                        -0.1581975519657135, 
                        0.34573572874069214, 
                        -0.9249001741409302
                    ], 
                    "center": [
                        3.3248302936553955, 
                        138.4404296875, 
                        -28.348194122314453
                    ]
                }, 
                {
                    "length": 17.86687660217285, 
                    "direction": [
                        0.009062317200005054, 
                        -0.1918938159942627, 
                        -0.9813739061355591
                    ], 
                    "center": [
                        5.339237213134766, 
                        135.57534790039062, 
                        -7.330624580383301
                    ]
                }
            ]
        }, 
        {
            "type": 4, 
            "bone": [
                {
                    "length": 55.44927978515625, 
                    "direction": [
                        0.20576176047325134, 
                        0.007825424894690514, 
                        0.978570818901062
                    ], 
                    "center": [
                        -23.865314483642578, 
                        176.9478759765625, 
                        -1.1763029098510742
                    ]
                }, 
                {
                    "length": 33.812801361083984, 
                    "direction": [
                        -0.3632434904575348, 
                        0.8953680396080017, 
                        0.2576245069503784
                    ], 
                    "center": [
                        -23.428844451904297, 
                        161.5934600830078, 
                        -32.662330627441406
                    ]
                }, 
                {
                    "length": 18.70341682434082, 
                    "direction": [
                        -0.5180096626281738, 
                        0.292862206697464, 
                        -0.8036776185035706
                    ], 
                    "center": [
                        -12.443428993225098, 
                        143.71725463867188, 
                        -29.5020751953125
                    ]
                }, 
                {
                    "length": 16.48296546936035, 
                    "direction": [
                        -0.29737183451652527, 
                        -0.22405371069908142, 
                        -0.9281002283096313
                    ], 
                    "center": [
                        -5.148369312286377, 
                        142.82501220703125, 
                        -14.337394714355469
                    ]
                }
            ]
        }
    ], 
    "hand": {
        "grab_strength": 1.0, 
        "wrist_position": [
            -3.6212525367736816, 
            175.7094268798828, 
            34.94521713256836
        ], 
        "palm_width": 87.01065063476562, 
        "palm_velocity": [
            -20.667430877685547, 
            -5.176453590393066, 
            11.618770599365234
        ], 
        "palm_normal": [
            0.09499634057283401, 
            -0.9881890416145325, 
            -0.12024171650409698
        ], 
        "is_left": true, 
        "palm_position": [
            6.284555435180664, 
            178.72080993652344, 
            -16.333709716796875
        ], 
        "pinch_strength": 0.0, 
        "is_right": false
    }
}