{
    "timestamp": 33139705564, 
    "id": 507072, 
    "fingers": [
        {
            "type": 0, 
            "bone": [
                {
                    "length": 0.0, 
                    "direction": [
                        0.0, 
                        0.0, 
                        0.0
                    ], 
                    "center": [
                        19.918447494506836, 
                        159.43446350097656, 
                        40.105255126953125
                    ]
                }, 
                {
                    "length": 47.73451232910156, 
                    "direction": [
                        -0.5538451075553894, 
                        -0.3483840823173523, 
                        0.7562302350997925
                    ], 
                    "center": [
                        33.137210845947266, 
                        167.7494354248047, 
                        22.056114196777344
                    ]
                }, 
                {
                    "length": 32.604461669921875, 
                    "direction": [
                        -0.1722414791584015, 
                        -0.11973608285188675, 
                        0.9777505993843079
                    ], 
                    "center": [
                        49.16389465332031, 
                        178.01637268066406, 
                        -11.93254280090332
                    ]
                }, 
                {
                    "length": 22.380069732666016, 
                    "direction": [
                        0.06740914285182953, 
                        0.025688957422971725, 
                        0.9973946809768677
                    ], 
                    "center": [
                        51.21750259399414, 
                        179.68087768554688, 
                        -39.03293991088867
                    ]
                }
            ]
        }, 
        {
            "type": 1, 
            "bone": [
                {
                    "length": 70.35211181640625, 
                    "direction": [
                        -0.21619312465190887, 
                        -0.12036382406949997, 
                        0.9689030051231384
                    ], 
                    "center": [
                        17.68551254272461, 
                        183.22579956054688, 
                        0.14617156982421875
                    ]
                }, 
                {
                    "length": 41.083492279052734, 
                    "direction": [
                        -0.1310289055109024, 
                        0.9726435542106628, 
                        0.19182246923446655
                    ], 
                    "center": [
                        27.981897354125977, 
                        167.47991943359375, 
                        -37.87638473510742
                    ]
                }, 
                {
                    "length": 23.11332893371582, 
                    "direction": [
                        0.22645524144172668, 
                        0.4484500288963318, 
                        -0.8646447658538818
                    ], 
                    "center": [
                        28.056392669677734, 
                        142.31753540039062, 
                        -31.824344635009766
                    ]
                }, 
                {
                    "length": 16.33837890625, 
                    "direction": [
                        0.29312458634376526, 
                        -0.0869099423289299, 
                        -0.9521158933639526
                    ], 
                    "center": [
                        23.044734954833984, 
                        137.84494018554688, 
                        -14.053918838500977
                    ]
                }
            ]
        }, 
        {
            "type": 2, 
            "bone": [
                {
                    "length": 66.7167739868164, 
                    "direction": [
                        -0.0814424380660057, 
                        -0.10691755264997482, 
                        0.9909267425537109
                    ], 
                    "center": [
                        1.4418201446533203, 
                        183.30801391601562, 
                        -1.8494462966918945
                    ]
                }, 
                {
                    "length": 46.0924072265625, 
                    "direction": [
                        -0.2807312309741974, 
                        0.9447587132453918, 
                        0.1691773235797882
                    ], 
                    "center": [
                        10.628396987915039, 
                        165.10150146484375, 
                        -38.80405807495117
                    ]
                }, 
                {
                    "length": 27.192764282226562, 
                    "direction": [
                        0.016208291053771973, 
                        0.42197906970977783, 
                        -0.9064606428146362
                    ], 
                    "center": [
                        16.877811431884766, 
                        137.59100341796875, 
                        -30.378368377685547
                    ]
                }, 
                {
                    "length": 17.970151901245117, 
                    "direction": [
                        0.16730442643165588, 
                        -0.09512589871883392, 
                        -0.9813054800033569
                    ], 
                    "center": [
                        15.154195785522461, 
                        132.70834350585938, 
                        -9.236679077148438
                    ]
                }
            ]
        }, 
        {
            "type": 3, 
            "bone": [
                {
                    "length": 59.900508880615234, 
                    "direction": [
                        0.06815406680107117, 
                        -0.08657772839069366, 
                        0.99391108751297
                    ], 
                    "center": [
                        -14.695850372314453, 
                        180.1717529296875, 
                        -0.5219354629516602
                    ]
                }, 
                {
                    "length": 42.725582122802734, 
                    "direction": [
                        -0.3332902789115906, 
                        0.9163680672645569, 
                        0.22178155183792114
                    ], 
                    "center": [
                        -9.617071151733398, 
                        163.1885986328125, 
                        -35.0276985168457
                    ]
                }, 
                {
                    "length": 26.490488052368164, 
                    "direction": [
                        -0.17223170399665833, 
                        0.4167773127555847, 
                        -0.8925428986549377
                    ], 
                    "center": [
                        -0.21580946445465088, 
                        138.09210205078125, 
                        -27.943622589111328
                    ]
                }, 
                {
                    "length": 17.86687660217285, 
                    "direction": [
                        0.013957344926893711, 
                        -0.09396172314882278, 
                        -0.9954780340194702
                    ], 
                    "center": [
                        1.9407542943954468, 
                        133.4111785888672, 
                        -7.228631973266602
                    ]
                }
            ]
        }, 
        {
            "type": 4, 
            "bone": [
                {
                    "length": 55.44927978515625, 
                    "direction": [
                        0.21127329766750336, 
                        -0.10504182428121567, 
                        0.9717662930488586
                    ], 
                    "center": [
                        -28.869728088378906, 
                        171.6674041748047, 
                        2.0010509490966797
                    ]
                }, 
                {
                    "length": 33.812801361083984, 
                    "direction": [
                        -0.4185017943382263, 
                        0.8462316989898682, 
                        0.32976973056793213
                    ], 
                    "center": [
                        -27.651844024658203, 
                        160.27291870117188, 
                        -30.516040802001953
                    ]
                }, 
                {
                    "length": 18.703420639038086, 
                    "direction": [
                        -0.5165532231330872, 
                        0.33675047755241394, 
                        -0.7872559428215027
                    ], 
                    "center": [
                        -15.745828628540039, 
                        142.81698608398438, 
                        -28.729068756103516
                    ]
                }, 
                {
                    "length": 16.48296546936035, 
                    "direction": [
                        -0.2715580463409424, 
                        -0.14181733131408691, 
                        -0.9519160389900208
                    ], 
                    "center": [
                        -8.677131652832031, 
                        140.83657836914062, 
                        -13.52168083190918
                    ]
                }
            ]
        }
    ], 
    "hand": {
        "grab_strength": 1.0, 
        "wrist_position": [
            -8.369697570800781, 
            166.80995178222656, 
            37.66999816894531
        ], 
        "palm_width": 87.01065063476562, 
        "palm_velocity": [
            -23.80031394958496, 
            -8.993433952331543, 
            12.345857620239258
        ], 
        "palm_normal": [
            0.1354558914899826, 
            -0.9607180953025818, 
            -0.24222399294376373
        ], 
        "is_left": true, 
        "palm_position": [
            1.085900068283081, 
            176.57965087890625, 
            -12.846002578735352
        ], 
        "pinch_strength": 0.010408906266093254, 
        "is_right": false
    }
}