{
    "timestamp": 33139669485, 
    "id": 507069, 
    "fingers": [
        {
            "type": 0, 
            "bone": [
                {
                    "length": 0.0, 
                    "direction": [
                        0.0, 
                        0.0, 
                        0.0
                    ], 
                    "center": [
                        20.748138427734375, 
                        160.04127502441406, 
                        39.87959289550781
                    ]
                }, 
                {
                    "length": 47.73450469970703, 
                    "direction": [
                        -0.5483579635620117, 
                        -0.3490813076496124, 
                        0.7598986625671387
                    ], 
                    "center": [
                        33.8359375, 
                        168.37289428710938, 
                        21.742900848388672
                    ]
                }, 
                {
                    "length": 32.60446548461914, 
                    "direction": [
                        -0.18770430982112885, 
                        -0.13266494870185852, 
                        0.9732251167297363
                    ], 
                    "center": [
                        49.983734130859375, 
                        178.8672332763672, 
                        -12.25953197479248
                    ]
                }, 
                {
                    "length": 22.380067825317383, 
                    "direction": [
                        -0.06153251975774765, 
                        -0.05600463226437569, 
                        0.9965326189994812
                    ], 
                    "center": [
                        53.73228454589844, 
                        181.6566619873047, 
                        -39.27650833129883
                    ]
                }
            ]
        }, 
        {
            "type": 1, 
            "bone": [
                {
                    "length": 70.35211181640625, 
                    "direction": [
                        -0.2146044373512268, 
                        -0.11203756928443909, 
                        0.9702538251876831
                    ], 
                    "center": [
                        18.507904052734375, 
                        183.52313232421875, 
                        -0.26171875
                    ]
                }, 
                {
                    "length": 41.083492279052734, 
                    "direction": [
                        -0.12824366986751556, 
                        0.97417151927948, 
                        0.18585838377475739
                    ], 
                    "center": [
                        28.69118881225586, 
                        167.45298767089844, 
                        -38.20927810668945
                    ]
                }, 
                {
                    "length": 23.113332748413086, 
                    "direction": [
                        0.22747698426246643, 
                        0.4425717890262604, 
                        -0.8674009442329407
                    ], 
                    "center": [
                        28.69666290283203, 
                        142.3271484375, 
                        -32.00286865234375
                    ]
                }, 
                {
                    "length": 16.33837890625, 
                    "direction": [
                        0.29265448451042175, 
                        -0.09400215744972229, 
                        -0.9515864849090576
                    ], 
                    "center": [
                        23.67703628540039, 
                        137.98040771484375, 
                        -14.204916000366211
                    ]
                }
            ]
        }, 
        {
            "type": 2, 
            "bone": [
                {
                    "length": 66.7167739868164, 
                    "direction": [
                        -0.07976861298084259, 
                        -0.09883585572242737, 
                        0.9919013977050781
                    ], 
                    "center": [
                        2.260540246963501, 
                        183.6400146484375, 
                        -2.225475311279297
                    ]
                }, 
                {
                    "length": 46.092403411865234, 
                    "direction": [
                        -0.2775384187698364, 
                        0.9466371536254883, 
                        0.16386137902736664
                    ], 
                    "center": [
                        11.317699432373047, 
                        165.12062072753906, 
                        -39.090087890625
                    ]
                }, 
                {
                    "length": 27.19276237487793, 
                    "direction": [
                        0.014403543435037136, 
                        0.4162600040435791, 
                        -0.9091315269470215
                    ], 
                    "center": [
                        17.518070220947266, 
                        137.64459228515625, 
                        -30.505571365356445
                    ]
                }, 
                {
                    "length": 17.970151901245117, 
                    "direction": [
                        0.16392700374126434, 
                        -0.10213112831115723, 
                        -0.9811713099479675
                    ], 
                    "center": [
                        15.849336624145508, 
                        132.90261840820312, 
                        -9.328773498535156
                    ]
                }
            ]
        }, 
        {
            "type": 3, 
            "bone": [
                {
                    "length": 59.900508880615234, 
                    "direction": [
                        0.06989572197198868, 
                        -0.07893770188093185, 
                        0.9944261312484741
                    ], 
                    "center": [
                        -13.884021759033203, 
                        180.56442260742188, 
                        -0.8409929275512695
                    ]
                }, 
                {
                    "length": 42.72557830810547, 
                    "direction": [
                        -0.3295159339904785, 
                        0.9180412888526917, 
                        0.22049793601036072
                    ], 
                    "center": [
                        -8.93803596496582, 
                        163.31671142578125, 
                        -35.33476257324219
                    ]
                }, 
                {
                    "length": 26.4904842376709, 
                    "direction": [
                        -0.17411290109157562, 
                        0.41491052508354187, 
                        -0.8930476307868958
                    ], 
                    "center": [
                        0.4075106978416443, 
                        138.20919799804688, 
                        -28.21657943725586
                    ]
                }, 
                {
                    "length": 17.86687660217285, 
                    "direction": [
                        0.010692880488932133, 
                        -0.09846073389053345, 
                        -0.9950834512710571
                    ], 
                    "center": [
                        2.6181540489196777, 
                        133.59320068359375, 
                        -7.498432159423828
                    ]
                }
            ]
        }, 
        {
            "type": 4, 
            "bone": [
                {
                    "length": 55.44927978515625, 
                    "direction": [
                        0.2129122018814087, 
                        -0.09802048653364182, 
                        0.9721421599388123
                    ], 
                    "center": [
                        -28.07896614074707, 
                        172.12432861328125, 
                        1.7774276733398438
                    ]
                }, 
                {
                    "length": 33.81281661987305, 
                    "direction": [
                        -0.41250890493392944, 
                        0.8493812084197998, 
                        0.32922330498695374
                    ], 
                    "center": [
                        -27.007835388183594, 
                        160.48191833496094, 
                        -30.740848541259766
                    ]
                }, 
                {
                    "length": 18.703413009643555, 
                    "direction": [
                        -0.519706666469574, 
                        0.33662497997283936, 
                        -0.7852316498756409
                    ], 
                    "center": [
                        -15.173648834228516, 
                        142.97390747070312, 
                        -28.96357536315918
                    ]
                }, 
                {
                    "length": 16.48296546936035, 
                    "direction": [
                        -0.27699488401412964, 
                        -0.14533141255378723, 
                        -0.9498171806335449
                    ], 
                    "center": [
                        -8.030655860900879, 
                        141.02365112304688, 
                        -13.792417526245117
                    ]
                }
            ]
        }
    ], 
    "hand": {
        "grab_strength": 1.0, 
        "wrist_position": [
            -7.521960258483887, 
            167.4850616455078, 
            37.442630767822266
        ], 
        "palm_width": 87.01065063476562, 
        "palm_velocity": [
            -30.73280143737793, 
            -15.248708724975586, 
            20.595399856567383
        ], 
        "palm_normal": [
            0.13199828565120697, 
            -0.9630166888237, 
            -0.23489418625831604
        ], 
        "is_left": true, 
        "palm_position": [
            1.8616106510162354, 
            176.826171875, 
            -13.167784690856934
        ], 
        "pinch_strength": 0.0, 
        "is_right": false
    }
}