{
    "timestamp": 33139682253, 
    "id": 507070, 
    "fingers": [
        {
            "type": 0, 
            "bone": [
                {
                    "length": 0.0, 
                    "direction": [
                        0.0, 
                        0.0, 
                        0.0
                    ], 
                    "center": [
                        20.44382095336914, 
                        159.8011932373047, 
                        39.94710159301758
                    ]
                }, 
                {
                    "length": 47.73450469970703, 
                    "direction": [
                        -0.5493539571762085, 
                        -0.3492926061153412, 
                        0.7590817213058472
                    ], 
                    "center": [
                        33.555389404296875, 
                        168.13784790039062, 
                        21.829906463623047
                    ]
                }, 
                {
                    "length": 32.60446548461914, 
                    "direction": [
                        -0.18325787782669067, 
                        -0.12962110340595245, 
                        0.9744818806648254
                    ], 
                    "center": [
                        49.65447235107422, 
                        178.58761596679688, 
                        -12.173521041870117
                    ]
                }, 
                {
                    "length": 22.38007164001465, 
                    "direction": [
                        -0.032283008098602295, 
                        -0.037858448922634125, 
                        0.9987615346908569
                    ], 
                    "center": [
                        53.003231048583984, 
                        181.12435913085938, 
                        -39.23592758178711
                    ]
                }
            ]
        }, 
        {
            "type": 1, 
            "bone": [
                {
                    "length": 70.35211181640625, 
                    "direction": [
                        -0.2150880992412567, 
                        -0.11535796523094177, 
                        0.9697574377059937
                    ], 
                    "center": [
                        18.19725799560547, 
                        183.40481567382812, 
                        -0.12239265441894531
                    ]
                }, 
                {
                    "length": 41.0834846496582, 
                    "direction": [
                        -0.12952212989330292, 
                        0.9735347628593445, 
                        0.18829263746738434
                    ], 
                    "center": [
                        28.42382049560547, 
                        167.46453857421875, 
                        -38.10249710083008
                    ]
                }, 
                {
                    "length": 23.113338470458984, 
                    "direction": [
                        0.22699591517448425, 
                        0.44507503509521484, 
                        -0.8662453293800354
                    ], 
                    "center": [
                        28.46111297607422, 
                        142.32286071777344, 
                        -31.95944595336914
                    ]
                }, 
                {
                    "length": 16.338380813598633, 
                    "direction": [
                        0.2928718328475952, 
                        -0.09099118411540985, 
                        -0.9518122673034668
                    ], 
                    "center": [
                        23.445270538330078, 
                        137.922607421875, 
                        -14.172998428344727
                    ]
                }
            ]
        }, 
        {
            "type": 2, 
            "bone": [
                {
                    "length": 66.7167739868164, 
                    "direction": [
                        -0.08028518408536911, 
                        -0.10203573852777481, 
                        0.9915356636047363
                    ], 
                    "center": [
                        1.9510481357574463, 
                        183.50511169433594, 
                        -2.096573829650879
                    ]
                }, 
                {
                    "length": 46.0924072265625, 
                    "direction": [
                        -0.2789342999458313, 
                        0.9458624124526978, 
                        0.1659514307975769
                    ], 
                    "center": [
                        11.057609558105469, 
                        165.11032104492188, 
                        -38.997154235839844
                    ]
                }, 
                {
                    "length": 27.192764282226562, 
                    "direction": [
                        0.014857711270451546, 
                        0.4185612201690674, 
                        -0.9080671072006226
                    ], 
                    "center": [
                        17.28397560119629, 
                        137.62086486816406, 
                        -30.475276947021484
                    ]
                }, 
                {
                    "length": 17.97015380859375, 
                    "direction": [
                        0.16507065296173096, 
                        -0.09923562407493591, 
                        -0.9812767505645752
                    ], 
                    "center": [
                        15.59879207611084, 
                        132.82159423828125, 
                        -9.312004089355469
                    ]
                }
            ]
        }, 
        {
            "type": 3, 
            "bone": [
                {
                    "length": 59.90050506591797, 
                    "direction": [
                        0.06934946775436401, 
                        -0.08193645626306534, 
                        0.9942218661308289
                    ], 
                    "center": [
                        -14.190107345581055, 
                        180.4027099609375, 
                        -0.7324018478393555
                    ]
                }, 
                {
                    "length": 42.725582122802734, 
                    "direction": [
                        -0.3311305046081543, 
                        0.9173209071159363, 
                        0.22107693552970886
                    ], 
                    "center": [
                        -9.193269729614258, 
                        163.26019287109375, 
                        -35.232418060302734
                    ]
                }, 
                {
                    "length": 26.490480422973633, 
                    "direction": [
                        -0.17366532981395721, 
                        0.4157578945159912, 
                        -0.8927405476570129
                    ], 
                    "center": [
                        0.1808415651321411, 
                        138.15682983398438, 
                        -28.13067626953125
                    ]
                }, 
                {
                    "length": 17.86687660217285, 
                    "direction": [
                        0.011734326370060444, 
                        -0.09647256135940552, 
                        -0.9952664375305176
                    ], 
                    "center": [
                        2.3762526512145996, 
                        133.51185607910156, 
                        -7.414960861206055
                    ]
                }
            ]
        }, 
        {
            "type": 4, 
            "bone": [
                {
                    "length": 55.449275970458984, 
                    "direction": [
                        0.2124072164297104, 
                        -0.10075005143880844, 
                        0.9719736576080322
                    ], 
                    "center": [
                        -28.37496566772461, 
                        171.93466186523438, 
                        1.850295066833496
                    ]
                }, 
                {
                    "length": 33.81280517578125, 
                    "direction": [
                        -0.41498368978500366, 
                        0.8480637669563293, 
                        0.32950928807258606
                    ], 
                    "center": [
                        -27.247997283935547, 
                        160.3902130126953, 
                        -30.668140411376953
                    ]
                }, 
                {
                    "length": 18.703418731689453, 
                    "direction": [
                        -0.518615186214447, 
                        0.33662810921669006, 
                        -0.7859514951705933
                    ], 
                    "center": [
                        -15.382176399230957, 
                        142.90444946289062, 
                        -28.888965606689453
                    ]
                }, 
                {
                    "length": 16.482967376708984, 
                    "direction": [
                        -0.27494800090789795, 
                        -0.14393816888332367, 
                        -0.9506237506866455
                    ], 
                    "center": [
                        -8.266258239746094, 
                        140.9426727294922, 
                        -13.704426765441895
                    ]
                }
            ]
        }
    ], 
    "hand": {
        "grab_strength": 1.0, 
        "wrist_position": [
            -7.835042953491211, 
            167.21307373046875, 
            37.5145378112793
        ], 
        "palm_width": 87.01065063476562, 
        "palm_velocity": [
            -27.87763023376465, 
            -12.573960304260254, 
            16.14077377319336
        ], 
        "palm_normal": [
            0.1334996521472931, 
            -0.962095320224762, 
            -0.2378033995628357
        ], 
        "is_left": true, 
        "palm_position": [
            1.5688700675964355, 
            176.72482299804688, 
            -13.060304641723633
        ], 
        "pinch_strength": 0.0, 
        "is_right": false
    }
}