{
    "timestamp": 33139647385, 
    "id": 507067, 
    "fingers": [
        {
            "type": 0, 
            "bone": [
                {
                    "length": 0.0, 
                    "direction": [
                        0.0, 
                        0.0, 
                        0.0
                    ], 
                    "center": [
                        21.36142349243164, 
                        160.7210235595703, 
                        39.70988082885742
                    ]
                }, 
                {
                    "length": 47.73450469970703, 
                    "direction": [
                        -0.5468759536743164, 
                        -0.3462369740009308, 
                        0.7622641921043396
                    ], 
                    "center": [
                        34.413848876953125, 
                        168.9847412109375, 
                        21.5167293548584
                    ]
                }, 
                {
                    "length": 32.604469299316406, 
                    "direction": [
                        -0.1948576271533966, 
                        -0.13440728187561035, 
                        0.9715786576271057
                    ], 
                    "center": [
                        50.64289093017578, 
                        179.43960571289062, 
                        -12.515323638916016
                    ]
                }, 
                {
                    "length": 22.380069732666016, 
                    "direction": [
                        -0.10187017172574997, 
                        -0.07789731025695801, 
                        0.9917431473731995
                    ], 
                    "center": [
                        54.959434509277344, 
                        182.50242614746094, 
                        -39.451866149902344
                    ]
                }
            ]
        }, 
        {
            "type": 1, 
            "bone": [
                {
                    "length": 70.35211181640625, 
                    "direction": [
                        -0.21398696303367615, 
                        -0.10348661988973618, 
                        0.9713393449783325
                    ], 
                    "center": [
                        19.142671585083008, 
                        183.876220703125, 
                        -0.6219367980957031
                    ]
                }, 
                {
                    "length": 41.0834846496582, 
                    "direction": [
                        -0.1260373443365097, 
                        0.9757494926452637, 
                        0.17896237969398499
                    ], 
                    "center": [
                        29.258914947509766, 
                        167.47286987304688, 
                        -38.466026306152344
                    ]
                }, 
                {
                    "length": 23.11333465576172, 
                    "direction": [
                        0.22846218943595886, 
                        0.4358300566673279, 
                        -0.8705498576164246
                    ], 
                    "center": [
                        29.207679748535156, 
                        142.3925323486328, 
                        -32.081565856933594
                    ]
                }, 
                {
                    "length": 16.338380813598633, 
                    "direction": [
                        0.29242855310440063, 
                        -0.10190407186746597, 
                        -0.9508422613143921
                    ], 
                    "center": [
                        24.17851448059082, 
                        138.18826293945312, 
                        -14.253300666809082
                    ]
                }
            ]
        }, 
        {
            "type": 2, 
            "bone": [
                {
                    "length": 66.7167739868164, 
                    "direction": [
                        -0.07909873872995377, 
                        -0.09044402837753296, 
                        0.9927554130554199
                    ], 
                    "center": [
                        2.89384388923645, 
                        184.01748657226562, 
                        -2.5719223022460938
                    ]
                }, 
                {
                    "length": 46.0924072265625, 
                    "direction": [
                        -0.2751089334487915, 
                        0.9484164714813232, 
                        0.15754778683185577
                    ], 
                    "center": [
                        11.872666358947754, 
                        165.17715454101562, 
                        -39.31951904296875
                    ]
                }, 
                {
                    "length": 27.192766189575195, 
                    "direction": [
                        0.01409225258976221, 
                        0.4094545245170593, 
                        -0.9122216701507568
                    ], 
                    "center": [
                        18.021278381347656, 
                        137.75265502929688, 
                        -30.547481536865234
                    ]
                }, 
                {
                    "length": 17.970151901245117, 
                    "direction": [
                        0.16243356466293335, 
                        -0.11037351936101913, 
                        -0.9805269241333008
                    ], 
                    "center": [
                        16.370197296142578, 
                        133.17727661132812, 
                        -9.334458351135254
                    ]
                }
            ]
        }, 
        {
            "type": 3, 
            "bone": [
                {
                    "length": 59.900508880615234, 
                    "direction": [
                        0.07061700522899628, 
                        -0.07090003043413162, 
                        0.9949805736541748
                    ], 
                    "center": [
                        -13.257049560546875, 
                        180.9938507080078, 
                        -1.147512435913086
                    ]
                }, 
                {
                    "length": 42.7255973815918, 
                    "direction": [
                        -0.3266613185405731, 
                        0.9198130369186401, 
                        0.21733948588371277
                    ], 
                    "center": [
                        -8.393648147583008, 
                        163.46754455566406, 
                        -35.590415954589844
                    ]
                }, 
                {
                    "length": 26.490476608276367, 
                    "direction": [
                        -0.17472626268863678, 
                        0.4116630554199219, 
                        -0.8944295644760132
                    ], 
                    "center": [
                        0.899043083190918, 
                        138.3651885986328, 
                        -28.38646125793457
                    ]
                }, 
                {
                    "length": 17.86687660217285, 
                    "direction": [
                        0.009027435444295406, 
                        -0.10398884862661362, 
                        -0.9945374131202698
                    ], 
                    "center": [
                        3.132688045501709, 
                        133.84158325195312, 
                        -7.6548895835876465
                    ]
                }
            ]
        }, 
        {
            "type": 4, 
            "bone": [
                {
                    "length": 55.449283599853516, 
                    "direction": [
                        0.21356484293937683, 
                        -0.0905236229300499, 
                        0.9727258086204529
                    ], 
                    "center": [
                        -27.470569610595703, 
                        172.6111602783203, 
                        1.5533323287963867
                    ]
                }, 
                {
                    "length": 33.81281280517578, 
                    "direction": [
                        -0.4082109034061432, 
                        0.8526020050048828, 
                        0.3262416124343872
                    ], 
                    "center": [
                        -26.49020004272461, 
                        160.70645141601562, 
                        -30.930715560913086
                    ]
                }, 
                {
                    "length": 18.703418731689453, 
                    "direction": [
                        -0.5212721824645996, 
                        0.33457058668136597, 
                        -0.7850719094276428
                    ], 
                    "center": [
                        -14.714033126831055, 
                        143.1632080078125, 
                        -29.104524612426758
                    ]
                }, 
                {
                    "length": 16.482967376708984, 
                    "direction": [
                        -0.28022995591163635, 
                        -0.1502896100282669, 
                        -0.9480950236320496
                    ], 
                    "center": [
                        -7.52973747253418, 
                        141.27301025390625, 
                        -13.949050903320312
                    ]
                }
            ]
        }
    ], 
    "hand": {
        "grab_strength": 1.0, 
        "wrist_position": [
            -6.892266273498535, 
            168.21511840820312, 
            37.237056732177734
        ], 
        "palm_width": 87.01065063476562, 
        "palm_velocity": [
            -34.87396240234375, 
            -18.272075653076172, 
            30.08563995361328
        ], 
        "palm_normal": [
            0.12937991321086884, 
            -0.9652501940727234, 
            -0.227052703499794
        ], 
        "is_left": true, 
        "palm_position": [
            2.467822551727295, 
            177.1145782470703, 
            -13.45722484588623
        ], 
        "pinch_strength": 0.0, 
        "is_right": false
    }
}