{
    "timestamp": 33139623575, 
    "id": 507065, 
    "fingers": [
        {
            "type": 0, 
            "bone": [
                {
                    "length": 0.0, 
                    "direction": [
                        0.0, 
                        0.0, 
                        0.0
                    ], 
                    "center": [
                        21.88632583618164, 
                        162.0703887939453, 
                        39.45286178588867
                    ]
                }, 
                {
                    "length": 47.7345085144043, 
                    "direction": [
                        -0.5491570234298706, 
                        -0.33182254433631897, 
                        0.7670204043388367
                    ], 
                    "center": [
                        34.993194580078125, 
                        169.99008178710938, 
                        21.146190643310547
                    ]
                }, 
                {
                    "length": 32.60446548461914, 
                    "direction": [
                        -0.20521686971187592, 
                        -0.12230256199836731, 
                        0.9710448384284973
                    ], 
                    "center": [
                        51.445560455322266, 
                        179.90357971191406, 
                        -12.990679740905762
                    ]
                }, 
                {
                    "length": 22.380069732666016, 
                    "direction": [
                        -0.1423787921667099, 
                        -0.08407853543758392, 
                        0.9862348437309265
                    ], 
                    "center": [
                        56.38427734375, 
                        182.83822631835938, 
                        -39.85688018798828
                    ]
                }
            ]
        }, 
        {
            "type": 1, 
            "bone": [
                {
                    "length": 70.35211181640625, 
                    "direction": [
                        -0.21684372425079346, 
                        -0.08449146151542664, 
                        0.9725430011749268
                    ], 
                    "center": [
                        19.853992462158203, 
                        184.47274780273438, 
                        -1.3116474151611328
                    ]
                }, 
                {
                    "length": 41.08348846435547, 
                    "direction": [
                        -0.12358629703521729, 
                        0.9790422916412354, 
                        0.1618725061416626
                    ], 
                    "center": [
                        30.02037811279297, 
                        167.33358764648438, 
                        -38.847023010253906
                    ]
                }, 
                {
                    "length": 23.11333656311035, 
                    "direction": [
                        0.2332337349653244, 
                        0.42005521059036255, 
                        -0.8770151138305664
                    ], 
                    "center": [
                        29.863651275634766, 
                        142.367919921875, 
                        -32.03679275512695
                    ]
                }, 
                {
                    "length": 16.338380813598633, 
                    "direction": [
                        0.29577013850212097, 
                        -0.11985126882791519, 
                        -0.9477108120918274
                    ], 
                    "center": [
                        24.752042770385742, 
                        138.4925537109375, 
                        -14.15938949584961
                    ]
                }
            ]
        }, 
        {
            "type": 2, 
            "bone": [
                {
                    "length": 66.7167739868164, 
                    "direction": [
                        -0.08196481317281723, 
                        -0.07152742892503738, 
                        0.9940652251243591
                    ], 
                    "center": [
                        3.610823154449463, 
                        184.63497924804688, 
                        -3.306626319885254
                    ]
                }, 
                {
                    "length": 46.0924186706543, 
                    "direction": [
                        -0.27220407128334045, 
                        0.9519249796867371, 
                        0.14051194489002228
                    ], 
                    "center": [
                        12.61830997467041, 
                        165.08274841308594, 
                        -39.70530700683594
                    ]
                }, 
                {
                    "length": 27.192768096923828, 
                    "direction": [
                        0.017191113904118538, 
                        0.3933544158935547, 
                        -0.9192261099815369
                    ], 
                    "center": [
                        18.65784454345703, 
                        137.79629516601562, 
                        -30.44542121887207
                    ]
                }, 
                {
                    "length": 17.97015380859375, 
                    "direction": [
                        0.16403546929359436, 
                        -0.12864229083061218, 
                        -0.9780304431915283
                    ], 
                    "center": [
                        16.950237274169922, 
                        133.60394287109375, 
                        -9.159590721130371
                    ]
                }
            ]
        }, 
        {
            "type": 3, 
            "bone": [
                {
                    "length": 59.90050506591797, 
                    "direction": [
                        0.0678139328956604, 
                        -0.05247527360916138, 
                        0.9963170289993286
                    ], 
                    "center": [
                        -12.554414749145508, 
                        181.69577026367188, 
                        -1.8682260513305664
                    ]
                }, 
                {
                    "length": 42.72559356689453, 
                    "direction": [
                        -0.32357752323150635, 
                        0.9240983724594116, 
                        0.2033221572637558
                    ], 
                    "center": [
                        -7.672938346862793, 
                        163.52609252929688, 
                        -36.05170440673828
                    ]
                }, 
                {
                    "length": 26.4904842376709, 
                    "direction": [
                        -0.17163124680519104, 
                        0.39903223514556885, 
                        -0.9007308483123779
                    ], 
                    "center": [
                        1.512879729270935, 
                        138.49949645996094, 
                        -28.46483612060547
                    ]
                }, 
                {
                    "length": 17.86687660217285, 
                    "direction": [
                        0.010884049348533154, 
                        -0.12015727907419205, 
                        -0.9926952123641968
                    ], 
                    "center": [
                        3.6889452934265137, 
                        134.28762817382812, 
                        -7.666255950927734
                    ]
                }
            ]
        }, 
        {
            "type": 4, 
            "bone": [
                {
                    "length": 55.44927978515625, 
                    "direction": [
                        0.21074694395065308, 
                        -0.07301858812570572, 
                        0.9748097062110901
                    ], 
                    "center": [
                        -26.80480194091797, 
                        173.4156036376953, 
                        0.951934814453125
                    ]
                }, 
                {
                    "length": 33.812801361083984, 
                    "direction": [
                        -0.40443915128707886, 
                        0.8596696853637695, 
                        0.3120850920677185
                    ], 
                    "center": [
                        -25.810075759887695, 
                        160.90609741210938, 
                        -31.350549697875977
                    ]
                }, 
                {
                    "length": 18.70342254638672, 
                    "direction": [
                        -0.5195663571357727, 
                        0.324070006608963, 
                        -0.7905879616737366
                    ], 
                    "center": [
                        -14.113630294799805, 
                        143.34156799316406, 
                        -29.233434677124023
                    ]
                }, 
                {
                    "length": 16.482969284057617, 
                    "direction": [
                        -0.2801063656806946, 
                        -0.1654336154460907, 
                        -0.9456067085266113
                    ], 
                    "center": [
                        -6.946303844451904, 
                        141.67437744140625, 
                        -14.046880722045898
                    ]
                }
            ]
        }
    ], 
    "hand": {
        "grab_strength": 1.0, 
        "wrist_position": [
            -6.333856582641602, 
            169.6167755126953, 
            36.765750885009766
        ], 
        "palm_width": 87.01065063476562, 
        "palm_velocity": [
            -41.573673248291016, 
            -19.371801376342773, 
            37.37290573120117
        ], 
        "palm_normal": [
            0.12649521231651306, 
            -0.969791054725647, 
            -0.20857666432857513
        ], 
        "is_left": true, 
        "palm_position": [
            3.187901735305786, 
            177.53065490722656, 
            -14.061690330505371
        ], 
        "pinch_strength": 0.0, 
        "is_right": false
    }
}