{
    "timestamp": 33139738321, 
    "id": 507075, 
    "fingers": [
        {
            "type": 0, 
            "bone": [
                {
                    "length": 0.0, 
                    "direction": [
                        0.0, 
                        0.0, 
                        0.0
                    ], 
                    "center": [
                        18.968921661376953, 
                        158.73121643066406, 
                        40.7582893371582
                    ]
                }, 
                {
                    "length": 47.73450469970703, 
                    "direction": [
                        -0.5598040819168091, 
                        -0.34735772013664246, 
                        0.7523045539855957
                    ], 
                    "center": [
                        32.32990646362305, 
                        167.02169799804688, 
                        22.802846908569336
                    ]
                }, 
                {
                    "length": 32.60446548461914, 
                    "direction": [
                        -0.15874817967414856, 
                        -0.10948880761861801, 
                        0.9812294244766235
                    ], 
                    "center": [
                        48.278839111328125, 
                        177.09707641601562, 
                        -11.148824691772461
                    ]
                }, 
                {
                    "length": 22.380069732666016, 
                    "direction": [
                        0.25107908248901367, 
                        0.13725845515727997, 
                        0.9581854939460754
                    ], 
                    "center": [
                        48.05720520019531, 
                        177.3460693359375, 
                        -37.867183685302734
                    ]
                }
            ]
        }, 
        {
            "type": 1, 
            "bone": [
                {
                    "length": 70.35211181640625, 
                    "direction": [
                        -0.2197631597518921, 
                        -0.12791642546653748, 
                        0.9671306014060974
                    ], 
                    "center": [
                        16.906597137451172, 
                        182.84750366210938, 
                        0.9852714538574219
                    ]
                }, 
                {
                    "length": 41.08348083496094, 
                    "direction": [
                        -0.13020089268684387, 
                        0.9714363813400269, 
                        0.19839146733283997
                    ], 
                    "center": [
                        27.311552047729492, 
                        167.39208984375, 
                        -37.1098747253418
                    ]
                }, 
                {
                    "length": 23.113338470458984, 
                    "direction": [
                        0.22971631586551666, 
                        0.45407384634017944, 
                        -0.8608410954475403
                    ], 
                    "center": [
                        27.331348419189453, 
                        142.18951416015625, 
                        -31.236724853515625
                    ]
                }, 
                {
                    "length": 16.338380813598633, 
                    "direction": [
                        0.29583048820495605, 
                        -0.08056393265724182, 
                        -0.9518370628356934
                    ], 
                    "center": [
                        22.259899139404297, 
                        137.60008239746094, 
                        -13.512531280517578
                    ]
                }
            ]
        }, 
        {
            "type": 2, 
            "bone": [
                {
                    "length": 66.7167739868164, 
                    "direction": [
                        -0.08507459610700607, 
                        -0.1148192510008812, 
                        0.9897367358207703
                    ], 
                    "center": [
                        0.6701699495315552, 
                        182.96640014648438, 
                        -1.0668210983276367
                    ]
                }, 
                {
                    "length": 46.0924186706543, 
                    "direction": [
                        -0.2801136374473572, 
                        0.9438510537147522, 
                        0.17516113817691803
                    ], 
                    "center": [
                        9.963679313659668, 
                        165.04440307617188, 
                        -38.11964416503906
                    ]
                }, 
                {
                    "length": 27.19276237487793, 
                    "direction": [
                        0.020373240113258362, 
                        0.4285454750061035, 
                        -0.9032903909683228
                    ], 
                    "center": [
                        16.142234802246094, 
                        137.46554565429688, 
                        -29.874963760375977
                    ]
                }, 
                {
                    "length": 17.97015380859375, 
                    "direction": [
                        0.17101600766181946, 
                        -0.08807481080293655, 
                        -0.981323778629303
                    ], 
                    "center": [
                        14.32863998413086, 
                        132.43023681640625, 
                        -8.776213645935059
                    ]
                }
            ]
        }, 
        {
            "type": 3, 
            "bone": [
                {
                    "length": 59.900508880615234, 
                    "direction": [
                        0.06453549861907959, 
                        -0.0946936085820198, 
                        0.993412435054779
                    ], 
                    "center": [
                        -15.475956916809082, 
                        179.83993530273438, 
                        0.1784353256225586
                    ]
                }, 
                {
                    "length": 42.7255859375, 
                    "direction": [
                        -0.3329068124294281, 
                        0.9149494171142578, 
                        0.22812379896640778
                    ], 
                    "center": [
                        -10.296992301940918, 
                        163.13015747070312, 
                        -34.44788360595703
                    ]
                }, 
                {
                    "length": 26.490482330322266, 
                    "direction": [
                        -0.1687212735414505, 
                        0.4241468608379364, 
                        -0.8897373676300049
                    ], 
                    "center": [
                        -0.9504185318946838, 
                        137.96636962890625, 
                        -27.536457061767578
                    ]
                }, 
                {
                    "length": 17.86687660217285, 
                    "direction": [
                        0.01721970923244953, 
                        -0.08606027066707611, 
                        -0.9961410760879517
                    ], 
                    "center": [
                        1.1305042505264282, 
                        133.11724853515625, 
                        -6.8527069091796875
                    ]
                }
            ]
        }, 
        {
            "type": 4, 
            "bone": [
                {
                    "length": 55.44927978515625, 
                    "direction": [
                        0.20770910382270813, 
                        -0.11315921694040298, 
                        0.9716233611106873
                    ], 
                    "center": [
                        -29.669174194335938, 
                        171.33343505859375, 
                        2.5826330184936523
                    ]
                }, 
                {
                    "length": 33.81279754638672, 
                    "direction": [
                        -0.4194013476371765, 
                        0.844294011592865, 
                        0.33357179164886475
                    ], 
                    "center": [
                        -28.33726692199707, 
                        160.19676208496094, 
                        -29.99477195739746
                    ]
                }, 
                {
                    "length": 18.703414916992188, 
                    "direction": [
                        -0.512513279914856, 
                        0.34242138266563416, 
                        -0.7874501347541809
                    ], 
                    "center": [
                        -16.453826904296875, 
                        142.72056579589844, 
                        -28.270267486572266
                    ]
                }, 
                {
                    "length": 16.482967376708984, 
                    "direction": [
                        -0.2673633098602295, 
                        -0.13476231694221497, 
                        -0.9541258215904236
                    ], 
                    "center": [
                        -9.457481384277344, 
                        140.6289825439453, 
                        -13.042850494384766
                    ]
                }
            ]
        }
    ], 
    "hand": {
        "grab_strength": 1.0, 
        "wrist_position": [
            -9.30129623413086, 
            166.1619415283203, 
            38.28312301635742
        ], 
        "palm_width": 87.01065063476562, 
        "palm_velocity": [
            -22.990795135498047, 
            -7.409451007843018, 
            19.485614776611328
        ], 
        "palm_normal": [
            0.13512171804904938, 
            -0.9588998556137085, 
            -0.24950577318668365
        ], 
        "is_left": true, 
        "palm_position": [
            0.34477102756500244, 
            176.3275909423828, 
            -12.118608474731445
        ], 
        "pinch_strength": 0.11052491515874863, 
        "is_right": false
    }
}