{
    "timestamp": 33139749782, 
    "id": 507076, 
    "fingers": [
        {
            "type": 0, 
            "bone": [
                {
                    "length": 0.0, 
                    "direction": [
                        0.0, 
                        0.0, 
                        0.0
                    ], 
                    "center": [
                        18.50790786743164, 
                        158.50692749023438, 
                        40.98100662231445
                    ]
                }, 
                {
                    "length": 47.7345085144043, 
                    "direction": [
                        -0.5636700987815857, 
                        -0.3490857481956482, 
                        0.7486088275909424
                    ], 
                    "center": [
                        31.961164474487305, 
                        166.83865356445312, 
                        23.11376953125
                    ]
                }, 
                {
                    "length": 32.60446548461914, 
                    "direction": [
                        -0.1600249856710434, 
                        -0.11077533662319183, 
                        0.9808775782585144
                    ], 
                    "center": [
                        48.02318572998047, 
                        176.97625732421875, 
                        -10.743962287902832
                    ]
                }, 
                {
                    "length": 22.38006591796875, 
                    "direction": [
                        0.28914791345596313, 
                        0.15889957547187805, 
                        0.9440045356750488
                    ], 
                    "center": [
                        47.39637756347656, 
                        177.00404357910156, 
                        -37.29789733886719
                    ]
                }
            ]
        }, 
        {
            "type": 1, 
            "bone": [
                {
                    "length": 70.35211181640625, 
                    "direction": [
                        -0.22350125014781952, 
                        -0.13199356198310852, 
                        0.9657250046730042
                    ], 
                    "center": [
                        16.616592407226562, 
                        182.801025390625, 
                        1.3078174591064453
                    ]
                }, 
                {
                    "length": 41.08348083496094, 
                    "direction": [
                        -0.13000716269016266, 
                        0.9707072973251343, 
                        0.20205318927764893
                    ], 
                    "center": [
                        27.149059295654297, 
                        167.50401306152344, 
                        -36.813106536865234
                    ]
                }, 
                {
                    "length": 23.11333656311035, 
                    "direction": [
                        0.23336279392242432, 
                        0.45740246772766113, 
                        -0.8580936789512634
                    ], 
                    "center": [
                        27.12273406982422, 
                        142.2779541015625, 
                        -31.046926498413086
                    ]
                }, 
                {
                    "length": 16.338380813598633, 
                    "direction": [
                        0.29928308725357056, 
                        -0.07691696286201477, 
                        -0.951059103012085
                    ], 
                    "center": [
                        21.980937957763672, 
                        137.6202392578125, 
                        -13.36083984375
                    ]
                }
            ]
        }, 
        {
            "type": 2, 
            "bone": [
                {
                    "length": 66.7167739868164, 
                    "direction": [
                        -0.08888640999794006, 
                        -0.1191217377781868, 
                        0.9888929128646851
                    ], 
                    "center": [
                        0.38808107376098633, 
                        182.94407653808594, 
                        -0.8044700622558594
                    ]
                }, 
                {
                    "length": 46.09239959716797, 
                    "direction": [
                        -0.2798866927623749, 
                        0.9434214234352112, 
                        0.17781853675842285
                    ], 
                    "center": [
                        9.803512573242188, 
                        165.17550659179688, 
                        -37.890384674072266
                    ]
                }, 
                {
                    "length": 27.192764282226562, 
                    "direction": [
                        0.024625374004244804, 
                        0.431987464427948, 
                        -0.901543378829956
                    ], 
                    "center": [
                        15.919021606445312, 
                        137.55975341796875, 
                        -29.730697631835938
                    ]
                }, 
                {
                    "length": 17.970151901245117, 
                    "direction": [
                        0.17503903806209564, 
                        -0.08441511541604996, 
                        -0.9809359908103943
                    ], 
                    "center": [
                        14.011466979980469, 
                        132.44476318359375, 
                        -8.659186363220215
                    ]
                }
            ]
        }, 
        {
            "type": 3, 
            "bone": [
                {
                    "length": 59.900508880615234, 
                    "direction": [
                        0.06072715297341347, 
                        -0.09915147721767426, 
                        0.9932175874710083
                    ], 
                    "center": [
                        -15.76544189453125, 
                        179.8271484375, 
                        0.3664884567260742
                    ]
                }, 
                {
                    "length": 42.725589752197266, 
                    "direction": [
                        -0.3329041600227356, 
                        0.9142204523086548, 
                        0.23103193938732147
                    ], 
                    "center": [
                        -10.47247314453125, 
                        163.26644897460938, 
                        -34.31611633300781
                    ]
                }, 
                {
                    "length": 26.490474700927734, 
                    "direction": [
                        -0.1651095151901245, 
                        0.4282700717449188, 
                        -0.888438880443573
                    ], 
                    "center": [
                        -1.1737957000732422, 
                        138.0635986328125, 
                        -27.48402214050293
                    ]
                }, 
                {
                    "length": 17.86687660217285, 
                    "direction": [
                        0.02077307738363743, 
                        -0.08167313039302826, 
                        -0.9964426755905151
                    ], 
                    "center": [
                        0.827544093132019, 
                        133.12069702148438, 
                        -6.814778804779053
                    ]
                }
            ]
        }, 
        {
            "type": 4, 
            "bone": [
                {
                    "length": 55.449275970458984, 
                    "direction": [
                        0.20396451652050018, 
                        -0.11765354126691818, 
                        0.9718828201293945
                    ], 
                    "center": [
                        -29.975318908691406, 
                        171.32325744628906, 
                        2.67983341217041
                    ]
                }, 
                {
                    "length": 33.812801361083984, 
                    "direction": [
                        -0.41994136571884155, 
                        0.8432131409645081, 
                        0.3356201946735382
                    ], 
                    "center": [
                        -28.53046417236328, 
                        160.3294677734375, 
                        -29.939395904541016
                    ]
                }, 
                {
                    "length": 18.703418731689453, 
                    "direction": [
                        -0.5091549158096313, 
                        0.3462883532047272, 
                        -0.787937581539154
                    ], 
                    "center": [
                        -16.66929817199707, 
                        142.8353729248047, 
                        -28.24496078491211
                    ]
                }, 
                {
                    "length": 16.482967376708984, 
                    "direction": [
                        -0.2637997567653656, 
                        -0.1303567737340927, 
                        -0.9557284712791443
                    ], 
                    "center": [
                        -9.733728408813477, 
                        140.67132568359375, 
                        -12.999777793884277
                    ]
                }
            ]
        }
    ], 
    "hand": {
        "grab_strength": 1.0, 
        "wrist_position": [
            -9.746049880981445, 
            165.97479248046875, 
            38.43302536010742
        ], 
        "palm_width": 87.01065063476562, 
        "palm_velocity": [
            -22.500181198120117, 
            -4.133010387420654, 
            19.736572265625
        ], 
        "palm_normal": [
            0.1351807862520218, 
            -0.9579106569290161, 
            -0.2532455325126648
        ], 
        "is_left": true, 
        "palm_position": [
            0.09803122282028198, 
            176.35458374023438, 
            -11.886712074279785
        ], 
        "pinch_strength": 0.1330878883600235, 
        "is_right": false
    }
}