{
    "timestamp": 33139726842, 
    "id": 507074, 
    "fingers": [
        {
            "type": 0, 
            "bone": [
                {
                    "length": 0.0, 
                    "direction": [
                        0.0, 
                        0.0, 
                        0.0
                    ], 
                    "center": [
                        19.319673538208008, 
                        158.9241943359375, 
                        40.50601577758789
                    ]
                }, 
                {
                    "length": 47.7345085144043, 
                    "direction": [
                        -0.5577374696731567, 
                        -0.3471246361732483, 
                        0.7539452314376831
                    ], 
                    "center": [
                        32.6313362121582, 
                        167.2091064453125, 
                        22.51141357421875
                    ]
                }, 
                {
                    "length": 32.60446548461914, 
                    "direction": [
                        -0.1615271419286728, 
                        -0.1117052435874939, 
                        0.98052579164505
                    ], 
                    "center": [
                        48.57624816894531, 
                        177.3150634765625, 
                        -11.467947006225586
                    ]
                }, 
                {
                    "length": 22.380067825317383, 
                    "direction": [
                        0.18985117971897125, 
                        0.10007771849632263, 
                        0.9766990542411804
                    ], 
                    "center": [
                        49.085060119628906, 
                        178.0162353515625, 
                        -38.38200378417969
                    ]
                }
            ]
        }, 
        {
            "type": 1, 
            "bone": [
                {
                    "length": 70.35211181640625, 
                    "direction": [
                        -0.2180355042219162, 
                        -0.12493482232093811, 
                        0.9679110646247864
                    ], 
                    "center": [
                        17.1914119720459, 
                        182.92083740234375, 
                        0.6641654968261719
                    ]
                }, 
                {
                    "length": 41.08348083496094, 
                    "direction": [
                        -0.12964767217636108, 
                        0.9720161557197571, 
                        0.19589810073375702
                    ], 
                    "center": [
                        27.52423095703125, 
                        167.34864807128906, 
                        -37.40721893310547
                    ]
                }, 
                {
                    "length": 23.113338470458984, 
                    "direction": [
                        0.22832153737545013, 
                        0.45170316100120544, 
                        -0.8624577522277832
                    ], 
                    "center": [
                        27.548782348632812, 
                        142.16156005859375, 
                        -31.46416473388672
                    ]
                }, 
                {
                    "length": 16.33837890625, 
                    "direction": [
                        0.29417863488197327, 
                        -0.08322561532258987, 
                        -0.9521199464797974
                    ], 
                    "center": [
                        22.506946563720703, 
                        137.6212615966797, 
                        -13.718977928161621
                    ]
                }
            ]
        }, 
        {
            "type": 2, 
            "bone": [
                {
                    "length": 66.7167739868164, 
                    "direction": [
                        -0.08330244570970535, 
                        -0.11180645227432251, 
                        0.9902322888374329
                    ], 
                    "center": [
                        0.9513062238693237, 
                        183.03802490234375, 
                        -1.3587074279785156
                    ]
                }, 
                {
                    "length": 46.09239959716797, 
                    "direction": [
                        -0.2795506715774536, 
                        0.9444158673286438, 
                        0.17300252616405487
                    ], 
                    "center": [
                        10.172721862792969, 
                        165.00250244140625, 
                        -38.37831115722656
                    ]
                }, 
                {
                    "length": 27.19277000427246, 
                    "direction": [
                        0.01871003396809101, 
                        0.42603039741516113, 
                        -0.9045154452323914
                    ], 
                    "center": [
                        16.36091423034668, 
                        137.44482421875, 
                        -30.06722068786621
                    ]
                }, 
                {
                    "length": 17.970151901245117, 
                    "direction": [
                        0.16909070312976837, 
                        -0.09087011963129044, 
                        -0.981402575969696
                    ], 
                    "center": [
                        14.58723258972168, 
                        132.46884155273438, 
                        -8.951104164123535
                    ]
                }
            ]
        }, 
        {
            "type": 3, 
            "bone": [
                {
                    "length": 59.900508880615234, 
                    "direction": [
                        0.06631950289011002, 
                        -0.09171141684055328, 
                        0.9935746788978577
                    ], 
                    "center": [
                        -15.193368911743164, 
                        179.91978454589844, 
                        -0.0746164321899414
                    ]
                }, 
                {
                    "length": 42.725582122802734, 
                    "direction": [
                        -0.3322710394859314, 
                        0.9157609343528748, 
                        0.22578254342079163
                    ], 
                    "center": [
                        -10.08141803741455, 
                        163.10336303710938, 
                        -34.65577697753906
                    ]
                }, 
                {
                    "length": 26.49048614501953, 
                    "direction": [
                        -0.17010299861431122, 
                        0.4214090406894684, 
                        -0.8907746076583862
                    ], 
                    "center": [
                        -0.7301252484321594, 
                        137.95848083496094, 
                        -27.68059539794922
                    ]
                }, 
                {
                    "length": 17.86687469482422, 
                    "direction": [
                        0.01548840943723917, 
                        -0.08910402655601501, 
                        -0.995901882648468
                    ], 
                    "center": [
                        1.3845655918121338, 
                        133.17282104492188, 
                        -6.985243797302246
                    ]
                }
            ]
        }, 
        {
            "type": 4, 
            "bone": [
                {
                    "length": 55.449283599853516, 
                    "direction": [
                        0.2094482183456421, 
                        -0.11028215289115906, 
                        0.9715807437896729
                    ], 
                    "center": [
                        -29.384479522705078, 
                        171.42449951171875, 
                        2.381098747253418
                    ]
                }, 
                {
                    "length": 33.812801361083984, 
                    "direction": [
                        -0.41851702332496643, 
                        0.8454013466835022, 
                        0.33187371492385864
                    ], 
                    "center": [
                        -28.115739822387695, 
                        160.1893310546875, 
                        -30.166419982910156
                    ]
                }, 
                {
                    "length": 18.70341682434082, 
                    "direction": [
                        -0.5139211416244507, 
                        0.34026840329170227, 
                        -0.7874658703804016
                    ], 
                    "center": [
                        -16.234081268310547, 
                        142.71453857421875, 
                        -28.41305923461914
                    ]
                }, 
                {
                    "length": 16.482967376708984, 
                    "direction": [
                        -0.2692234516143799, 
                        -0.1374969333410263, 
                        -0.9532120823860168
                    ], 
                    "center": [
                        -9.209240913391113, 
                        140.66563415527344, 
                        -13.193026542663574
                    ]
                }
            ]
        }
    ], 
    "hand": {
        "grab_strength": 1.0, 
        "wrist_position": [
            -8.952998161315918, 
            166.35519409179688, 
            38.059898376464844
        ], 
        "palm_width": 87.01065063476562, 
        "palm_velocity": [
            -23.197996139526367, 
            -9.46722412109375, 
            17.391952514648438
        ], 
        "palm_normal": [
            0.13440793752670288, 
            -0.9596861004829407, 
            -0.24685439467430115
        ], 
        "is_left": true, 
        "palm_position": [
            0.6039814352989197, 
            176.365966796875, 
            -12.389784812927246
        ], 
        "pinch_strength": 0.076396644115448, 
        "is_right": false
    }
}