{
    "timestamp": 33139807207, 
    "id": 507081, 
    "fingers": [
        {
            "type": 0, 
            "bone": [
                {
                    "length": 0.0, 
                    "direction": [
                        0.0, 
                        0.0, 
                        0.0
                    ], 
                    "center": [
                        17.051572799682617, 
                        158.82174682617188, 
                        41.64927291870117
                    ]
                }, 
                {
                    "length": 47.7345085144043, 
                    "direction": [
                        -0.5789347290992737, 
                        -0.3444094657897949, 
                        0.7390647530555725
                    ], 
                    "center": [
                        30.869155883789062, 
                        167.04185485839844, 
                        24.00982666015625
                    ]
                }, 
                {
                    "length": 32.60446548461914, 
                    "direction": [
                        -0.15298256278038025, 
                        -0.09667458385229111, 
                        0.9834887981414795
                    ], 
                    "center": [
                        47.180694580078125, 
                        176.83798217773438, 
                        -9.66268539428711
                    ]
                }, 
                {
                    "length": 22.38007354736328, 
                    "direction": [
                        0.48379698395729065, 
                        0.277407705783844, 
                        0.8300514817237854
                    ], 
                    "center": [
                        44.260948181152344, 
                        175.30978393554688, 
                        -34.98405456542969
                    ]
                }
            ]
        }, 
        {
            "type": 1, 
            "bone": [
                {
                    "length": 70.35211181640625, 
                    "direction": [
                        -0.23504303395748138, 
                        -0.130482479929924, 
                        0.9631869196891785
                    ], 
                    "center": [
                        15.80195426940918, 
                        183.15074157714844, 
                        1.9720792770385742
                    ]
                }, 
                {
                    "length": 41.083492279052734, 
                    "direction": [
                        -0.123402900993824, 
                        0.9719040989875793, 
                        0.2004348486661911
                    ], 
                    "center": [
                        26.604751586914062, 
                        167.7760009765625, 
                        -36.02632141113281
                    ]
                }, 
                {
                    "length": 23.113330841064453, 
                    "direction": [
                        0.24718406796455383, 
                        0.4543684422969818, 
                        -0.855832576751709
                    ], 
                    "center": [
                        26.283039093017578, 
                        142.56039428710938, 
                        -30.253032684326172
                    ]
                }, 
                {
                    "length": 16.338380813598633, 
                    "direction": [
                        0.30914974212646484, 
                        -0.08066105842590332, 
                        -0.9475865364074707
                    ], 
                    "center": [
                        20.90091323852539, 
                        137.96835327148438, 
                        -12.621448516845703
                    ]
                }
            ]
        }, 
        {
            "type": 2, 
            "bone": [
                {
                    "length": 66.7167739868164, 
                    "direction": [
                        -0.10057717561721802, 
                        -0.11881046742200851, 
                        0.9878098964691162
                    ], 
                    "center": [
                        -0.40097737312316895, 
                        183.43807983398438, 
                        -0.3146800994873047
                    ]
                }, 
                {
                    "length": 46.0924072265625, 
                    "direction": [
                        -0.2738463282585144, 
                        0.9451218843460083, 
                        0.17819316685199738
                    ], 
                    "center": [
                        9.265233993530273, 
                        165.61993408203125, 
                        -37.37310028076172
                    ]
                }, 
                {
                    "length": 27.19277000427246, 
                    "direction": [
                        0.03830406442284584, 
                        0.4343761205673218, 
                        -0.8999168276786804
                    ], 
                    "center": [
                        15.05555534362793, 
                        137.93251037597656, 
                        -29.244159698486328
                    ]
                }, 
                {
                    "length": 17.97015380859375, 
                    "direction": [
                        0.18547019362449646, 
                        -0.08432000875473022, 
                        -0.9790255427360535
                    ], 
                    "center": [
                        12.868294715881348, 
                        132.7841796875, 
                        -8.211925506591797
                    ]
                }
            ]
        }, 
        {
            "type": 3, 
            "bone": [
                {
                    "length": 59.90050506591797, 
                    "direction": [
                        0.04915148392319679, 
                        -0.10016406327486038, 
                        0.9937561750411987
                    ], 
                    "center": [
                        -16.593040466308594, 
                        180.46327209472656, 
                        0.6805410385131836
                    ]
                }, 
                {
                    "length": 42.7255973815918, 
                    "direction": [
                        -0.32702744007110596, 
                        0.9164355993270874, 
                        0.2306489199399948
                    ], 
                    "center": [
                        -11.07891845703125, 
                        163.88558959960938, 
                        -34.010013580322266
                    ]
                }, 
                {
                    "length": 26.490478515625, 
                    "direction": [
                        -0.15294921398162842, 
                        0.43205440044403076, 
                        -0.8887832164764404
                    ], 
                    "center": [
                        -2.0668492317199707, 
                        138.58529663085938, 
                        -27.16517448425293
                    ]
                }, 
                {
                    "length": 17.86687469482422, 
                    "direction": [
                        0.02982829324901104, 
                        -0.08021958917379379, 
                        -0.9963307976722717
                    ], 
                    "center": [
                        -0.3074694275856018, 
                        133.57925415039062, 
                        -6.492369174957275
                    ]
                }
            ]
        }, 
        {
            "type": 4, 
            "bone": [
                {
                    "length": 55.44927978515625, 
                    "direction": [
                        0.19244149327278137, 
                        -0.11991912871599197, 
                        0.9739536046981812
                    ], 
                    "center": [
                        -30.901464462280273, 
                        172.08404541015625, 
                        2.835886001586914
                    ]
                }, 
                {
                    "length": 33.812801361083984, 
                    "direction": [
                        -0.41606712341308594, 
                        0.8467077612876892, 
                        0.3316233158111572
                    ], 
                    "center": [
                        -29.20263671875, 
                        161.09396362304688, 
                        -29.77318572998047
                    ]
                }, 
                {
                    "length": 18.70341682434082, 
                    "direction": [
                        -0.4974443316459656, 
                        0.3511156439781189, 
                        -0.7932634353637695
                    ], 
                    "center": [
                        -17.5164852142334, 
                        143.49566650390625, 
                        -27.96137237548828
                    ]
                }, 
                {
                    "length": 16.482967376708984, 
                    "direction": [
                        -0.25443118810653687, 
                        -0.12767863273620605, 
                        -0.9586256146430969
                    ], 
                    "center": [
                        -10.767641067504883, 
                        141.26438903808594, 
                        -12.642507553100586
                    ]
                }
            ]
        }
    ], 
    "hand": {
        "grab_strength": 1.0, 
        "wrist_position": [
            -11.10633373260498, 
            166.53994750976562, 
            38.80164337158203
        ], 
        "palm_width": 87.01065063476562, 
        "palm_velocity": [
            -12.350004196166992, 
            7.448041915893555, 
            8.983100891113281
        ], 
        "palm_normal": [
            0.1294446885585785, 
            -0.9589440822601318, 
            -0.2523297965526581
        ], 
        "is_left": true, 
        "palm_position": [
            -0.6297913789749146, 
            176.85675048828125, 
            -11.403209686279297
        ], 
        "pinch_strength": 0.2505315840244293, 
        "is_right": false
    }
}