{
    "timestamp": 33139830110, 
    "id": 507083, 
    "fingers": [
        {
            "type": 0, 
            "bone": [
                {
                    "length": 0.0, 
                    "direction": [
                        0.0, 
                        0.0, 
                        0.0
                    ], 
                    "center": [
                        16.791128158569336, 
                        158.9248504638672, 
                        41.77560043334961
                    ]
                }, 
                {
                    "length": 47.73451232910156, 
                    "direction": [
                        -0.5812662243843079, 
                        -0.3580099940299988, 
                        0.730724573135376
                    ], 
                    "center": [
                        30.664356231689453, 
                        167.46957397460938, 
                        24.3352108001709
                    ]
                }, 
                {
                    "length": 32.60446548461914, 
                    "direction": [
                        -0.150067999958992, 
                        -0.10685773193836212, 
                        0.9828840494155884
                    ], 
                    "center": [
                        46.984031677246094, 
                        177.7563018798828, 
                        -9.128381729125977
                    ]
                }, 
                {
                    "length": 22.380069732666016, 
                    "direction": [
                        0.5278832912445068, 
                        0.29863089323043823, 
                        0.7950841784477234
                    ], 
                    "center": [
                        43.523441314697266, 
                        176.15663146972656, 
                        -34.048606872558594
                    ]
                }
            ]
        }, 
        {
            "type": 1, 
            "bone": [
                {
                    "length": 70.35211181640625, 
                    "direction": [
                        -0.23710282146930695, 
                        -0.13004739582538605, 
                        0.9627407789230347
                    ], 
                    "center": [
                        15.656466484069824, 
                        183.2532501220703, 
                        2.094583511352539
                    ]
                }, 
                {
                    "length": 41.08349609375, 
                    "direction": [
                        -0.12222357839345932, 
                        0.9721413254737854, 
                        0.20000609755516052
                    ], 
                    "center": [
                        26.507495880126953, 
                        167.8583221435547, 
                        -35.87931823730469
                    ]
                }, 
                {
                    "length": 23.113338470458984, 
                    "direction": [
                        0.24978028237819672, 
                        0.4536084234714508, 
                        -0.8554818034172058
                    ], 
                    "center": [
                        26.131553649902344, 
                        142.64663696289062, 
                        -30.101272583007812
                    ]
                }, 
                {
                    "length": 16.338380813598633, 
                    "direction": [
                        0.31102296710014343, 
                        -0.08160992711782455, 
                        -0.9468920230865479
                    ], 
                    "center": [
                        20.704118728637695, 
                        138.0711212158203, 
                        -12.479411125183105
                    ]
                }
            ]
        }, 
        {
            "type": 2, 
            "bone": [
                {
                    "length": 66.7167739868164, 
                    "direction": [
                        -0.10266625881195068, 
                        -0.11858701705932617, 
                        0.9876217842102051
                    ], 
                    "center": [
                        -0.5415579080581665, 
                        183.56613159179688, 
                        -0.22336959838867188
                    ]
                }, 
                {
                    "length": 46.0923957824707, 
                    "direction": [
                        -0.2733632028102875, 
                        0.9443024396896362, 
                        0.18320916593074799
                    ], 
                    "center": [
                        9.183205604553223, 
                        165.75942993164062, 
                        -37.39111328125
                    ]
                }, 
                {
                    "length": 27.19277000427246, 
                    "direction": [
                        0.03961290791630745, 
                        0.43904250860214233, 
                        -0.8975926637649536
                    ], 
                    "center": [
                        14.944595336914062, 
                        138.02745056152344, 
                        -29.409374237060547
                    ]
                }, 
                {
                    "length": 17.970151901245117, 
                    "direction": [
                        0.1869613081216812, 
                        -0.08143386244773865, 
                        -0.9789862036705017
                    ], 
                    "center": [
                        12.726140975952148, 
                        132.7897491455078, 
                        -8.409092903137207
                    ]
                }
            ]
        }, 
        {
            "type": 3, 
            "bone": [
                {
                    "length": 59.900508880615234, 
                    "direction": [
                        0.04708009585738182, 
                        -0.1001778095960617, 
                        0.9938550591468811
                    ], 
                    "center": [
                        -16.740205764770508, 
                        180.61709594726562, 
                        0.740870475769043
                    ]
                }, 
                {
                    "length": 42.72560119628906, 
                    "direction": [
                        -0.3254718482494354, 
                        0.9155651330947876, 
                        0.23623807728290558
                    ], 
                    "center": [
                        -11.19727611541748, 
                        164.05841064453125, 
                        -34.07204818725586
                    ]
                }, 
                {
                    "length": 26.490478515625, 
                    "direction": [
                        -0.15280045568943024, 
                        0.43718722462654114, 
                        -0.8862953186035156
                    ], 
                    "center": [
                        -2.2204065322875977, 
                        138.70872497558594, 
                        -27.379562377929688
                    ]
                }, 
                {
                    "length": 17.86687660217285, 
                    "direction": [
                        0.029927726835012436, 
                        -0.07699904590845108, 
                        -0.9965818524360657
                    ], 
                    "center": [
                        -0.46388527750968933, 
                        133.60594177246094, 
                        -6.737465858459473
                    ]
                }
            ]
        }, 
        {
            "type": 4, 
            "bone": [
                {
                    "length": 55.44927978515625, 
                    "direction": [
                        0.1903763711452484, 
                        -0.12016183882951736, 
                        0.9743295311927795
                    ], 
                    "center": [
                        -31.06602668762207, 
                        172.26071166992188, 
                        2.869190216064453
                    ]
                }, 
                {
                    "length": 33.81281280517578, 
                    "direction": [
                        -0.41435858607292175, 
                        0.8469805121421814, 
                        0.33306294679641724
                    ], 
                    "center": [
                        -29.338829040527344, 
                        161.2727508544922, 
                        -29.774642944335938
                    ]
                }, 
                {
                    "length": 18.703420639038086, 
                    "direction": [
                        -0.49587029218673706, 
                        0.35381677746772766, 
                        -0.7930487394332886
                    ], 
                    "center": [
                        -17.696277618408203, 
                        143.64456176757812, 
                        -27.989177703857422
                    ]
                }, 
                {
                    "length": 16.482967376708984, 
                    "direction": [
                        -0.253296822309494, 
                        -0.12602898478507996, 
                        -0.9591441750526428
                    ], 
                    "center": [
                        -10.971501350402832, 
                        141.3744354248047, 
                        -12.668045997619629
                    ]
                }
            ]
        }
    ], 
    "hand": {
        "grab_strength": 1.0, 
        "wrist_position": [
            -11.34896469116211, 
            166.68753051757812, 
            38.87331771850586
        ], 
        "palm_width": 87.01065063476562, 
        "palm_velocity": [
            -8.538041114807129, 
            6.325675964355469, 
            6.1382222175598145
        ], 
        "palm_normal": [
            0.12840837240219116, 
            -0.9591645002365112, 
            -0.2520213723182678
        ], 
        "is_left": true, 
        "palm_position": [
            -0.7594752311706543, 
            176.98446655273438, 
            -11.31191635131836
        ], 
        "pinch_strength": 0.26360079646110535, 
        "is_right": false
    }
}