{
    "timestamp": 33139876018, 
    "id": 507086, 
    "fingers": [
        {
            "type": 0, 
            "bone": [
                {
                    "length": 0.0, 
                    "direction": [
                        0.0, 
                        0.0, 
                        0.0
                    ], 
                    "center": [
                        16.53407859802246, 
                        158.95285034179688, 
                        41.847286224365234
                    ]
                }, 
                {
                    "length": 47.7345085144043, 
                    "direction": [
                        -0.5833954811096191, 
                        -0.3672385811805725, 
                        0.7244208455085754
                    ], 
                    "center": [
                        30.458126068115234, 
                        167.71783447265625, 
                        24.557350158691406
                    ]
                }, 
                {
                    "length": 32.604469299316406, 
                    "direction": [
                        -0.1493290215730667, 
                        -0.11536449939012527, 
                        0.9820345044136047
                    ], 
                    "center": [
                        46.81657409667969, 
                        178.36349487304688, 
                        -8.741941452026367
                    ]
                }, 
                {
                    "length": 22.380069732666016, 
                    "direction": [
                        0.5446290373802185, 
                        0.30373281240463257, 
                        0.781745195388794
                    ], 
                    "center": [
                        43.156551361083984, 
                        176.84542846679688, 
                        -33.499053955078125
                    ]
                }
            ]
        }, 
        {
            "type": 1, 
            "bone": [
                {
                    "length": 70.35211181640625, 
                    "direction": [
                        -0.23881429433822632, 
                        -0.13074730336666107, 
                        0.9622228741645813
                    ], 
                    "center": [
                        15.51668930053711, 
                        183.33688354492188, 
                        2.1972570419311523
                    ]
                }, 
                {
                    "length": 41.0834846496582, 
                    "direction": [
                        -0.12022984027862549, 
                        0.9721089601516724, 
                        0.20136778056621552
                    ], 
                    "center": [
                        26.386964797973633, 
                        167.96725463867188, 
                        -35.78639602661133
                    ]
                }, 
                {
                    "length": 23.11333465576172, 
                    "direction": [
                        0.25245401263237, 
                        0.454172283411026, 
                        -0.8543971180915833
                    ], 
                    "center": [
                        25.939167022705078, 
                        142.74972534179688, 
                        -30.048856735229492
                    ]
                }, 
                {
                    "length": 16.338380813598633, 
                    "direction": [
                        0.31253138184547424, 
                        -0.08126343786716461, 
                        -0.9464251399040222
                    ], 
                    "center": [
                        20.46851348876953, 
                        138.16485595703125, 
                        -12.44334602355957
                    ]
                }
            ]
        }, 
        {
            "type": 2, 
            "bone": [
                {
                    "length": 66.7167739868164, 
                    "direction": [
                        -0.10438601672649384, 
                        -0.1196514293551445, 
                        0.9873130321502686
                    ], 
                    "center": [
                        -0.6771464347839355, 
                        183.69277954101562, 
                        -0.143646240234375
                    ]
                }, 
                {
                    "length": 46.092411041259766, 
                    "direction": [
                        -0.2728736400604248, 
                        0.9413438439369202, 
                        0.19852378964424133
                    ], 
                    "center": [
                        9.093704223632812, 
                        165.98974609375, 
                        -37.65403747558594
                    ]
                }, 
                {
                    "length": 27.192758560180664, 
                    "direction": [
                        0.03741373494267464, 
                        0.452604740858078, 
                        -0.8909261226654053
                    ], 
                    "center": [
                        14.873714447021484, 
                        138.14157104492188, 
                        -30.115886688232422
                    ]
                }, 
                {
                    "length": 17.970151901245117, 
                    "direction": [
                        0.18572264909744263, 
                        -0.07171230763196945, 
                        -0.9799817800521851
                    ], 
                    "center": [
                        12.696290969848633, 
                        132.63211059570312, 
                        -9.197306632995605
                    ]
                }
            ]
        }, 
        {
            "type": 3, 
            "bone": [
                {
                    "length": 59.900508880615234, 
                    "direction": [
                        0.04539600759744644, 
                        -0.10161935538053513, 
                        0.9937870502471924
                    ], 
                    "center": [
                        -16.884380340576172, 
                        180.7823486328125, 
                        0.79327392578125
                    ]
                }, 
                {
                    "length": 42.725589752197266, 
                    "direction": [
                        -0.3219805359840393, 
                        0.9119987487792969, 
                        0.25413963198661804
                    ], 
                    "center": [
                        -11.365598678588867, 
                        164.34304809570312, 
                        -34.40003204345703
                    ]
                }, 
                {
                    "length": 26.4904842376709, 
                    "direction": [
                        -0.15679612755775452, 
                        0.45252227783203125, 
                        -0.8778602480888367
                    ], 
                    "center": [
                        -2.4103925228118896, 
                        138.86642456054688, 
                        -28.20169448852539
                    ]
                }, 
                {
                    "length": 17.86687469482422, 
                    "direction": [
                        0.026227407157421112, 
                        -0.06609398871660233, 
                        -0.9974687099456787
                    ], 
                    "center": [
                        -0.5678908824920654, 
                        133.46310424804688, 
                        -7.663400650024414
                    ]
                }
            ]
        }, 
        {
            "type": 4, 
            "bone": [
                {
                    "length": 55.449275970458984, 
                    "direction": [
                        0.1886708289384842, 
                        -0.12192991375923157, 
                        0.974441647529602
                    ], 
                    "center": [
                        -31.23379135131836, 
                        172.4584503173828, 
                        2.8897390365600586
                    ]
                }, 
                {
                    "length": 33.81279754638672, 
                    "direction": [
                        -0.407584547996521, 
                        0.8455684185028076, 
                        0.3448025584220886
                    ], 
                    "center": [
                        -29.573835372924805, 
                        161.54339599609375, 
                        -29.955673217773438
                    ]
                }, 
                {
                    "length": 18.703418731689453, 
                    "direction": [
                        -0.49775615334510803, 
                        0.36519354581832886, 
                        -0.786684513092041
                    ], 
                    "center": [
                        -18.02817726135254, 
                        143.83270263671875, 
                        -28.42819595336914
                    ]
                }, 
                {
                    "length": 16.482967376708984, 
                    "direction": [
                        -0.25638893246650696, 
                        -0.11811213195323944, 
                        -0.959330141544342
                    ], 
                    "center": [
                        -11.26028060913086, 
                        141.39093017578125, 
                        -13.165048599243164
                    ]
                }
            ]
        }
    ], 
    "hand": {
        "grab_strength": 1.0, 
        "wrist_position": [
            -11.582594871520996, 
            166.7886962890625, 
            38.914791107177734
        ], 
        "palm_width": 87.01065063476562, 
        "palm_velocity": [
            -3.8746912479400635, 
            3.580369710922241, 
            2.243410587310791
        ], 
        "palm_normal": [
            0.12641145288944244, 
            -0.9591407775878906, 
            -0.2531188130378723
        ], 
        "is_left": true, 
        "palm_position": [
            -0.8952264189720154, 
            177.12646484375, 
            -11.241290092468262
        ], 
        "pinch_strength": 0.2647218704223633, 
        "is_right": false
    }
}