{
    "timestamp": 33139796700, 
    "id": 507080, 
    "fingers": [
        {
            "type": 0, 
            "bone": [
                {
                    "length": 0.0, 
                    "direction": [
                        0.0, 
                        0.0, 
                        0.0
                    ], 
                    "center": [
                        17.227310180664062, 
                        158.7523193359375, 
                        41.563880920410156
                    ]
                }, 
                {
                    "length": 47.73451232910156, 
                    "direction": [
                        -0.577254593372345, 
                        -0.3425748944282532, 
                        0.7412284016609192
                    ], 
                    "center": [
                        31.004793167114258, 
                        166.92864990234375, 
                        23.872793197631836
                    ]
                }, 
                {
                    "length": 32.604461669921875, 
                    "direction": [
                        -0.15314990282058716, 
                        -0.09566185623407364, 
                        0.9835619330406189
                    ], 
                    "center": [
                        47.278961181640625, 
                        176.66445922851562, 
                        -9.852546691894531
                    ]
                }, 
                {
                    "length": 22.380067825317383, 
                    "direction": [
                        0.4581727385520935, 
                        0.2631840109825134, 
                        0.8490064740180969
                    ], 
                    "center": [
                        44.648677825927734, 
                        175.2789306640625, 
                        -35.387210845947266
                    ]
                }
            ]
        }, 
        {
            "type": 1, 
            "bone": [
                {
                    "length": 70.35211181640625, 
                    "direction": [
                        -0.23365169763565063, 
                        -0.1307728886604309, 
                        0.9634860157966614
                    ], 
                    "center": [
                        15.900103569030762, 
                        183.08157348632812, 
                        1.8893623352050781
                    ]
                }, 
                {
                    "length": 41.08348846435547, 
                    "direction": [
                        -0.12422321736812592, 
                        0.9717262387275696, 
                        0.20079025626182556
                    ], 
                    "center": [
                        26.67081069946289, 
                        167.720703125, 
                        -36.126861572265625
                    ]
                }, 
                {
                    "length": 23.113332748413086, 
                    "direction": [
                        0.24546825885772705, 
                        0.4549427628517151, 
                        -0.8560212254524231
                    ], 
                    "center": [
                        26.38577651977539, 
                        142.50213623046875, 
                        -30.35869026184082
                    ]
                }, 
                {
                    "length": 16.338380813598633, 
                    "direction": [
                        0.3079344928264618, 
                        -0.07997743040323257, 
                        -0.9480400681495667
                    ], 
                    "center": [
                        21.03340721130371, 
                        137.89785766601562, 
                        -12.721219062805176
                    ]
                }
            ]
        }, 
        {
            "type": 2, 
            "bone": [
                {
                    "length": 66.7167739868164, 
                    "direction": [
                        -0.09916651993989944, 
                        -0.11895798146724701, 
                        0.9879347681999207
                    ], 
                    "center": [
                        -0.30608296394348145, 
                        183.35165405273438, 
                        -0.3763294219970703
                    ]
                }, 
                {
                    "length": 46.092411041259766, 
                    "direction": [
                        -0.27440327405929565, 
                        0.945215106010437, 
                        0.17683643102645874
                    ], 
                    "center": [
                        9.325906753540039, 
                        165.53628540039062, 
                        -37.40764617919922
                    ]
                }, 
                {
                    "length": 27.192758560180664, 
                    "direction": [
                        0.03680792078375816, 
                        0.43297627568244934, 
                        -0.900653600692749
                    ], 
                    "center": [
                        15.149406433105469, 
                        137.86575317382812, 
                        -29.2374267578125
                    ]
                }, 
                {
                    "length": 17.97015380859375, 
                    "direction": [
                        0.18415214121341705, 
                        -0.08503411710262299, 
                        -0.9792125225067139
                    ], 
                    "center": [
                        12.994330406188965, 
                        132.7428741455078, 
                        -8.193500518798828
                    ]
                }
            ]
        }, 
        {
            "type": 3, 
            "bone": [
                {
                    "length": 59.900508880615234, 
                    "direction": [
                        0.050549689680337906, 
                        -0.10015131533145905, 
                        0.9936872124671936
                    ], 
                    "center": [
                        -16.49364471435547, 
                        180.35948181152344, 
                        0.6397991180419922
                    ]
                }, 
                {
                    "length": 42.725582122802734, 
                    "direction": [
                        -0.32780396938323975, 
                        0.916309118270874, 
                        0.23004788160324097
                    ], 
                    "center": [
                        -11.004814147949219, 
                        163.78411865234375, 
                        -34.035850524902344
                    ]
                }, 
                {
                    "length": 26.490482330322266, 
                    "direction": [
                        -0.1541844755411148, 
                        0.4311217665672302, 
                        -0.8890225291252136
                    ], 
                    "center": [
                        -1.959795594215393, 
                        138.49888610839844, 
                        -27.174999237060547
                    ]
                }, 
                {
                    "length": 17.86687660217285, 
                    "direction": [
                        0.028901075944304466, 
                        -0.0806594043970108, 
                        -0.9963226914405823
                    ], 
                    "center": [
                        -0.17577099800109863, 
                        133.50914001464844, 
                        -6.499093532562256
                    ]
                }
            ]
        }, 
        {
            "type": 4, 
            "bone": [
                {
                    "length": 55.44927978515625, 
                    "direction": [
                        0.19383488595485687, 
                        -0.11975236237049103, 
                        0.9736977815628052
                    ], 
                    "center": [
                        -30.790281295776367, 
                        171.96484375, 
                        2.8133811950683594
                    ]
                }, 
                {
                    "length": 33.81280517578125, 
                    "direction": [
                        -0.4166068136692047, 
                        0.8462780714035034, 
                        0.33204251527786255
                    ], 
                    "center": [
                        -29.120960235595703, 
                        160.9774169921875, 
                        -29.795684814453125
                    ]
                }, 
                {
                    "length": 18.70341682434082, 
                    "direction": [
                        -0.49884912371635437, 
                        0.35049644112586975, 
                        -0.7926549315452576
                    ], 
                    "center": [
                        -17.412548065185547, 
                        143.3921661376953, 
                        -27.99665069580078
                    ]
                }, 
                {
                    "length": 16.482969284057617, 
                    "direction": [
                        -0.25555673241615295, 
                        -0.12797114253044128, 
                        -0.9582870602607727
                    ], 
                    "center": [
                        -10.641288757324219, 
                        141.16909790039062, 
                        -12.686264991760254
                    ]
                }
            ]
        }
    ], 
    "hand": {
        "grab_strength": 1.0, 
        "wrist_position": [
            -10.94251823425293, 
            166.44049072265625, 
            38.7531623840332
        ], 
        "palm_width": 87.01065063476562, 
        "palm_velocity": [
            -14.177239418029785, 
            7.104002952575684, 
            10.400857925415039
        ], 
        "palm_normal": [
            0.13014307618141174, 
            -0.9587947726249695, 
            -0.2525378465652466
        ], 
        "is_left": true, 
        "palm_position": [
            -0.5422583818435669, 
            176.77053833007812, 
            -11.464829444885254
        ], 
        "pinch_strength": 0.23749954998493195, 
        "is_right": false
    }
}