{
    "timestamp": 33139841572, 
    "id": 507084, 
    "fingers": [
        {
            "type": 0, 
            "bone": [
                {
                    "length": 0.0, 
                    "direction": [
                        0.0, 
                        0.0, 
                        0.0
                    ], 
                    "center": [
                        16.696659088134766, 
                        158.96231079101562, 
                        41.82135772705078
                    ]
                }, 
                {
                    "length": 47.73451614379883, 
                    "direction": [
                        -0.5818153619766235, 
                        -0.36182478070259094, 
                        0.7284048795700073
                    ], 
                    "center": [
                        30.582996368408203, 
                        167.59808349609375, 
                        24.436330795288086
                    ]
                }, 
                {
                    "length": 32.604461669921875, 
                    "direction": [
                        -0.14975868165493011, 
                        -0.11011827737092972, 
                        0.9825713038444519
                    ], 
                    "center": [
                        46.910736083984375, 
                        178.02902221679688, 
                        -8.96679973602295
                    ]
                }, 
                {
                    "length": 22.380067825317383, 
                    "direction": [
                        0.5360182523727417, 
                        0.30216744542121887, 
                        0.788276195526123
                    ], 
                    "center": [
                        43.35407257080078, 
                        176.44293212890625, 
                        -33.80574035644531
                    ]
                }
            ]
        }, 
        {
            "type": 1, 
            "bone": [
                {
                    "length": 70.35211181640625, 
                    "direction": [
                        -0.23784933984279633, 
                        -0.12988819181919098, 
                        0.9625781178474426
                    ], 
                    "center": [
                        15.603687286376953, 
                        183.29042053222656, 
                        2.1389942169189453
                    ]
                }, 
                {
                    "length": 41.083473205566406, 
                    "direction": [
                        -0.1218431293964386, 
                        0.9721912741661072, 
                        0.1999959796667099
                    ], 
                    "center": [
                        26.473159790039062, 
                        167.88888549804688, 
                        -35.828975677490234
                    ]
                }, 
                {
                    "length": 23.11333656311035, 
                    "direction": [
                        0.2507175803184509, 
                        0.453469842672348, 
                        -0.8552811145782471
                    ], 
                    "center": [
                        26.078567504882812, 
                        142.6777801513672, 
                        -30.05303955078125
                    ]
                }, 
                {
                    "length": 16.338380813598633, 
                    "direction": [
                        0.311724454164505, 
                        -0.08185555040836334, 
                        -0.9466400742530823
                    ], 
                    "center": [
                        20.634571075439453, 
                        138.10586547851562, 
                        -12.43555736541748
                    ]
                }
            ]
        }, 
        {
            "type": 2, 
            "bone": [
                {
                    "length": 66.7167739868164, 
                    "direction": [
                        -0.10342355817556381, 
                        -0.11850468069314957, 
                        0.9875525832176208
                    ], 
                    "center": [
                        -0.5925333499908447, 
                        183.61257934570312, 
                        -0.19026756286621094
                    ]
                }, 
                {
                    "length": 46.0924072265625, 
                    "direction": [
                        -0.2734714150428772, 
                        0.9433785676956177, 
                        0.18775026500225067
                    ], 
                    "center": [
                        9.159988403320312, 
                        165.82440185546875, 
                        -37.46036148071289
                    ]
                }, 
                {
                    "length": 27.192764282226562, 
                    "direction": [
                        0.0390329509973526, 
                        0.44311419129371643, 
                        -0.8956149816513062
                    ], 
                    "center": [
                        14.931758880615234, 
                        138.05836486816406, 
                        -29.61016845703125
                    ]
                }, 
                {
                    "length": 17.97015380859375, 
                    "direction": [
                        0.1868407130241394, 
                        -0.07864280790090561, 
                        -0.9792373776435852
                    ], 
                    "center": [
                        12.722274780273438, 
                        132.740234375, 
                        -8.634523391723633
                    ]
                }
            ]
        }, 
        {
            "type": 3, 
            "bone": [
                {
                    "length": 59.900508880615234, 
                    "direction": [
                        0.04632895812392235, 
                        -0.10018137097358704, 
                        0.9938899278640747
                    ], 
                    "center": [
                        -16.79354476928711, 
                        180.67288208007812, 
                        0.7627372741699219
                    ]
                }, 
                {
                    "length": 42.7255859375, 
                    "direction": [
                        -0.32459521293640137, 
                        0.91447514295578, 
                        0.24160537123680115
                    ], 
                    "center": [
                        -11.246848106384277, 
                        164.13760375976562, 
                        -34.16588592529297
                    ]
                }, 
                {
                    "length": 26.49048614501953, 
                    "direction": [
                        -0.15405188500881195, 
                        0.4416719377040863, 
                        -0.8838517665863037
                    ], 
                    "center": [
                        -2.2721335887908936, 
                        138.75180053710938, 
                        -27.620420455932617
                    ]
                }, 
                {
                    "length": 17.86687660217285, 
                    "direction": [
                        0.028937852010130882, 
                        -0.07403983920812607, 
                        -0.9968352913856506
                    ], 
                    "center": [
                        -0.4901936650276184, 
                        133.56317138671875, 
                        -7.008423805236816
                    ]
                }
            ]
        }, 
        {
            "type": 4, 
            "bone": [
                {
                    "length": 55.44927978515625, 
                    "direction": [
                        0.18962737917900085, 
                        -0.12024825066328049, 
                        0.9744648933410645
                    ], 
                    "center": [
                        -31.125656127929688, 
                        172.32479858398438, 
                        2.881254196166992
                    ]
                }, 
                {
                    "length": 33.81280517578125, 
                    "direction": [
                        -0.4125698208808899, 
                        0.8466296195983887, 
                        0.3361612856388092
                    ], 
                    "center": [
                        -29.407936096191406, 
                        161.3451690673828, 
                        -29.818714141845703
                    ]
                }, 
                {
                    "length": 18.703413009643555, 
                    "direction": [
                        -0.4961267113685608, 
                        0.3569154441356659, 
                        -0.7914984822273254
                    ], 
                    "center": [
                        -17.793231964111328, 
                        143.69393920898438, 
                        -28.100130081176758
                    ]
                }, 
                {
                    "length": 16.482967376708984, 
                    "direction": [
                        -0.2537572681903839, 
                        -0.12402662634849548, 
                        -0.9592834115028381
                    ], 
                    "center": [
                        -11.062264442443848, 
                        141.37832641601562, 
                        -12.792350769042969
                    ]
                }
            ]
        }
    ], 
    "hand": {
        "grab_strength": 1.0, 
        "wrist_position": [
            -11.436929702758789, 
            166.74111938476562, 
            38.89925765991211
        ], 
        "palm_width": 87.01065063476562, 
        "palm_velocity": [
            -7.049732685089111, 
            5.558916091918945, 
            5.047641277313232
        ], 
        "palm_normal": [
            0.12803208827972412, 
            -0.9592441916465759, 
            -0.2519094944000244
        ], 
        "is_left": true, 
        "palm_position": [
            -0.8065018653869629, 
            177.03079223632812, 
            -11.27881145477295
        ], 
        "pinch_strength": 0.26465728878974915, 
        "is_right": false
    }
}