{
    "timestamp": 33129422858, 
    "id": 506208, 
    "fingers": [
        {
            "type": 0, 
            "bone": [
                {
                    "length": 0.0, 
                    "direction": [
                        0.0, 
                        0.0, 
                        0.0
                    ], 
                    "center": [
                        5.158928871154785, 
                        209.30776977539062, 
                        55.22993087768555
                    ]
                }, 
                {
                    "length": 47.7345085144043, 
                    "direction": [
                        -0.5566592812538147, 
                        -0.03857683017849922, 
                        0.8298447132110596
                    ], 
                    "center": [
                        18.44485855102539, 
                        210.22848510742188, 
                        35.4238166809082
                    ]
                }, 
                {
                    "length": 32.60446548461914, 
                    "direction": [
                        -0.2531236708164215, 
                        0.07149963080883026, 
                        0.9647881984710693
                    ], 
                    "center": [
                        35.857269287109375, 
                        209.98361206054688, 
                        -0.11050033569335938
                    ]
                }, 
                {
                    "length": 22.380067825317383, 
                    "direction": [
                        0.4191356301307678, 
                        0.2557973563671112, 
                        0.871144711971283
                    ], 
                    "center": [
                        35.293609619140625, 
                        205.95562744140625, 
                        -25.586841583251953
                    ]
                }
            ]
        }, 
        {
            "type": 1, 
            "bone": [
                {
                    "length": 70.35211181640625, 
                    "direction": [
                        -0.19825248420238495, 
                        -0.07825256884098053, 
                        0.9770222306251526
                    ], 
                    "center": [
                        5.341094970703125, 
                        232.90264892578125, 
                        15.092799186706543
                    ]
                }, 
                {
                    "length": 41.0834846496582, 
                    "direction": [
                        0.024180974811315536, 
                        0.9767593741416931, 
                        0.2129705250263214
                    ], 
                    "center": [
                        11.818116188049316, 
                        215.5909423828125, 
                        -23.649776458740234
                    ]
                }, 
                {
                    "length": 23.11333465576172, 
                    "direction": [
                        0.2674635648727417, 
                        0.43773797154426575, 
                        -0.8583989143371582
                    ], 
                    "center": [
                        8.230409622192383, 
                        190.46780395507812, 
                        -18.104331970214844
                    ]
                }, 
                {
                    "length": 16.338380813598633, 
                    "direction": [
                        0.25028401613235474, 
                        -0.10413801670074463, 
                        -0.9625555276870728
                    ], 
                    "center": [
                        3.094804286956787, 
                        186.25973510742188, 
                        -0.3208010196685791
                    ]
                }
            ]
        }, 
        {
            "type": 2, 
            "bone": [
                {
                    "length": 66.7167739868164, 
                    "direction": [
                        -0.06239001080393791, 
                        -0.08639311790466309, 
                        0.9943056702613831
                    ], 
                    "center": [
                        -10.741486549377441, 
                        235.5692138671875, 
                        13.648176193237305
                    ]
                }, 
                {
                    "length": 46.09241485595703, 
                    "direction": [
                        -0.12793593108654022, 
                        0.96275794506073, 
                        0.23817963898181915
                    ], 
                    "center": [
                        -5.711818218231201, 
                        216.26321411132812, 
                        -25.0093936920166
                    ]
                }, 
                {
                    "length": 27.192760467529297, 
                    "direction": [
                        0.05107022076845169, 
                        0.4854641556739807, 
                        -0.8727636337280273
                    ], 
                    "center": [
                        -3.457749843597412, 
                        187.47474670410156, 
                        -18.632104873657227
                    ]
                }, 
                {
                    "length": 17.970151901245117, 
                    "direction": [
                        0.1216108575463295, 
                        -0.060301002115011215, 
                        -0.9907444715499878
                    ], 
                    "center": [
                        -5.244802951812744, 
                        181.41600036621094, 
                        2.1362366676330566
                    ]
                }
            ]
        }, 
        {
            "type": 3, 
            "bone": [
                {
                    "length": 59.90050506591797, 
                    "direction": [
                        0.08854592591524124, 
                        -0.09022071212530136, 
                        0.9919777512550354
                    ], 
                    "center": [
                        -27.11572265625, 
                        235.0623321533203, 
                        15.55875301361084
                    ]
                }, 
                {
                    "length": 42.72559356689453, 
                    "direction": [
                        -0.1716022938489914, 
                        0.9409769177436829, 
                        0.29174479842185974
                    ], 
                    "center": [
                        -26.101789474487305, 
                        217.66256713867188, 
                        -20.383716583251953
                    ]
                }, 
                {
                    "length": 26.490476608276367, 
                    "direction": [
                        -0.12680579721927643, 
                        0.5104482769966125, 
                        -0.8505073189735413
                    ], 
                    "center": [
                        -20.756311416625977, 
                        190.79965209960938, 
                        -15.351028442382812
                    ]
                }, 
                {
                    "length": 17.86687469482422, 
                    "direction": [
                        -0.027144387364387512, 
                        -0.03242739662528038, 
                        -0.9991054534912109
                    ], 
                    "center": [
                        -18.834245681762695, 
                        184.32833862304688, 
                        4.8395915031433105
                    ]
                }
            ]
        }, 
        {
            "type": 4, 
            "bone": [
                {
                    "length": 55.44927978515625, 
                    "direction": [
                        0.22601015865802765, 
                        -0.131471648812294, 
                        0.9652122259140015
                    ], 
                    "center": [
                        -42.36712646484375, 
                        228.9499053955078, 
                        18.6605224609375
                    ]
                }, 
                {
                    "length": 33.812808990478516, 
                    "direction": [
                        -0.24862134456634521, 
                        0.8961986899375916, 
                        0.36744439601898193
                    ], 
                    "center": [
                        -44.42988586425781, 
                        217.44342041015625, 
                        -14.31180191040039
                    ]
                }, 
                {
                    "length": 18.70341682434082, 
                    "direction": [
                        -0.49381229281425476, 
                        0.451372891664505, 
                        -0.7432441711425781
                    ], 
                    "center": [
                        -35.608604431152344, 
                        198.07080078125, 
                        -13.573363304138184
                    ]
                }, 
                {
                    "length": 16.482967376708984, 
                    "direction": [
                        -0.34420114755630493, 
                        -0.06304781883955002, 
                        -0.9367766380310059
                    ], 
                    "center": [
                        -28.153888702392578, 
                        194.3693084716797, 
                        1.0976686477661133
                    ]
                }
            ]
        }
    ], 
    "hand": {
        "grab_strength": 1.0, 
        "wrist_position": [
            -21.65753936767578, 
            221.09703063964844, 
            53.66859436035156
        ], 
        "palm_width": 87.01065063476562, 
        "palm_velocity": [
            16.900131225585938, 
            -9.44433879852295, 
            4.371889591217041
        ], 
        "palm_normal": [
            -0.028266696259379387, 
            -0.9714936017990112, 
            -0.23537462949752808
        ], 
        "is_left": true, 
        "palm_position": [
            -12.555171966552734, 
            228.91656494140625, 
            2.7498018741607666
        ], 
        "pinch_strength": 0.3127884864807129, 
        "is_right": false
    }
}