{
    "timestamp": 33139980992, 
    "id": 507095, 
    "fingers": [
        {
            "type": 0, 
            "bone": [
                {
                    "length": 0.0, 
                    "direction": [
                        0.0, 
                        0.0, 
                        0.0
                    ], 
                    "center": [
                        14.734893798828125, 
                        157.27386474609375, 
                        40.267974853515625
                    ]
                }, 
                {
                    "length": 47.73451232910156, 
                    "direction": [
                        -0.6030110120773315, 
                        -0.40193599462509155, 
                        0.6890755295753479
                    ], 
                    "center": [
                        29.127111434936523, 
                        166.86697387695312, 
                        23.821632385253906
                    ]
                }, 
                {
                    "length": 32.60446548461914, 
                    "direction": [
                        -0.17780044674873352, 
                        -0.19912518560886383, 
                        0.9637096524238586
                    ], 
                    "center": [
                        46.41787338256836, 
                        179.70626831054688, 
                        -8.3353271484375
                    ]
                }, 
                {
                    "length": 22.38007164001465, 
                    "direction": [
                        0.5429208874702454, 
                        0.20993654429912567, 
                        0.813119649887085
                    ], 
                    "center": [
                        43.241111755371094, 
                        180.60325622558594, 
                        -33.14478302001953
                    ]
                }
            ]
        }, 
        {
            "type": 1, 
            "bone": [
                {
                    "length": 70.35211944580078, 
                    "direction": [
                        -0.24366392195224762, 
                        -0.17884302139282227, 
                        0.9532276391983032
                    ], 
                    "center": [
                        14.873615264892578, 
                        184.11605834960938, 
                        2.2256364822387695
                    ]
                }, 
                {
                    "length": 41.08348083496094, 
                    "direction": [
                        -0.07189714163541794, 
                        0.9621853232383728, 
                        0.26273587346076965
                    ], 
                    "center": [
                        24.92164421081543, 
                        170.64208984375, 
                        -36.702205657958984
                    ]
                }, 
                {
                    "length": 23.113340377807617, 
                    "direction": [
                        0.2753571569919586, 
                        0.49371451139450073, 
                        -0.8248783349990845
                    ], 
                    "center": [
                        23.216323852539062, 
                        145.17141723632812, 
                        -32.566410064697266
                    ]
                }, 
                {
                    "length": 16.338380813598633, 
                    "direction": [
                        0.30869820713996887, 
                        -0.03765670955181122, 
                        -0.9504142999649048
                    ], 
                    "center": [
                        17.512298583984375, 
                        139.77334594726562, 
                        -15.269448280334473
                    ]
                }
            ]
        }, 
        {
            "type": 2, 
            "bone": [
                {
                    "length": 66.7167739868164, 
                    "direction": [
                        -0.10881567001342773, 
                        -0.17600303888320923, 
                        0.9783568382263184
                    ], 
                    "center": [
                        -1.2858537435531616, 
                        185.4183349609375, 
                        -0.01544189453125
                    ]
                }, 
                {
                    "length": 46.0924072265625, 
                    "direction": [
                        -0.22603093087673187, 
                        0.9379377961158752, 
                        0.2630261480808258
                    ], 
                    "center": [
                        7.553216934204102, 
                        169.67359924316406, 
                        -38.713600158691406
                    ]
                }, 
                {
                    "length": 27.192764282226562, 
                    "direction": [
                        0.0567762590944767, 
                        0.508897066116333, 
                        -0.858953058719635
                    ], 
                    "center": [
                        11.9904203414917, 
                        141.13853454589844, 
                        -33.096702575683594
                    ]
                }, 
                {
                    "length": 17.970151901245117, 
                    "direction": [
                        0.17937955260276794, 
                        -0.016745466738939285, 
                        -0.9836373925209045
                    ], 
                    "center": [
                        9.606729507446289, 
                        134.36984252929688, 
                        -12.579992294311523
                    ]
                }
            ]
        }, 
        {
            "type": 3, 
            "bone": [
                {
                    "length": 59.900508880615234, 
                    "direction": [
                        0.04168565571308136, 
                        -0.1658407300710678, 
                        0.9852710962295532
                    ], 
                    "center": [
                        -17.61624526977539, 
                        183.25991821289062, 
                        0.8106241226196289
                    ]
                }, 
                {
                    "length": 42.7255859375, 
                    "direction": [
                        -0.2754000425338745, 
                        0.9071571230888367, 
                        0.3181520700454712
                    ], 
                    "center": [
                        -12.981426239013672, 
                        168.84747314453125, 
                        -35.495113372802734
                    ]
                }, 
                {
                    "length": 26.4904842376709, 
                    "direction": [
                        -0.13746456801891327, 
                        0.5183919072151184, 
                        -0.8440221548080444
                    ], 
                    "center": [
                        -5.277360916137695, 
                        142.60183715820312, 
                        -31.112451553344727
                    ]
                }, 
                {
                    "length": 17.86687660217285, 
                    "direction": [
                        0.019870584830641747, 
                        -0.0015637228498235345, 
                        -0.9998013377189636
                    ], 
                    "center": [
                        -3.634121894836426, 
                        135.74957275390625, 
                        -11.001510620117188
                    ]
                }
            ]
        }, 
        {
            "type": 4, 
            "bone": [
                {
                    "length": 55.44927978515625, 
                    "direction": [
                        0.1837485134601593, 
                        -0.19195888936519623, 
                        0.9640478491783142
                    ], 
                    "center": [
                        -32.358177185058594, 
                        175.5407257080078, 
                        2.447000503540039
                    ]
                }, 
                {
                    "length": 33.812801361083984, 
                    "direction": [
                        -0.36179059743881226, 
                        0.8396322727203369, 
                        0.4051237106323242
                    ], 
                    "center": [
                        -31.335960388183594, 
                        166.6675567626953, 
                        -31.130064010620117
                    ]
                }, 
                {
                    "length": 18.70341682434082, 
                    "direction": [
                        -0.4815438687801361, 
                        0.44310933351516724, 
                        -0.7561545372009277
                    ], 
                    "center": [
                        -20.71612548828125, 
                        148.3285675048828, 
                        -30.90791130065918
                    ]
                }, 
                {
                    "length": 16.482967376708984, 
                    "direction": [
                        -0.2648695409297943, 
                        -0.04131906479597092, 
                        -0.9633985757827759
                    ], 
                    "center": [
                        -14.029949188232422, 
                        144.5252685546875, 
                        -15.896740913391113
                    ]
                }
            ]
        }
    ], 
    "hand": {
        "grab_strength": 1.0, 
        "wrist_position": [
            -12.962267875671387, 
            166.6588897705078, 
            37.958011627197266
        ], 
        "palm_width": 87.01065063476562, 
        "palm_velocity": [
            -9.659003257751465, 
            28.70812225341797, 
            -4.8199462890625
        ], 
        "palm_normal": [
            0.07829497754573822, 
            -0.9464612603187561, 
            -0.3131788372993469
        ], 
        "is_left": true, 
        "palm_position": [
            -1.8450977802276611, 
            179.57948303222656, 
            -11.500947952270508
        ], 
        "pinch_strength": 0.219385027885437, 
        "is_right": false
    }
}