{
    "timestamp": 33139956359, 
    "id": 507093, 
    "fingers": [
        {
            "type": 0, 
            "bone": [
                {
                    "length": 0.0, 
                    "direction": [
                        0.0, 
                        0.0, 
                        0.0
                    ], 
                    "center": [
                        15.211752891540527, 
                        157.5950469970703, 
                        40.810325622558594
                    ]
                }, 
                {
                    "length": 47.73450469970703, 
                    "direction": [
                        -0.598475992679596, 
                        -0.3968445360660553, 
                        0.6959460973739624
                    ], 
                    "center": [
                        29.495731353759766, 
                        167.06663513183594, 
                        24.20000457763672
                    ]
                }, 
                {
                    "length": 32.60446548461914, 
                    "direction": [
                        -0.16740131378173828, 
                        -0.179104283452034, 
                        0.9694836139678955
                    ], 
                    "center": [
                        46.508724212646484, 
                        179.45802307128906, 
                        -8.215062141418457
                    ]
                }, 
                {
                    "length": 22.380067825317383, 
                    "direction": [
                        0.5516477227210999, 
                        0.23917841911315918, 
                        0.7990484833717346
                    ], 
                    "center": [
                        43.064781188964844, 
                        179.701416015625, 
                        -32.96118927001953
                    ]
                }
            ]
        }, 
        {
            "type": 1, 
            "bone": [
                {
                    "length": 70.35211944580078, 
                    "direction": [
                        -0.24228958785533905, 
                        -0.16571412980556488, 
                        0.9559469223022461
                    ], 
                    "center": [
                        15.038536071777344, 
                        183.7830810546875, 
                        2.314896583557129
                    ]
                }, 
                {
                    "length": 41.08348846435547, 
                    "direction": [
                        -0.0847356766462326, 
                        0.9654929041862488, 
                        0.24625840783119202
                    ], 
                    "center": [
                        25.30194854736328, 
                        169.77935791015625, 
                        -36.37012481689453
                    ]
                }, 
                {
                    "length": 23.113332748413086, 
                    "direction": [
                        0.26931673288345337, 
                        0.48329585790634155, 
                        -0.8330027461051941
                    ], 
                    "center": [
                        23.93016242980957, 
                        144.36114501953125, 
                        -31.80196762084961
                    ]
                }, 
                {
                    "length": 16.33837890625, 
                    "direction": [
                        0.3097607493400574, 
                        -0.04959224909543991, 
                        -0.9495203495025635
                    ], 
                    "center": [
                        18.287263870239258, 
                        139.18099975585938, 
                        -14.41842269897461
                    ]
                }
            ]
        }, 
        {
            "type": 2, 
            "bone": [
                {
                    "length": 66.7167739868164, 
                    "direction": [
                        -0.10751616209745407, 
                        -0.16067856550216675, 
                        0.9811334013938904
                    ], 
                    "center": [
                        -1.1342642307281494, 
                        184.83502197265625, 
                        0.038761138916015625
                    ]
                }, 
                {
                    "length": 46.09241485595703, 
                    "direction": [
                        -0.23863963782787323, 
                        0.9391379952430725, 
                        0.24712513387203217
                    ], 
                    "center": [
                        7.952040672302246, 
                        168.55142211914062, 
                        -38.385562896728516
                    ]
                }, 
                {
                    "length": 27.192766189575195, 
                    "direction": [
                        0.05117003247141838, 
                        0.4953327476978302, 
                        -0.8671950101852417
                    ], 
                    "center": [
                        12.756052017211914, 
                        140.17312622070312, 
                        -32.29014587402344
                    ]
                }, 
                {
                    "length": 17.970151901245117, 
                    "direction": [
                        0.18083417415618896, 
                        -0.030721107497811317, 
                        -0.9830337166786194
                    ], 
                    "center": [
                        10.435516357421875, 
                        133.71441650390625, 
                        -11.666796684265137
                    ]
                }
            ]
        }, 
        {
            "type": 3, 
            "bone": [
                {
                    "length": 59.900508880615234, 
                    "direction": [
                        0.04283202812075615, 
                        -0.1484285444021225, 
                        0.9879950881004333
                    ], 
                    "center": [
                        -17.43585205078125, 
                        182.47720336914062, 
                        0.8883342742919922
                    ]
                }, 
                {
                    "length": 42.7255973815918, 
                    "direction": [
                        -0.28753435611724854, 
                        0.90855473279953, 
                        0.30307161808013916
                    ], 
                    "center": [
                        -12.576143264770508, 
                        167.51339721679688, 
                        -35.17683029174805
                    ]
                }, 
                {
                    "length": 26.490478515625, 
                    "direction": [
                        -0.14351831376552582, 
                        0.5027573704719543, 
                        -0.8524303436279297
                    ], 
                    "center": [
                        -4.532670974731445, 
                        141.44497680664062, 
                        -30.36064338684082
                    ]
                }, 
                {
                    "length": 17.86687660217285, 
                    "direction": [
                        0.020805036649107933, 
                        -0.01775008998811245, 
                        -0.9996259212493896
                    ], 
                    "center": [
                        -2.817596912384033, 
                        134.9444122314453, 
                        -10.13990306854248
                    ]
                }
            ]
        }, 
        {
            "type": 4, 
            "bone": [
                {
                    "length": 55.44927978515625, 
                    "direction": [
                        0.18524648249149323, 
                        -0.17304104566574097, 
                        0.9673368334770203
                    ], 
                    "center": [
                        -32.077171325683594, 
                        174.5945587158203, 
                        2.644430160522461
                    ]
                }, 
                {
                    "length": 33.812801361083984, 
                    "direction": [
                        -0.3727770149707794, 
                        0.8414527177810669, 
                        0.391145259141922
                    ], 
                    "center": [
                        -30.910743713378906, 
                        165.16612243652344, 
                        -30.787494659423828
                    ]
                }, 
                {
                    "length": 18.703418731689453, 
                    "direction": [
                        -0.4870501458644867, 
                        0.4243737757205963, 
                        -0.7633406519889832
                    ], 
                    "center": [
                        -20.05367660522461, 
                        146.9715576171875, 
                        -30.261812210083008
                    ]
                }, 
                {
                    "length": 16.482967376708984, 
                    "direction": [
                        -0.26396963000297546, 
                        -0.060744598507881165, 
                        -0.9626162648200989
                    ], 
                    "center": [
                        -13.323423385620117, 
                        143.50357055664062, 
                        -15.189886093139648
                    ]
                }
            ]
        }
    ], 
    "hand": {
        "grab_strength": 1.0, 
        "wrist_position": [
            -12.603469848632812, 
            166.57546997070312, 
            38.31779861450195
        ], 
        "palm_width": 87.01065063476562, 
        "palm_velocity": [
            -10.0833740234375, 
            23.750741958618164, 
            -2.8278839588165283
        ], 
        "palm_normal": [
            0.09100097417831421, 
            -0.9505647420883179, 
            -0.2968929708003998
        ], 
        "is_left": true, 
        "palm_position": [
            -1.6051360368728638, 
            178.79403686523438, 
            -11.345722198486328
        ], 
        "pinch_strength": 0.23311364650726318, 
        "is_right": false
    }
}