{
    "timestamp": 33139898961, 
    "id": 507088, 
    "fingers": [
        {
            "type": 0, 
            "bone": [
                {
                    "length": 0.0, 
                    "direction": [
                        0.0, 
                        0.0, 
                        0.0
                    ], 
                    "center": [
                        16.30802345275879, 
                        158.69337463378906, 
                        41.736083984375
                    ]
                }, 
                {
                    "length": 47.73451614379883, 
                    "direction": [
                        -0.5862585306167603, 
                        -0.3747303783893585, 
                        0.7182465195655823
                    ], 
                    "center": [
                        30.30040740966797, 
                        167.6371612548828, 
                        24.593509674072266
                    ]
                }, 
                {
                    "length": 32.60446548461914, 
                    "direction": [
                        -0.14922724664211273, 
                        -0.126454159617424, 
                        0.9806836843490601
                    ], 
                    "center": [
                        46.72552490234375, 
                        178.64242553710938, 
                        -8.536396980285645
                    ]
                }, 
                {
                    "length": 22.380067825317383, 
                    "direction": [
                        0.5530350208282471, 
                        0.29679346084594727, 
                        0.778502345085144
                    ], 
                    "center": [
                        42.969783782958984, 
                        177.38278198242188, 
                        -33.235198974609375
                    ]
                }
            ]
        }, 
        {
            "type": 1, 
            "bone": [
                {
                    "length": 70.35211944580078, 
                    "direction": [
                        -0.23926204442977905, 
                        -0.13628171384334564, 
                        0.9613432884216309
                    ], 
                    "center": [
                        15.428478240966797, 
                        183.3726806640625, 
                        2.2658395767211914
                    ]
                }, 
                {
                    "length": 41.08349609375, 
                    "direction": [
                        -0.11429598927497864, 
                        0.971187174320221, 
                        0.2091219127178192
                    ], 
                    "center": [
                        26.19261360168457, 
                        168.21664428710938, 
                        -35.84615707397461
                    ]
                }, 
                {
                    "length": 23.11333465576172, 
                    "direction": [
                        0.25538700819015503, 
                        0.4592549502849579, 
                        -0.8508008718490601
                    ], 
                    "center": [
                        25.589031219482422, 
                        142.95932006835938, 
                        -30.309463500976562
                    ]
                }, 
                {
                    "length": 16.338380813598633, 
                    "direction": [
                        0.3121674954891205, 
                        -0.07612032443284988, 
                        -0.9469726085662842
                    ], 
                    "center": [
                        20.087451934814453, 
                        138.27369689941406, 
                        -12.74104118347168
                    ]
                }
            ]
        }, 
        {
            "type": 2, 
            "bone": [
                {
                    "length": 66.7167739868164, 
                    "direction": [
                        -0.10475725680589676, 
                        -0.12621265649795532, 
                        0.9864563941955566
                    ], 
                    "center": [
                        -0.7637008428573608, 
                        183.8472137451172, 
                        -0.06546592712402344
                    ]
                }, 
                {
                    "length": 46.092403411865234, 
                    "direction": [
                        -0.2674371004104614, 
                        0.9402469396591187, 
                        0.2107444554567337
                    ], 
                    "center": [
                        8.894241333007812, 
                        166.38833618164062, 
                        -37.82891845703125
                    ]
                }, 
                {
                    "length": 27.192764282226562, 
                    "direction": [
                        0.03824213519692421, 
                        0.46325498819351196, 
                        -0.885399580001831
                    ], 
                    "center": [
                        14.53769588470459, 
                        138.42062377929688, 
                        -30.64754867553711
                    ]
                }, 
                {
                    "length": 17.970151901245117, 
                    "direction": [
                        0.18398381769657135, 
                        -0.06263692677021027, 
                        -0.9809314608573914
                    ], 
                    "center": [
                        12.364632606506348, 
                        132.68484497070312, 
                        -9.795574188232422
                    ]
                }
            ]
        }, 
        {
            "type": 3, 
            "bone": [
                {
                    "length": 59.900508880615234, 
                    "direction": [
                        0.045137401670217514, 
                        -0.10916793346405029, 
                        0.992997944355011
                    ], 
                    "center": [
                        -16.988515853881836, 
                        181.03170776367188, 
                        0.857086181640625
                    ]
                }, 
                {
                    "length": 42.725582122802734, 
                    "direction": [
                        -0.31555289030075073, 
                        0.9105049967765808, 
                        0.2672209143638611
                    ], 
                    "center": [
                        -11.599302291870117, 
                        164.8503875732422, 
                        -34.592041015625
                    ]
                }, 
                {
                    "length": 26.490480422973633, 
                    "direction": [
                        -0.15650486946105957, 
                        0.46489617228507996, 
                        -0.8714228272438049
                    ], 
                    "center": [
                        -2.7852678298950195, 
                        139.24179077148438, 
                        -28.758419036865234
                    ]
                }, 
                {
                    "length": 17.86687660217285, 
                    "direction": [
                        0.02372053451836109, 
                        -0.05547330155968666, 
                        -0.9981783628463745
                    ], 
                    "center": [
                        -0.9242291450500488, 
                        133.5797119140625, 
                        -8.299050331115723
                    ]
                }
            ]
        }, 
        {
            "type": 4, 
            "bone": [
                {
                    "length": 55.44927978515625, 
                    "direction": [
                        0.18827450275421143, 
                        -0.1302347034215927, 
                        0.9734431505203247
                    ], 
                    "center": [
                        -31.389062881469727, 
                        172.7828369140625, 
                        2.8987770080566406
                    ]
                }, 
                {
                    "length": 33.81279373168945, 
                    "direction": [
                        -0.3990894556045532, 
                        0.844284176826477, 
                        0.35764768719673157
                    ], 
                    "center": [
                        -29.861740112304688, 
                        162.11973571777344, 
                        -30.136117935180664
                    ]
                }, 
                {
                    "length": 18.703418731689453, 
                    "direction": [
                        -0.49805596470832825, 
                        0.37944769859313965, 
                        -0.7797176241874695
                    ], 
                    "center": [
                        -18.45690155029297, 
                        144.29745483398438, 
                        -28.890958786010742
                    ]
                }, 
                {
                    "length": 16.482967376708984, 
                    "direction": [
                        -0.2600755989551544, 
                        -0.10574621707201004, 
                        -0.9597803950309753
                    ], 
                    "center": [
                        -11.655817985534668, 
                        141.62046813964844, 
                        -13.689251899719238
                    ]
                }
            ]
        }
    ], 
    "hand": {
        "grab_strength": 1.0, 
        "wrist_position": [
            -11.760056495666504, 
            166.72662353515625, 
            38.87299346923828
        ], 
        "palm_width": 87.01065063476562, 
        "palm_velocity": [
            -4.971878528594971, 
            7.857429504394531, 
            1.8304402828216553
        ], 
        "palm_normal": [
            0.12029492110013962, 
            -0.9580376148223877, 
            -0.26017898321151733
        ], 
        "is_left": true, 
        "palm_position": [
            -1.0272127389907837, 
            177.36375427246094, 
            -11.210729598999023
        ], 
        "pinch_strength": 0.2627938985824585, 
        "is_right": false
    }
}