{
    "timestamp": 33140002267, 
    "id": 507097, 
    "fingers": [
        {
            "type": 0, 
            "bone": [
                {
                    "length": 0.0, 
                    "direction": [
                        0.0, 
                        0.0, 
                        0.0
                    ], 
                    "center": [
                        14.29151439666748, 
                        157.28863525390625, 
                        39.83311462402344
                    ]
                }, 
                {
                    "length": 47.7345085144043, 
                    "direction": [
                        -0.607871949672699, 
                        -0.40393581986427307, 
                        0.6836135983467102
                    ], 
                    "center": [
                        28.79974937438965, 
                        166.92947387695312, 
                        23.517135620117188
                    ]
                }, 
                {
                    "length": 32.60446548461914, 
                    "direction": [
                        -0.18695317208766937, 
                        -0.212869331240654, 
                        0.9590281844139099
                    ], 
                    "center": [
                        46.355735778808594, 
                        180.04055786132812, 
                        -8.433144569396973
                    ]
                }, 
                {
                    "length": 22.380069732666016, 
                    "direction": [
                        0.536129355430603, 
                        0.1874595731496811, 
                        0.8230578303337097
                    ], 
                    "center": [
                        43.4041862487793, 
                        181.41311645507812, 
                        -33.27749252319336
                    ]
                }
            ]
        }, 
        {
            "type": 1, 
            "bone": [
                {
                    "length": 70.35211181640625, 
                    "direction": [
                        -0.2460373044013977, 
                        -0.1884719431400299, 
                        0.9507597088813782
                    ], 
                    "center": [
                        14.7523832321167, 
                        184.62246704101562, 
                        2.1450424194335938
                    ]
                }, 
                {
                    "length": 41.08349609375, 
                    "direction": [
                        -0.06089305132627487, 
                        0.9594811201095581, 
                        0.27511459589004517
                    ], 
                    "center": [
                        24.657855987548828, 
                        171.54275512695312, 
                        -36.95027160644531
                    ]
                }, 
                {
                    "length": 23.113330841064453, 
                    "direction": [
                        0.28170812129974365, 
                        0.5009027123451233, 
                        -0.8183745741844177
                    ], 
                    "center": [
                        22.653099060058594, 
                        146.0445556640625, 
                        -33.1439208984375
                    ]
                }, 
                {
                    "length": 16.338380813598633, 
                    "direction": [
                        0.3089197874069214, 
                        -0.029216846451163292, 
                        -0.9506392478942871
                    ], 
                    "center": [
                        16.87386703491211, 
                        140.49447631835938, 
                        -15.9202880859375
                    ]
                }
            ]
        }, 
        {
            "type": 2, 
            "bone": [
                {
                    "length": 66.7167739868164, 
                    "direction": [
                        -0.11117402464151382, 
                        -0.1875130981206894, 
                        0.9759503602981567
                    ], 
                    "center": [
                        -1.3902478218078613, 
                        186.139892578125, 
                        -0.08199691772460938
                    ]
                }, 
                {
                    "length": 46.0924072265625, 
                    "direction": [
                        -0.2151373326778412, 
                        0.9372661113739014, 
                        0.2743140459060669
                    ], 
                    "center": [
                        7.276437282562256, 
                        170.79458618164062, 
                        -38.96002197265625
                    ]
                }, 
                {
                    "length": 27.19276237487793, 
                    "direction": [
                        0.06274080276489258, 
                        0.5182556509971619, 
                        -0.8529212474822998
                    ], 
                    "center": [
                        11.381488800048828, 
                        142.14776611328125, 
                        -33.685279846191406
                    ]
                }, 
                {
                    "length": 17.970151901245117, 
                    "direction": [
                        0.17918308079242706, 
                        -0.0070638167671859264, 
                        -0.983790397644043
                    ], 
                    "center": [
                        8.918466567993164, 
                        135.16482543945312, 
                        -13.249204635620117
                    ]
                }
            ]
        }, 
        {
            "type": 3, 
            "bone": [
                {
                    "length": 59.900508880615234, 
                    "direction": [
                        0.03943188488483429, 
                        -0.17917588353157043, 
                        0.9830265045166016
                    ], 
                    "center": [
                        -17.744686126708984, 
                        184.1590118408203, 
                        0.7125587463378906
                    ]
                }, 
                {
                    "length": 42.72559356689453, 
                    "direction": [
                        -0.26506343483924866, 
                        0.9061995148658752, 
                        0.3294599950313568
                    ], 
                    "center": [
                        -13.26318359375, 
                        170.16641235351562, 
                        -35.76752471923828
                    ]
                }, 
                {
                    "length": 26.490478515625, 
                    "direction": [
                        -0.13118602335453033, 
                        0.5303926467895508, 
                        -0.8375403881072998
                    ], 
                    "center": [
                        -5.863097667694092, 
                        143.78228759765625, 
                        -31.71228790283203
                    ]
                }, 
                {
                    "length": 17.86687660217285, 
                    "direction": [
                        0.020185960456728935, 
                        0.010758173651993275, 
                        -0.999738335609436
                    ], 
                    "center": [
                        -4.305837631225586, 
                        136.6610107421875, 
                        -11.687763214111328
                    ]
                }
            ]
        }, 
        {
            "type": 4, 
            "bone": [
                {
                    "length": 55.449283599853516, 
                    "direction": [
                        0.1811920553445816, 
                        -0.20664794743061066, 
                        0.9614915251731873
                    ], 
                    "center": [
                        -32.575050354003906, 
                        176.58932495117188, 
                        2.24495792388916
                    ]
                }, 
                {
                    "length": 33.812801361083984, 
                    "direction": [
                        -0.35660260915756226, 
                        0.840861976146698, 
                        0.4071679413318634
                    ], 
                    "center": [
                        -31.569671630859375, 
                        168.10263061523438, 
                        -31.295795440673828
                    ]
                }, 
                {
                    "length": 18.703418731689453, 
                    "direction": [
                        -0.4719689190387726, 
                        0.45179295539855957, 
                        -0.757052481174469
                    ], 
                    "center": [
                        -21.127086639404297, 
                        149.66163635253906, 
                        -31.099803924560547
                    ]
                }, 
                {
                    "length": 16.482967376708984, 
                    "direction": [
                        -0.2601240873336792, 
                        -0.030468575656414032, 
                        -0.9650943279266357
                    ], 
                    "center": [
                        -14.569562911987305, 
                        145.68771362304688, 
                        -16.066259384155273
                    ]
                }
            ]
        }
    ], 
    "hand": {
        "grab_strength": 1.0, 
        "wrist_position": [
            -13.294992446899414, 
            167.02130126953125, 
            37.64060974121094
        ], 
        "palm_width": 87.01065063476562, 
        "palm_velocity": [
            -8.646248817443848, 
            35.91013717651367, 
            -5.807088375091553
        ], 
        "palm_normal": [
            0.06750524789094925, 
            -0.9431249499320984, 
            -0.32551246881484985
        ], 
        "is_left": true, 
        "palm_position": [
            -2.012667417526245, 
            180.45851135253906, 
            -11.642980575561523
        ], 
        "pinch_strength": 0.21055065095424652, 
        "is_right": false
    }
}