{
    "timestamp": 33129434216, 
    "id": 506209, 
    "fingers": [
        {
            "type": 0, 
            "bone": [
                {
                    "length": 0.0, 
                    "direction": [
                        0.0, 
                        0.0, 
                        0.0
                    ], 
                    "center": [
                        5.291428565979004, 
                        209.29783630371094, 
                        55.33830261230469
                    ]
                }, 
                {
                    "length": 47.7345085144043, 
                    "direction": [
                        -0.5567548871040344, 
                        -0.037307459861040115, 
                        0.8298386335372925
                    ], 
                    "center": [
                        18.579639434814453, 
                        210.18826293945312, 
                        35.53233337402344
                    ]
                }, 
                {
                    "length": 32.60446548461914, 
                    "direction": [
                        -0.25301146507263184, 
                        0.07286243885755539, 
                        0.9647156000137329
                    ], 
                    "center": [
                        35.99250030517578, 
                        209.890869140625, 
                        -0.0006566047668457031
                    ]
                }, 
                {
                    "length": 22.380067825317383, 
                    "direction": [
                        0.4201878011226654, 
                        0.2569134533405304, 
                        0.8703089952468872
                    ], 
                    "center": [
                        35.41523742675781, 
                        205.82818603515625, 
                        -25.466463088989258
                    ]
                }
            ]
        }, 
        {
            "type": 1, 
            "bone": [
                {
                    "length": 70.35211181640625, 
                    "direction": [
                        -0.19822756946086884, 
                        -0.0768241211771965, 
                        0.9771406650543213
                    ], 
                    "center": [
                        5.482782363891602, 
                        232.8380126953125, 
                        15.169095039367676
                    ]
                }, 
                {
                    "length": 41.08348846435547, 
                    "direction": [
                        0.02493962273001671, 
                        0.977224588394165, 
                        0.2107369303703308
                    ], 
                    "center": [
                        11.943343162536621, 
                        215.4664764404297, 
                        -23.53176498413086
                    ]
                }, 
                {
                    "length": 23.113330841064453, 
                    "direction": [
                        0.2676927149295807, 
                        0.43555748462677, 
                        -0.85943603515625
                    ], 
                    "center": [
                        8.337404251098633, 
                        190.35897827148438, 
                        -17.92845344543457
                    ]
                }, 
                {
                    "length": 16.338380813598633, 
                    "direction": [
                        0.2501244843006134, 
                        -0.10622626543045044, 
                        -0.9623687863349915
                    ], 
                    "center": [
                        3.2004551887512207, 
                        186.19317626953125, 
                        -0.13446521759033203
                    ]
                }
            ]
        }, 
        {
            "type": 2, 
            "bone": [
                {
                    "length": 66.7167739868164, 
                    "direction": [
                        -0.062368057668209076, 
                        -0.08500896394252777, 
                        0.9944263696670532
                    ], 
                    "center": [
                        -10.598555564880371, 
                        235.51065063476562, 
                        13.721890449523926
                    ]
                }, 
                {
                    "length": 46.092403411865234, 
                    "direction": [
                        -0.1273345649242401, 
                        0.9635152816772461, 
                        0.23542332649230957
                    ], 
                    "center": [
                        -5.583479881286621, 
                        216.1410369873047, 
                        -24.87618064880371
                    ]
                }, 
                {
                    "length": 27.192758560180664, 
                    "direction": [
                        0.05164357274770737, 
                        0.48285213112831116, 
                        -0.874177873134613
                    ], 
                    "center": [
                        -3.351067066192627, 
                        187.37063598632812, 
                        -18.416139602661133
                    ]
                }, 
                {
                    "length": 17.970151901245117, 
                    "direction": [
                        0.12178917229175568, 
                        -0.06285005807876587, 
                        -0.9905640482902527
                    ], 
                    "center": [
                        -5.147517681121826, 
                        181.37030029296875, 
                        2.369807004928589
                    ]
                }
            ]
        }, 
        {
            "type": 3, 
            "bone": [
                {
                    "length": 59.900508880615234, 
                    "direction": [
                        0.08856575191020966, 
                        -0.08891569823026657, 
                        0.9920937418937683
                    ], 
                    "center": [
                        -26.972917556762695, 
                        235.01458740234375, 
                        15.634218215942383
                    ]
                }, 
                {
                    "length": 42.7255973815918, 
                    "direction": [
                        -0.17129787802696228, 
                        0.9417386054992676, 
                        0.28945720195770264
                    ], 
                    "center": [
                        -25.966083526611328, 
                        217.5594482421875, 
                        -20.262859344482422
                    ]
                }, 
                {
                    "length": 26.490478515625, 
                    "direction": [
                        -0.12598389387130737, 
                        0.5084494948387146, 
                        -0.8518258333206177
                    ], 
                    "center": [
                        -20.63799285888672, 
                        190.70675659179688, 
                        -15.163837432861328
                    ]
                }, 
                {
                    "length": 17.86687469482422, 
                    "direction": [
                        -0.026565464213490486, 
                        -0.03452659398317337, 
                        -0.9990506768226624
                    ], 
                    "center": [
                        -18.73198699951172, 
                        184.28065490722656, 
                        5.043755531311035
                    ]
                }
            ]
        }, 
        {
            "type": 4, 
            "bone": [
                {
                    "length": 55.449283599853516, 
                    "direction": [
                        0.2260075956583023, 
                        -0.13027183711528778, 
                        0.9653754234313965
                    ], 
                    "center": [
                        -42.22718048095703, 
                        228.9140167236328, 
                        18.745290756225586
                    ]
                }, 
                {
                    "length": 33.812808990478516, 
                    "direction": [
                        -0.24817514419555664, 
                        0.8968507647514343, 
                        0.3661527931690216
                    ], 
                    "center": [
                        -44.29740905761719, 
                        217.3632354736328, 
                        -14.209726333618164
                    ]
                }, 
                {
                    "length": 18.70341682434082, 
                    "direction": [
                        -0.4936950206756592, 
                        0.45047709345817566, 
                        -0.7438653707504272
                    ], 
                    "center": [
                        -35.484771728515625, 
                        197.98797607421875, 
                        -13.443641662597656
                    ]
                }, 
                {
                    "length": 16.482967376708984, 
                    "direction": [
                        -0.34433895349502563, 
                        -0.06427903473377228, 
                        -0.9366422891616821
                    ], 
                    "center": [
                        -28.030014038085938, 
                        194.3050079345703, 
                        1.2320928573608398
                    ]
                }
            ]
        }
    ], 
    "hand": {
        "grab_strength": 1.0, 
        "wrist_position": [
            -21.51923370361328, 
            221.098388671875, 
            53.76266860961914
        ], 
        "palm_width": 87.01065063476562, 
        "palm_velocity": [
            15.343785285949707, 
            -8.423747062683105, 
            5.346622467041016
        ], 
        "palm_normal": [
            -0.028768816962838173, 
            -0.9717985987663269, 
            -0.23405098915100098
        ], 
        "is_left": true, 
        "palm_position": [
            -12.416288375854492, 
            228.84408569335938, 
            2.8326942920684814
        ], 
        "pinch_strength": 0.3122710883617401, 
        "is_right": false
    }
}