{
    "timestamp": 33140059591, 
    "id": 507102, 
    "fingers": [
        {
            "type": 0, 
            "bone": [
                {
                    "length": 0.0, 
                    "direction": [
                        0.0, 
                        0.0, 
                        0.0
                    ], 
                    "center": [
                        13.495111465454102, 
                        157.5213623046875, 
                        38.95561599731445
                    ]
                }, 
                {
                    "length": 47.73451232910156, 
                    "direction": [
                        -0.6211369037628174, 
                        -0.40814921259880066, 
                        0.6690315008163452
                    ], 
                    "center": [
                        28.3199462890625, 
                        167.26275634765625, 
                        22.9876708984375
                    ]
                }, 
                {
                    "length": 32.60446548461914, 
                    "direction": [
                        -0.20734860002994537, 
                        -0.24344590306282043, 
                        0.9474917650222778
                    ], 
                    "center": [
                        46.5250244140625, 
                        180.97286987304688, 
                        -8.426507949829102
                    ]
                }, 
                {
                    "length": 22.380067825317383, 
                    "direction": [
                        0.5293996334075928, 
                        0.13958477973937988, 
                        0.8368107080459595
                    ], 
                    "center": [
                        43.98126983642578, 
                        183.379638671875, 
                        -33.23667907714844
                    ]
                }
            ]
        }, 
        {
            "type": 1, 
            "bone": [
                {
                    "length": 70.35211944580078, 
                    "direction": [
                        -0.25478246808052063, 
                        -0.21262715756893158, 
                        0.9433321952819824
                    ], 
                    "center": [
                        14.872281074523926, 
                        186.0594482421875, 
                        2.193910598754883
                    ]
                }, 
                {
                    "length": 41.08348846435547, 
                    "direction": [
                        -0.03441636264324188, 
                        0.951397180557251, 
                        0.30603742599487305
                    ], 
                    "center": [
                        24.54149627685547, 
                        173.9954833984375, 
                        -37.27533721923828
                    ]
                }, 
                {
                    "length": 23.11333656311035, 
                    "direction": [
                        0.29942435026168823, 
                        0.5184255242347717, 
                        -0.8009868264198303
                    ], 
                    "center": [
                        21.78812026977539, 
                        148.46084594726562, 
                        -34.30514144897461
                    ]
                }, 
                {
                    "length": 16.338380813598633, 
                    "direction": [
                        0.3118344843387604, 
                        -0.007792653515934944, 
                        -0.9501044154167175
                    ], 
                    "center": [
                        15.780336380004883, 
                        142.53323364257812, 
                        -17.286819458007812
                    ]
                }
            ]
        }, 
        {
            "type": 2, 
            "bone": [
                {
                    "length": 66.7167739868164, 
                    "direction": [
                        -0.1200396716594696, 
                        -0.21635662019252777, 
                        0.9689067602157593
                    ], 
                    "center": [
                        -1.2123191356658936, 
                        188.11044311523438, 
                        -0.02552032470703125
                    ]
                }, 
                {
                    "length": 46.0924186706543, 
                    "direction": [
                        -0.1888374239206314, 
                        0.9343767762184143, 
                        0.3021264374256134
                    ], 
                    "center": [
                        7.143998146057129, 
                        173.7938995361328, 
                        -39.30955505371094
                    ]
                }, 
                {
                    "length": 27.19276237487793, 
                    "direction": [
                        0.07997211068868637, 
                        0.5408962965011597, 
                        -0.8372786045074463
                    ], 
                    "center": [
                        10.408653259277344, 
                        144.90582275390625, 
                        -34.888465881347656
                    ]
                }, 
                {
                    "length": 17.970151901245117, 
                    "direction": [
                        0.18147259950637817, 
                        0.016983220353722572, 
                        -0.983249306678772
                    ], 
                    "center": [
                        7.69077730178833, 
                        137.39898681640625, 
                        -14.669937133789062
                    ]
                }
            ]
        }, 
        {
            "type": 3, 
            "bone": [
                {
                    "length": 59.900508880615234, 
                    "direction": [
                        0.03071572445333004, 
                        -0.21256636083126068, 
                        0.9766637086868286
                    ], 
                    "center": [
                        -17.619342803955078, 
                        186.57281494140625, 
                        0.658665657043457
                    ]
                }, 
                {
                    "length": 42.725582122802734, 
                    "direction": [
                        -0.24056395888328552, 
                        0.9028283953666687, 
                        0.3564125597476959
                    ], 
                    "center": [
                        -13.400169372558594, 
                        173.65231323242188, 
                        -36.206626892089844
                    ]
                }, 
                {
                    "length": 26.490488052368164, 
                    "direction": [
                        -0.11180765181779861, 
                        0.5592620372772217, 
                        -0.8214163780212402
                    ], 
                    "center": [
                        -6.780132293701172, 
                        146.9578094482422, 
                        -32.94073486328125
                    ]
                }, 
                {
                    "length": 17.86687660217285, 
                    "direction": [
                        0.025251593440771103, 
                        0.04125375673174858, 
                        -0.9988295435905457
                    ], 
                    "center": [
                        -5.524796485900879, 
                        139.18170166015625, 
                        -13.137890815734863
                    ]
                }
            ]
        }, 
        {
            "type": 4, 
            "bone": [
                {
                    "length": 55.44927978515625, 
                    "direction": [
                        0.1717136949300766, 
                        -0.24335511028766632, 
                        0.9546165466308594
                    ], 
                    "center": [
                        -32.66482925415039, 
                        179.38381958007812, 
                        1.8995180130004883
                    ]
                }, 
                {
                    "length": 33.81280517578125, 
                    "direction": [
                        -0.3425554037094116, 
                        0.8421295285224915, 
                        0.41650161147117615
                    ], 
                    "center": [
                        -31.6341495513916, 
                        171.89337158203125, 
                        -31.608427047729492
                    ]
                }, 
                {
                    "length": 18.70341682434082, 
                    "direction": [
                        -0.44523805379867554, 
                        0.4778873324394226, 
                        -0.7572230696678162
                    ], 
                    "center": [
                        -21.679033279418945, 
                        153.18692016601562, 
                        -31.568641662597656
                    ]
                }, 
                {
                    "length": 16.482967376708984, 
                    "direction": [
                        -0.24486908316612244, 
                        0.0001638543326407671, 
                        -0.9695562124252319
                    ], 
                    "center": [
                        -15.497212409973145, 
                        148.71652221679688, 
                        -16.49673080444336
                    ]
                }
            ]
        }
    ], 
    "hand": {
        "grab_strength": 1.0, 
        "wrist_position": [
            -13.794751167297363, 
            168.1058349609375, 
            37.01144027709961
        ], 
        "palm_width": 87.01065063476562, 
        "palm_velocity": [
            0.7573527693748474, 
            36.69532775878906, 
            -1.6176239252090454
        ], 
        "palm_normal": [
            0.04180236533284187, 
            -0.9334157705307007, 
            -0.35635319352149963
        ], 
        "is_left": true, 
        "palm_position": [
            -1.9540307521820068, 
            182.83372497558594, 
            -11.769787788391113
        ], 
        "pinch_strength": 0.20010975003242493, 
        "is_right": false
    }
}