{
    "timestamp": 33140014316, 
    "id": 507098, 
    "fingers": [
        {
            "type": 0, 
            "bone": [
                {
                    "length": 0.0, 
                    "direction": [
                        0.0, 
                        0.0, 
                        0.0
                    ], 
                    "center": [
                        14.007866859436035, 
                        157.3184051513672, 
                        39.5639533996582
                    ]
                }, 
                {
                    "length": 47.73450469970703, 
                    "direction": [
                        -0.6112700700759888, 
                        -0.40526339411735535, 
                        0.6797870993614197
                    ], 
                    "center": [
                        28.59720230102539, 
                        166.99093627929688, 
                        23.339303970336914
                    ]
                }, 
                {
                    "length": 32.604469299316406, 
                    "direction": [
                        -0.19177503883838654, 
                        -0.22088748216629028, 
                        0.9562588334083557
                    ], 
                    "center": [
                        46.31290054321289, 
                        180.264404296875, 
                        -8.474503517150879
                    ]
                }, 
                {
                    "length": 22.380069732666016, 
                    "direction": [
                        0.5346116423606873, 
                        0.17511554062366486, 
                        0.826755702495575
                    ], 
                    "center": [
                        43.456939697265625, 
                        181.90582275390625, 
                        -33.315086364746094
                    ]
                }
            ]
        }, 
        {
            "type": 1, 
            "bone": [
                {
                    "length": 70.35211181640625, 
                    "direction": [
                        -0.24802380800247192, 
                        -0.1948828250169754, 
                        0.9489492774009705
                    ], 
                    "center": [
                        14.690936088562012, 
                        184.97216796875, 
                        2.1133956909179688
                    ]
                }, 
                {
                    "length": 41.08348083496094, 
                    "direction": [
                        -0.05415194854140282, 
                        0.9575148820877075, 
                        0.2832539677619934
                    ], 
                    "center": [
                        24.52781105041504, 
                        172.15835571289062, 
                        -37.085426330566406
                    ]
                }, 
                {
                    "length": 23.11333465576172, 
                    "direction": [
                        0.28611820936203003, 
                        0.505681574344635, 
                        -0.8138933181762695
                    ], 
                    "center": [
                        22.333614349365234, 
                        146.6453399658203, 
                        -33.49806213378906
                    ]
                }, 
                {
                    "length": 16.33837890625, 
                    "direction": [
                        0.30956169962882996, 
                        -0.023520851507782936, 
                        -0.9505884051322937
                    ], 
                    "center": [
                        16.498172760009766, 
                        140.99349975585938, 
                        -16.326631546020508
                    ]
                }
            ]
        }, 
        {
            "type": 2, 
            "bone": [
                {
                    "length": 66.7167739868164, 
                    "direction": [
                        -0.1131739392876625, 
                        -0.19511495530605316, 
                        0.9742288589477539
                    ], 
                    "center": [
                        -1.4388455152511597, 
                        186.62518310546875, 
                        -0.1102294921875
                    ]
                }, 
                {
                    "length": 46.0924186706543, 
                    "direction": [
                        -0.20848315954208374, 
                        0.9365077614784241, 
                        0.28193601965904236
                    ], 
                    "center": [
                        7.141201019287109, 
                        171.55093383789062, 
                        -39.10649108886719
                    ]
                }, 
                {
                    "length": 27.192758560180664, 
                    "direction": [
                        0.06689755618572235, 
                        0.5246869325637817, 
                        -0.8486627340316772
                    ], 
                    "center": [
                        11.036382675170898, 
                        142.83413696289062, 
                        -34.0653076171875
                    ]
                }, 
                {
                    "length": 17.970151901245117, 
                    "direction": [
                        0.17958028614521027, 
                        -0.0003158720792271197, 
                        -0.9837433099746704
                    ], 
                    "center": [
                        8.513276100158691, 
                        135.70314025878906, 
                        -13.687557220458984
                    ]
                }
            ]
        }, 
        {
            "type": 3, 
            "bone": [
                {
                    "length": 59.900508880615234, 
                    "direction": [
                        0.03748341277241707, 
                        -0.1879258006811142, 
                        0.9814676642417908
                    ], 
                    "center": [
                        -17.807666778564453, 
                        184.75558471679688, 
                        0.657318115234375
                    ]
                }, 
                {
                    "length": 42.7255859375, 
                    "direction": [
                        -0.2587568759918213, 
                        0.9052754044532776, 
                        0.33692941069602966
                    ], 
                    "center": [
                        -13.402534484863281, 
                        171.0447998046875, 
                        -35.93564224243164
                    ]
                }, 
                {
                    "length": 26.490482330322266, 
                    "direction": [
                        -0.12673324346542358, 
                        0.5383449196815491, 
                        -0.8331406712532043
                    ], 
                    "center": [
                        -6.1961517333984375, 
                        144.5750732421875, 
                        -32.09824752807617
                    ]
                }, 
                {
                    "length": 17.86687660217285, 
                    "direction": [
                        0.020992321893572807, 
                        0.019055042415857315, 
                        -0.99959796667099
                    ], 
                    "center": [
                        -4.705073356628418, 
                        137.2743377685547, 
                        -12.13325023651123
                    ]
                }
            ]
        }, 
        {
            "type": 4, 
            "bone": [
                {
                    "length": 55.44927978515625, 
                    "direction": [
                        0.17905619740486145, 
                        -0.21623319387435913, 
                        0.9597823023796082
                    ], 
                    "center": [
                        -32.69324493408203, 
                        177.28018188476562, 
                        2.115385055541992
                    ]
                }, 
                {
                    "length": 33.81280517578125, 
                    "direction": [
                        -0.35196956992149353, 
                        0.8405423760414124, 
                        0.411832332611084
                    ], 
                    "center": [
                        -31.706974029541016, 
                        169.06460571289062, 
                        -31.456836700439453
                    ]
                }, 
                {
                    "length": 18.703414916992188, 
                    "direction": [
                        -0.46691423654556274, 
                        0.4598616063594818, 
                        -0.7553266286849976
                    ], 
                    "center": [
                        -21.38998794555664, 
                        150.55357360839844, 
                        -31.355846405029297
                    ]
                }, 
                {
                    "length": 16.482967376708984, 
                    "direction": [
                        -0.2581620514392853, 
                        -0.021685242652893066, 
                        -0.9658582210540771
                    ], 
                    "center": [
                        -14.895904541015625, 
                        146.43179321289062, 
                        -16.332149505615234
                    ]
                }
            ]
        }
    ], 
    "hand": {
        "grab_strength": 1.0, 
        "wrist_position": [
            -13.506280899047852, 
            167.26841735839844, 
            37.43882369995117
        ], 
        "palm_width": 87.01065063476562, 
        "palm_velocity": [
            -7.998434066772461, 
            40.46624755859375, 
            -6.01647424697876
        ], 
        "palm_normal": [
            0.06092055141925812, 
            -0.9407455325126648, 
            -0.3335963785648346
        ], 
        "is_left": true, 
        "palm_position": [
            -2.0945019721984863, 
            181.04833984375, 
            -11.720171928405762
        ], 
        "pinch_strength": 0.2079293578863144, 
        "is_right": false
    }
}