{
    "timestamp": 33140025195, 
    "id": 507099, 
    "fingers": [
        {
            "type": 0, 
            "bone": [
                {
                    "length": 0.0, 
                    "direction": [
                        0.0, 
                        0.0, 
                        0.0
                    ], 
                    "center": [
                        13.863879203796387, 
                        157.40745544433594, 
                        39.340721130371094
                    ]
                }, 
                {
                    "length": 47.7345085144043, 
                    "direction": [
                        -0.6143006086349487, 
                        -0.40597301721572876, 
                        0.6766244769096375
                    ], 
                    "center": [
                        28.525548934936523, 
                        167.096923828125, 
                        23.191553115844727
                    ]
                }, 
                {
                    "length": 32.60446548461914, 
                    "direction": [
                        -0.19548873603343964, 
                        -0.2279697060585022, 
                        0.9538416862487793
                    ], 
                    "center": [
                        46.374122619628906, 
                        180.50279235839844, 
                        -8.507364273071289
                    ]
                }, 
                {
                    "length": 22.380069732666016, 
                    "direction": [
                        0.5346003770828247, 
                        0.16365103423595428, 
                        0.8291084170341492
                    ], 
                    "center": [
                        43.578826904296875, 
                        182.387939453125, 
                        -33.33486557006836
                    ]
                }
            ]
        }, 
        {
            "type": 1, 
            "bone": [
                {
                    "length": 70.35211181640625, 
                    "direction": [
                        -0.24958586692810059, 
                        -0.20049814879894257, 
                        0.9473686814308167
                    ], 
                    "center": [
                        14.761658668518066, 
                        185.35130310058594, 
                        2.1106643676757812
                    ]
                }, 
                {
                    "length": 41.08348846435547, 
                    "direction": [
                        -0.04682811722159386, 
                        0.9556602239608765, 
                        0.2907242178916931
                    ], 
                    "center": [
                        24.503036499023438, 
                        172.77310180664062, 
                        -37.186012268066406
                    ]
                }, 
                {
                    "length": 23.113332748413086, 
                    "direction": [
                        0.29027730226516724, 
                        0.5096743702888489, 
                        -0.8099203705787659
                    ], 
                    "center": [
                        22.110328674316406, 
                        147.25204467773438, 
                        -33.79801940917969
                    ]
                }, 
                {
                    "length": 16.33837890625, 
                    "direction": [
                        0.3096405565738678, 
                        -0.01865137740969658, 
                        -0.9506707191467285
                    ], 
                    "center": [
                        16.226179122924805, 
                        141.5142822265625, 
                        -16.671829223632812
                    ]
                }
            ]
        }, 
        {
            "type": 2, 
            "bone": [
                {
                    "length": 66.7167739868164, 
                    "direction": [
                        -0.11474379152059555, 
                        -0.20196230709552765, 
                        0.9726484417915344
                    ], 
                    "center": [
                        -1.3548169136047363, 
                        187.1453094482422, 
                        -0.10012435913085938
                    ]
                }, 
                {
                    "length": 46.092403411865234, 
                    "direction": [
                        -0.2011895775794983, 
                        0.9360820055007935, 
                        0.28857097029685974
                    ], 
                    "center": [
                        7.109506607055664, 
                        172.30931091308594, 
                        -39.196571350097656
                    ]
                }, 
                {
                    "length": 27.192764282226562, 
                    "direction": [
                        0.07090666890144348, 
                        0.5298840403556824, 
                        -0.8451007008552551
                    ], 
                    "center": [
                        10.782088279724121, 
                        143.53167724609375, 
                        -34.356727600097656
                    ]
                }, 
                {
                    "length": 17.970151901245117, 
                    "direction": [
                        0.17945729196071625, 
                        0.005112542770802975, 
                        -0.9837525486946106
                    ], 
                    "center": [
                        8.20557689666748, 
                        136.28121948242188, 
                        -14.027323722839355
                    ]
                }
            ]
        }, 
        {
            "type": 3, 
            "bone": [
                {
                    "length": 59.90050506591797, 
                    "direction": [
                        0.035963598638772964, 
                        -0.1959843784570694, 
                        0.9799473285675049
                    ], 
                    "center": [
                        -17.737529754638672, 
                        185.39503479003906, 
                        0.6522283554077148
                    ]
                }, 
                {
                    "length": 42.725589752197266, 
                    "direction": [
                        -0.25193238258361816, 
                        0.904785692691803, 
                        0.3433554768562317
                    ], 
                    "center": [
                        -13.432669639587402, 
                        171.93606567382812, 
                        -36.032474517822266
                    ]
                }, 
                {
                    "length": 26.4904842376709, 
                    "direction": [
                        -0.12210679054260254, 
                        0.5451735258102417, 
                        -0.8293827772140503
                    ], 
                    "center": [
                        -6.433355808258057, 
                        145.3863525390625, 
                        -32.38213348388672
                    ]
                }, 
                {
                    "length": 17.86687469482422, 
                    "direction": [
                        0.021646082401275635, 
                        0.026130657643079758, 
                        -0.9994242191314697
                    ], 
                    "center": [
                        -5.009395599365234, 
                        137.93197631835938, 
                        -12.468463897705078
                    ]
                }
            ]
        }, 
        {
            "type": 4, 
            "bone": [
                {
                    "length": 55.44927978515625, 
                    "direction": [
                        0.17731733620166779, 
                        -0.22520174086093903, 
                        0.9580410718917847
                    ], 
                    "center": [
                        -32.68000793457031, 
                        178.0224609375, 
                        2.0506515502929688
                    ]
                }, 
                {
                    "length": 33.81280517578125, 
                    "direction": [
                        -0.3479820787906647, 
                        0.8412960171699524, 
                        0.4136781096458435
                    ], 
                    "center": [
                        -31.71294403076172, 
                        170.04281616210938, 
                        -31.504501342773438
                    ]
                }, 
                {
                    "length": 18.703414916992188, 
                    "direction": [
                        -0.46038660407066345, 
                        0.46618348360061646, 
                        -0.7554582953453064
                    ], 
                    "center": [
                        -21.524417877197266, 
                        151.45989990234375, 
                        -31.43348503112793
                    ]
                }, 
                {
                    "length": 16.482967376708984, 
                    "direction": [
                        -0.2549377977848053, 
                        -0.014210891909897327, 
                        -0.9668530225753784
                    ], 
                    "center": [
                        -15.117951393127441, 
                        147.2174072265625, 
                        -16.40035629272461
                    ]
                }
            ]
        }
    ], 
    "hand": {
        "grab_strength": 1.0, 
        "wrist_position": [
            -13.57313060760498, 
            167.58433532714844, 
            37.293983459472656
        ], 
        "palm_width": 87.01065063476562, 
        "palm_velocity": [
            -4.1752519607543945, 
            45.70844268798828, 
            -5.079840660095215
        ], 
        "palm_normal": [
            0.05374547839164734, 
            -0.9385092258453369, 
            -0.34104517102241516
        ], 
        "is_left": true, 
        "palm_position": [
            -2.052189826965332, 
            181.66590881347656, 
            -11.753941535949707
        ], 
        "pinch_strength": 0.2060571014881134, 
        "is_right": false
    }
}