{
    "timestamp": 33140118010, 
    "id": 507107, 
    "fingers": [
        {
            "type": 0, 
            "bone": [
                {
                    "length": 0.0, 
                    "direction": [
                        0.0, 
                        0.0, 
                        0.0
                    ], 
                    "center": [
                        13.272442817687988, 
                        157.646728515625, 
                        38.80323028564453
                    ]
                }, 
                {
                    "length": 47.73451232910156, 
                    "direction": [
                        -0.628763735294342, 
                        -0.40925875306129456, 
                        0.6611833572387695
                    ], 
                    "center": [
                        28.279306411743164, 
                        167.41461181640625, 
                        23.022598266601562
                    ]
                }, 
                {
                    "length": 32.60446548461914, 
                    "direction": [
                        -0.2283845990896225, 
                        -0.2607688009738922, 
                        0.9379979372024536
                    ], 
                    "center": [
                        47.00934982299805, 
                        181.43360900878906, 
                        -8.0494966506958
                    ]
                }, 
                {
                    "length": 22.38006591796875, 
                    "direction": [
                        0.5218195915222168, 
                        0.11570601165294647, 
                        0.8451725244522095
                    ], 
                    "center": [
                        44.893348693847656, 
                        184.3899688720703, 
                        -32.798465728759766
                    ]
                }
            ]
        }, 
        {
            "type": 1, 
            "bone": [
                {
                    "length": 70.35211944580078, 
                    "direction": [
                        -0.2625903785228729, 
                        -0.2251526415348053, 
                        0.9382709860801697
                    ], 
                    "center": [
                        15.227788925170898, 
                        186.7841796875, 
                        2.541299819946289
                    ]
                }, 
                {
                    "length": 41.08348083496094, 
                    "direction": [
                        -0.023217681795358658, 
                        0.9464093446731567, 
                        0.32213401794433594
                    ], 
                    "center": [
                        24.94161605834961, 
                        175.26327514648438, 
                        -37.08056640625
                    ]
                }, 
                {
                    "length": 23.113338470458984, 
                    "direction": [
                        0.3105197846889496, 
                        0.5276811122894287, 
                        -0.7906516790390015
                    ], 
                    "center": [
                        21.829971313476562, 
                        149.72413635253906, 
                        -34.560462951660156
                    ]
                }, 
                {
                    "length": 16.338380813598633, 
                    "direction": [
                        0.3165663182735443, 
                        0.0037646435666829348, 
                        -0.9485628604888916
                    ], 
                    "center": [
                        15.65530776977539, 
                        143.59515380859375, 
                        -17.674169540405273
                    ]
                }
            ]
        }, 
        {
            "type": 2, 
            "bone": [
                {
                    "length": 66.7167739868164, 
                    "direction": [
                        -0.1280466765165329, 
                        -0.23114410042762756, 
                        0.9644565582275391
                    ], 
                    "center": [
                        -0.815790057182312, 
                        189.09063720703125, 
                        0.276214599609375
                    ]
                }, 
                {
                    "length": 46.092411041259766, 
                    "direction": [
                        -0.17779108881950378, 
                        0.9314246773719788, 
                        0.3175504207611084
                    ], 
                    "center": [
                        7.553050994873047, 
                        175.33543395996094, 
                        -39.2148323059082
                    ]
                }, 
                {
                    "length": 27.192766189575195, 
                    "direction": [
                        0.0909016951918602, 
                        0.5539000034332275, 
                        -0.8276060223579407
                    ], 
                    "center": [
                        10.41452693939209, 
                        146.33859252929688, 
                        -35.28071594238281
                    ]
                }, 
                {
                    "length": 17.97015380859375, 
                    "direction": [
                        0.1861160546541214, 
                        0.030888382345438004, 
                        -0.982042133808136
                    ], 
                    "center": [
                        7.506325721740723, 
                        138.530029296875, 
                        -15.204545021057129
                    ]
                }
            ]
        }, 
        {
            "type": 3, 
            "bone": [
                {
                    "length": 59.90050506591797, 
                    "direction": [
                        0.022703148424625397, 
                        -0.22953228652477264, 
                        0.9730362296104431
                    ], 
                    "center": [
                        -17.245426177978516, 
                        187.76437377929688, 
                        0.8514184951782227
                    ]
                }, 
                {
                    "length": 42.725589752197266, 
                    "direction": [
                        -0.23024241626262665, 
                        0.899975061416626, 
                        0.3701801598072052
                    ], 
                    "center": [
                        -13.006771087646484, 
                        175.41294860839844, 
                        -36.19934844970703
                    ]
                }, 
                {
                    "length": 26.490478515625, 
                    "direction": [
                        -0.09991133213043213, 
                        0.5740087032318115, 
                        -0.8127310872077942
                    ], 
                    "center": [
                        -6.76479959487915, 
                        148.58407592773438, 
                        -33.342613220214844
                    ]
                }, 
                {
                    "length": 17.86687660217285, 
                    "direction": [
                        0.031090734526515007, 
                        0.05714463070034981, 
                        -0.9978817105293274
                    ], 
                    "center": [
                        -5.7191972732543945, 
                        140.470703125, 
                        -13.663280487060547
                    ]
                }
            ]
        }, 
        {
            "type": 4, 
            "bone": [
                {
                    "length": 55.44927978515625, 
                    "direction": [
                        0.1633874624967575, 
                        -0.2618519365787506, 
                        0.9511772394180298
                    ], 
                    "center": [
                        -32.392784118652344, 
                        180.76011657714844, 
                        1.8936138153076172
                    ]
                }, 
                {
                    "length": 33.81279754638672, 
                    "direction": [
                        -0.3339200019836426, 
                        0.8396545052528381, 
                        0.4283429980278015
                    ], 
                    "center": [
                        -31.27725601196289, 
                        173.8243408203125, 
                        -31.71916961669922
                    ]
                }, 
                {
                    "length": 18.70342254638672, 
                    "direction": [
                        -0.4328978657722473, 
                        0.49662020802497864, 
                        -0.7523082494735718
                    ], 
                    "center": [
                        -21.58353614807129, 
                        154.98455810546875, 
                        -31.925537109375
                    ]
                }, 
                {
                    "length": 16.482967376708984, 
                    "direction": [
                        -0.2376299798488617, 
                        0.019933760166168213, 
                        -0.9711512327194214
                    ], 
                    "center": [
                        -15.576776504516602, 
                        150.176025390625, 
                        -16.88644027709961
                    ]
                }
            ]
        }
    ], 
    "hand": {
        "grab_strength": 1.0, 
        "wrist_position": [
            -13.861639022827148, 
            168.6320037841797, 
            36.902549743652344
        ], 
        "palm_width": 87.01065063476562, 
        "palm_velocity": [
            5.461917877197266, 
            19.74406623840332, 
            2.9205400943756104
        ], 
        "palm_normal": [
            0.03109201230108738, 
            -0.9277055859565735, 
            -0.3720156252384186
        ], 
        "is_left": true, 
        "palm_position": [
            -1.5667017698287964, 
            184.02484130859375, 
            -11.559980392456055
        ], 
        "pinch_strength": 0.19255715608596802, 
        "is_right": false
    }
}