{
    "timestamp": 33140082901, 
    "id": 507104, 
    "fingers": [
        {
            "type": 0, 
            "bone": [
                {
                    "length": 0.0, 
                    "direction": [
                        0.0, 
                        0.0, 
                        0.0
                    ], 
                    "center": [
                        13.348220825195312, 
                        157.5714569091797, 
                        38.851959228515625
                    ]
                }, 
                {
                    "length": 47.73450469970703, 
                    "direction": [
                        -0.6257950663566589, 
                        -0.4093751907348633, 
                        0.663922131061554
                    ], 
                    "center": [
                        28.284229278564453, 
                        167.3421173095703, 
                        23.005964279174805
                    ]
                }, 
                {
                    "length": 32.60446548461914, 
                    "direction": [
                        -0.2156027853488922, 
                        -0.25218433141708374, 
                        0.9433549642562866
                    ], 
                    "center": [
                        46.73504638671875, 
                        181.22393798828125, 
                        -8.218825340270996
                    ]
                }, 
                {
                    "length": 22.380067825317383, 
                    "direction": [
                        0.5259019732475281, 
                        0.12643757462501526, 
                        0.8410949110984802
                    ], 
                    "center": [
                        44.364990234375, 
                        183.92027282714844, 
                        -33.009498596191406
                    ]
                }
            ]
        }, 
        {
            "type": 1, 
            "bone": [
                {
                    "length": 70.35211181640625, 
                    "direction": [
                        -0.2592872083187103, 
                        -0.2199437916278839, 
                        0.9404226541519165
                    ], 
                    "center": [
                        15.052620887756348, 
                        186.45730590820312, 
                        2.376710891723633
                    ]
                }, 
                {
                    "length": 41.08348083496094, 
                    "direction": [
                        -0.028254130855202675, 
                        0.9485772848129272, 
                        0.3152824342250824
                    ], 
                    "center": [
                        24.753711700439453, 
                        174.70863342285156, 
                        -37.18009948730469
                    ]
                }, 
                {
                    "length": 23.113330841064453, 
                    "direction": [
                        0.3057519495487213, 
                        0.5238853096961975, 
                        -0.7950220108032227
                    ], 
                    "center": [
                        21.800628662109375, 
                        149.16883850097656, 
                        -34.46875
                    ]
                }, 
                {
                    "length": 16.338380813598633, 
                    "direction": [
                        0.3146617114543915, 
                        -0.0010086367838084698, 
                        -0.9492033123970032
                    ], 
                    "center": [
                        15.696622848510742, 
                        143.12271118164062, 
                        -17.526721954345703
                    ]
                }
            ]
        }, 
        {
            "type": 2, 
            "bone": [
                {
                    "length": 66.7167739868164, 
                    "direction": [
                        -0.12465594708919525, 
                        -0.22493508458137512, 
                        0.9663669466972351
                    ], 
                    "center": [
                        -1.0092417001724243, 
                        188.650634765625, 
                        0.12888145446777344
                    ]
                }, 
                {
                    "length": 46.092411041259766, 
                    "direction": [
                        -0.18269124627113342, 
                        0.9329107403755188, 
                        0.3103248178958893
                    ], 
                    "center": [
                        7.359419345855713, 
                        174.654052734375, 
                        -39.25937271118164
                    ]
                }, 
                {
                    "length": 27.192766189575195, 
                    "direction": [
                        0.0864555835723877, 
                        0.5479199886322021, 
                        -0.832051157951355
                    ], 
                    "center": [
                        10.394275665283203, 
                        145.70425415039062, 
                        -35.098297119140625
                    ]
                }, 
                {
                    "length": 17.970151901245117, 
                    "direction": [
                        0.18441930413246155, 
                        0.0246847253292799, 
                        -0.982537567615509
                    ], 
                    "center": [
                        7.561771392822266, 
                        138.03274536132812, 
                        -14.957235336303711
                    ]
                }
            ]
        }, 
        {
            "type": 3, 
            "bone": [
                {
                    "length": 59.900508880615234, 
                    "direction": [
                        0.02609880268573761, 
                        -0.2223527878522873, 
                        0.9746168255805969
                    ], 
                    "center": [
                        -17.429344177246094, 
                        187.22958374023438, 
                        0.7482833862304688
                    ]
                }, 
                {
                    "length": 42.725582122802734, 
                    "direction": [
                        -0.2349262833595276, 
                        0.9012534022331238, 
                        0.36407676339149475
                    ], 
                    "center": [
                        -13.192329406738281, 
                        174.63580322265625, 
                        -36.21943664550781
                    ]
                }, 
                {
                    "length": 26.49048614501953, 
                    "direction": [
                        -0.10497722029685974, 
                        0.5675076842308044, 
                        -0.816648542881012
                    ], 
                    "center": [
                        -6.783199310302734, 
                        147.86575317382812, 
                        -33.180423736572266
                    ]
                }, 
                {
                    "length": 17.86687660217285, 
                    "direction": [
                        0.028752649202942848, 
                        0.05017406493425369, 
                        -0.9983265399932861
                    ], 
                    "center": [
                        -5.64961051940918, 
                        139.90074157714844, 
                        -13.445225715637207
                    ]
                }
            ]
        }, 
        {
            "type": 4, 
            "bone": [
                {
                    "length": 55.44927978515625, 
                    "direction": [
                        0.16693028807640076, 
                        -0.2539810836315155, 
                        0.9526950716972351
                    ], 
                    "center": [
                        -32.531925201416016, 
                        180.1418914794922, 
                        1.8729267120361328
                    ]
                }, 
                {
                    "length": 33.812808990478516, 
                    "direction": [
                        -0.33794254064559937, 
                        0.840703010559082, 
                        0.4230997860431671
                    ], 
                    "center": [
                        -31.446613311767578, 
                        172.97015380859375, 
                        -31.69329833984375
                    ]
                }, 
                {
                    "length": 18.703413009643555, 
                    "direction": [
                        -0.4381950795650482, 
                        0.48846057057380676, 
                        -0.7545803785324097
                    ], 
                    "center": [
                        -21.63534927368164, 
                        154.18896484375, 
                        -31.789779663085938
                    ]
                }, 
                {
                    "length": 16.482967376708984, 
                    "direction": [
                        -0.24061858654022217, 
                        0.011440180242061615, 
                        -0.9705523252487183
                    ], 
                    "center": [
                        -15.554423332214355, 
                        149.5267333984375, 
                        -16.734375
                    ]
                }
            ]
        }
    ], 
    "hand": {
        "grab_strength": 1.0, 
        "wrist_position": [
            -13.855595588684082, 
            168.37899780273438, 
            36.929298400878906
        ], 
        "palm_width": 87.01065063476562, 
        "palm_velocity": [
            4.995336532592773, 
            31.400388717651367, 
            1.6497392654418945
        ], 
        "palm_normal": [
            0.03592727333307266, 
            -0.9301658868789673, 
            -0.36537739634513855
        ], 
        "is_left": true, 
        "palm_position": [
            -1.753980278968811, 
            183.49497985839844, 
            -11.668848037719727
        ], 
        "pinch_strength": 0.1979244500398636, 
        "is_right": false
    }
}