{
    "timestamp": 33140094066, 
    "id": 507105, 
    "fingers": [
        {
            "type": 0, 
            "bone": [
                {
                    "length": 0.0, 
                    "direction": [
                        0.0, 
                        0.0, 
                        0.0
                    ], 
                    "center": [
                        13.305520057678223, 
                        157.58689880371094, 
                        38.821876525878906
                    ]
                }, 
                {
                    "length": 47.73451232910156, 
                    "direction": [
                        -0.6269797682762146, 
                        -0.40970245003700256, 
                        0.6626010537147522
                    ], 
                    "center": [
                        28.269805908203125, 
                        167.36537170410156, 
                        23.007408142089844
                    ]
                }, 
                {
                    "length": 32.60446548461914, 
                    "direction": [
                        -0.21876151859760284, 
                        -0.25500354170799255, 
                        0.9418686032295227
                    ], 
                    "center": [
                        46.800392150878906, 
                        181.30096435546875, 
                        -8.16162395477295
                    ]
                }, 
                {
                    "length": 22.38006591796875, 
                    "direction": [
                        0.525059700012207, 
                        0.12282948195934296, 
                        0.8421552181243896
                    ], 
                    "center": [
                        44.49126052856445, 
                        184.08363342285156, 
                        -32.9399299621582
                    ]
                }
            ]
        }, 
        {
            "type": 1, 
            "bone": [
                {
                    "length": 70.35211944580078, 
                    "direction": [
                        -0.26057741045951843, 
                        -0.22198906540870667, 
                        0.9395851492881775
                    ], 
                    "center": [
                        15.102863311767578, 
                        186.56956481933594, 
                        2.4279794692993164
                    ]
                }, 
                {
                    "length": 41.08348083496094, 
                    "direction": [
                        -0.026524338871240616, 
                        0.9477694630622864, 
                        0.3178515136241913
                    ], 
                    "center": [
                        24.813804626464844, 
                        174.909423828125, 
                        -37.15214538574219
                    ]
                }, 
                {
                    "length": 23.11333465576172, 
                    "direction": [
                        0.3075534999370575, 
                        0.5253705978393555, 
                        -0.7933450937271118
                    ], 
                    "center": [
                        21.804367065429688, 
                        149.3690643310547, 
                        -34.512943267822266
                    ]
                }, 
                {
                    "length": 16.338380813598633, 
                    "direction": [
                        0.31547975540161133, 
                        0.0008648126968182623, 
                        -0.9489319324493408
                    ], 
                    "center": [
                        15.672860145568848, 
                        143.29046630859375, 
                        -17.592514038085938
                    ]
                }
            ]
        }, 
        {
            "type": 2, 
            "bone": [
                {
                    "length": 66.7167739868164, 
                    "direction": [
                        -0.12597985565662384, 
                        -0.2273356169462204, 
                        0.9656332731246948
                    ], 
                    "center": [
                        -0.9523595571517944, 
                        188.80294799804688, 
                        0.17217063903808594
                    ]
                }, 
                {
                    "length": 46.0924072265625, 
                    "direction": [
                        -0.1810002624988556, 
                        0.9324043393135071, 
                        0.3128274083137512
                    ], 
                    "center": [
                        7.421494007110596, 
                        174.89810180664062, 
                        -39.24928283691406
                    ]
                }, 
                {
                    "length": 27.192768096923828, 
                    "direction": [
                        0.08824121206998825, 
                        0.5500505566596985, 
                        -0.8304563760757446
                    ], 
                    "center": [
                        10.393101692199707, 
                        145.9310302734375, 
                        -35.167564392089844
                    ]
                }, 
                {
                    "length": 17.970151901245117, 
                    "direction": [
                        0.18524131178855896, 
                        0.02697904221713543, 
                        -0.982322633266449
                    ], 
                    "center": [
                        7.528933048248291, 
                        138.20993041992188, 
                        -15.050114631652832
                    ]
                }
            ]
        }, 
        {
            "type": 3, 
            "bone": [
                {
                    "length": 59.900508880615234, 
                    "direction": [
                        0.024772681295871735, 
                        -0.2250940054655075, 
                        0.9740220308303833
                    ], 
                    "center": [
                        -17.375957489013672, 
                        187.41482543945312, 
                        0.7732944488525391
                    ]
                }, 
                {
                    "length": 42.7255973815918, 
                    "direction": [
                        -0.2333442121744156, 
                        0.9007560014724731, 
                        0.36631831526756287
                    ], 
                    "center": [
                        -13.133021354675293, 
                        174.91378784179688, 
                        -36.2244987487793
                    ]
                }, 
                {
                    "length": 26.490482330322266, 
                    "direction": [
                        -0.10308230668306351, 
                        0.5699183344841003, 
                        -0.8152097463607788
                    ], 
                    "center": [
                        -6.7827863693237305, 
                        148.12240600585938, 
                        -33.25243377685547
                    ]
                }, 
                {
                    "length": 17.86687660217285, 
                    "direction": [
                        0.029715590178966522, 
                        0.052799344062805176, 
                        -0.9981628656387329
                    ], 
                    "center": [
                        -5.68289852142334, 
                        140.10202026367188, 
                        -13.537755966186523
                    ]
                }
            ]
        }, 
        {
            "type": 4, 
            "bone": [
                {
                    "length": 55.449283599853516, 
                    "direction": [
                        0.16555649042129517, 
                        -0.25695884227752686, 
                        0.9521360397338867
                    ], 
                    "center": [
                        -32.494422912597656, 
                        180.35592651367188, 
                        1.8651723861694336
                    ]
                }, 
                {
                    "length": 33.812808990478516, 
                    "direction": [
                        -0.3366134464740753, 
                        0.8402485251426697, 
                        0.4250573515892029
                    ], 
                    "center": [
                        -31.39349365234375, 
                        173.27442932128906, 
                        -31.718650817871094
                    ]
                }, 
                {
                    "length": 18.703414916992188, 
                    "direction": [
                        -0.4361927807331085, 
                        0.4914872348308563, 
                        -0.7537746429443359
                    ], 
                    "center": [
                        -21.623422622680664, 
                        154.47259521484375, 
                        -31.855762481689453
                    ]
                }, 
                {
                    "length": 16.482967376708984, 
                    "direction": [
                        -0.23938459157943726, 
                        0.014631173573434353, 
                        -0.97081458568573
                    ], 
                    "center": [
                        -15.571391105651855, 
                        149.75576782226562, 
                        -16.805728912353516
                    ]
                }
            ]
        }
    ], 
    "hand": {
        "grab_strength": 1.0, 
        "wrist_position": [
            -13.873766899108887, 
            168.45704650878906, 
            36.90526580810547
        ], 
        "palm_width": 87.01065063476562, 
        "palm_velocity": [
            5.013957500457764, 
            26.571250915527344, 
            1.9451738595962524
        ], 
        "palm_normal": [
            0.034289345145225525, 
            -0.9292284846305847, 
            -0.3679111897945404
        ], 
        "is_left": true, 
        "palm_position": [
            -1.6975743770599365, 
            183.6814422607422, 
            -11.640387535095215
        ], 
        "pinch_strength": 0.19694021344184875, 
        "is_right": false
    }
}