{
    "timestamp": 33140139968, 
    "id": 507109, 
    "fingers": [
        {
            "type": 0, 
            "bone": [
                {
                    "length": 0.0, 
                    "direction": [
                        0.0, 
                        0.0, 
                        0.0
                    ], 
                    "center": [
                        13.372718811035156, 
                        157.95985412597656, 
                        38.955039978027344
                    ]
                }, 
                {
                    "length": 47.73451232910156, 
                    "direction": [
                        -0.6319186091423035, 
                        -0.4060538411140442, 
                        0.660150945186615
                    ], 
                    "center": [
                        28.45488166809082, 
                        167.6512451171875, 
                        23.19904899597168
                    ]
                }, 
                {
                    "length": 32.604461669921875, 
                    "direction": [
                        -0.23763762414455414, 
                        -0.2648104727268219, 
                        0.9345607757568359
                    ], 
                    "center": [
                        47.411067962646484, 
                        181.65963745117188, 
                        -7.7923665046691895
                    ]
                }, 
                {
                    "length": 22.380067825317383, 
                    "direction": [
                        0.5205184817314148, 
                        0.10726664960384369, 
                        0.8470858335494995
                    ], 
                    "center": [
                        45.460472106933594, 
                        184.7763214111328, 
                        -32.506710052490234
                    ]
                }
            ]
        }, 
        {
            "type": 1, 
            "bone": [
                {
                    "length": 70.35211181640625, 
                    "direction": [
                        -0.2650296688079834, 
                        -0.2276764214038849, 
                        0.9369752407073975
                    ], 
                    "center": [
                        15.579744338989258, 
                        187.2570343017578, 
                        2.8365392684936523
                    ]
                }, 
                {
                    "length": 41.08348083496094, 
                    "direction": [
                        -0.01622460037469864, 
                        0.9449419379234314, 
                        0.3268354535102844
                    ], 
                    "center": [
                        25.23572540283203, 
                        175.85504150390625, 
                        -36.836326599121094
                    ]
                }, 
                {
                    "length": 23.113338470458984, 
                    "direction": [
                        0.3151238262653351, 
                        0.529124915599823, 
                        -0.7878602147102356
                    ], 
                    "center": [
                        21.927223205566406, 
                        150.32937622070312, 
                        -34.44505310058594
                    ]
                }, 
                {
                    "length": 16.338380813598633, 
                    "direction": [
                        0.317253977060318, 
                        0.005853829439729452, 
                        -0.9483225345611572
                    ], 
                    "center": [
                        15.693734169006348, 
                        144.1666259765625, 
                        -17.592987060546875
                    ]
                }
            ]
        }, 
        {
            "type": 2, 
            "bone": [
                {
                    "length": 66.7167739868164, 
                    "direction": [
                        -0.13055600225925446, 
                        -0.23482999205589294, 
                        0.9632289409637451
                    ], 
                    "center": [
                        -0.4438897371292114, 
                        189.69784545898438, 
                        0.5710525512695312
                    ]
                }, 
                {
                    "length": 46.092411041259766, 
                    "direction": [
                        -0.17089706659317017, 
                        0.9310108423233032, 
                        0.32251009345054626
                    ], 
                    "center": [
                        7.8497772216796875, 
                        176.0751190185547, 
                        -38.99334716796875
                    ]
                }, 
                {
                    "length": 27.192768096923828, 
                    "direction": [
                        0.09527064114809036, 
                        0.5575327277183533, 
                        -0.8246700763702393
                    ], 
                    "center": [
                        10.492969512939453, 
                        147.03842163085938, 
                        -35.21344757080078
                    ]
                }, 
                {
                    "length": 17.970151901245117, 
                    "direction": [
                        0.18662860989570618, 
                        0.034378260374069214, 
                        -0.9818288683891296
                    ], 
                    "center": [
                        7.520761489868164, 
                        139.14910888671875, 
                        -15.179110527038574
                    ]
                }
            ]
        }, 
        {
            "type": 3, 
            "bone": [
                {
                    "length": 59.900508880615234, 
                    "direction": [
                        0.02019517868757248, 
                        -0.23441986739635468, 
                        0.9719256162643433
                    ], 
                    "center": [
                        -16.88367462158203, 
                        188.49525451660156, 
                        1.127889633178711
                    ]
                }, 
                {
                    "length": 42.72559356689453, 
                    "direction": [
                        -0.2235020399093628, 
                        0.8993957042694092, 
                        0.3756783604621887
                    ], 
                    "center": [
                        -12.713896751403809, 
                        176.30258178710938, 
                        -36.00707244873047
                    ]
                }, 
                {
                    "length": 26.4904842376709, 
                    "direction": [
                        -0.09534590691328049, 
                        0.5796316266059875, 
                        -0.8092814087867737
                    ], 
                    "center": [
                        -6.676388740539551, 
                        149.41162109375, 
                        -33.31348419189453
                    ]
                }, 
                {
                    "length": 17.86687660217285, 
                    "direction": [
                        0.0319049134850502, 
                        0.06238067150115967, 
                        -0.9975423216819763
                    ], 
                    "center": [
                        -5.698529243469238, 
                        141.17697143554688, 
                        -13.682873725891113
                    ]
                }
            ]
        }, 
        {
            "type": 4, 
            "bone": [
                {
                    "length": 55.44927978515625, 
                    "direction": [
                        0.1606433242559433, 
                        -0.26771417260169983, 
                        0.9500120282173157
                    ], 
                    "center": [
                        -32.08523941040039, 
                        181.602783203125, 
                        2.125054359436035
                    ]
                }, 
                {
                    "length": 33.81279754638672, 
                    "direction": [
                        -0.3277569115161896, 
                        0.8399956822395325, 
                        0.4324149787425995
                    ], 
                    "center": [
                        -30.997827529907227, 
                        174.82376098632812, 
                        -31.52426528930664
                    ]
                }, 
                {
                    "length": 18.703414916992188, 
                    "direction": [
                        -0.4280572235584259, 
                        0.5039628744125366, 
                        -0.7501922249794006
                    ], 
                    "center": [
                        -21.453571319580078, 
                        155.9095458984375, 
                        -31.81926727294922
                    ]
                }, 
                {
                    "length": 16.482969284057617, 
                    "direction": [
                        -0.23625361919403076, 
                        0.026794346049427986, 
                        -0.9713218808174133
                    ], 
                    "center": [
                        -15.503425598144531, 
                        150.97579956054688, 
                        -16.798555374145508
                    ]
                }
            ]
        }
    ], 
    "hand": {
        "grab_strength": 1.0, 
        "wrist_position": [
            -13.674620628356934, 
            169.1626739501953, 
            37.08808135986328
        ], 
        "palm_width": 87.01065063476562, 
        "palm_velocity": [
            11.173821449279785, 
            25.634000778198242, 
            8.17778491973877
        ], 
        "palm_normal": [
            0.02424018457531929, 
            -0.92610102891922, 
            -0.3764961063861847
        ], 
        "is_left": true, 
        "palm_position": [
            -1.2247114181518555, 
            184.6954803466797, 
            -11.29015827178955
        ], 
        "pinch_strength": 0.19016771018505096, 
        "is_right": false
    }
}