{
    "timestamp": 33129448128, 
    "id": 506210, 
    "fingers": [
        {
            "type": 0, 
            "bone": [
                {
                    "length": 0.0, 
                    "direction": [
                        0.0, 
                        0.0, 
                        0.0
                    ], 
                    "center": [
                        5.41119909286499, 
                        209.29664611816406, 
                        55.48606872558594
                    ]
                }, 
                {
                    "length": 47.73451232910156, 
                    "direction": [
                        -0.5568805932998657, 
                        -0.0365559384226799, 
                        0.8297876715660095
                    ], 
                    "center": [
                        18.702411651611328, 
                        210.16912841796875, 
                        35.681312561035156
                    ]
                }, 
                {
                    "length": 32.60446548461914, 
                    "direction": [
                        -0.2529292106628418, 
                        0.07379983365535736, 
                        0.9646658897399902
                    ], 
                    "center": [
                        36.11693572998047, 
                        209.83853149414062, 
                        0.15035152435302734
                    ]
                }, 
                {
                    "length": 22.380069732666016, 
                    "direction": [
                        0.4219125807285309, 
                        0.25806501507759094, 
                        0.8691330552101135
                    ], 
                    "center": [
                        35.51902770996094, 
                        205.74766540527344, 
                        -25.30148696899414
                    ]
                }
            ]
        }, 
        {
            "type": 1, 
            "bone": [
                {
                    "length": 70.35211181640625, 
                    "direction": [
                        -0.1981271356344223, 
                        -0.0755062848329544, 
                        0.9772637486457825
                    ], 
                    "center": [
                        5.6039299964904785, 
                        232.7847900390625, 
                        15.286418914794922
                    ]
                }, 
                {
                    "length": 41.0834846496582, 
                    "direction": [
                        0.025647927075624466, 
                        0.9777885675430298, 
                        0.20801879465579987
                    ], 
                    "center": [
                        12.046407699584961, 
                        215.35531616210938, 
                        -23.362934112548828
                    ]
                }, 
                {
                    "length": 23.113338470458984, 
                    "direction": [
                        0.26775309443473816, 
                        0.43293777108192444, 
                        -0.8607398867607117
                    ], 
                    "center": [
                        8.425220489501953, 
                        190.26651000976562, 
                        -17.688716888427734
                    ]
                }, 
                {
                    "length": 16.338380813598633, 
                    "direction": [
                        0.24983954429626465, 
                        -0.10862831771373749, 
                        -0.9621747732162476
                    ], 
                    "center": [
                        3.289900064468384, 
                        186.15060424804688, 
                        0.11875700950622559
                    ]
                }
            ]
        }, 
        {
            "type": 2, 
            "bone": [
                {
                    "length": 66.7167739868164, 
                    "direction": [
                        -0.062267694622278214, 
                        -0.08370555192232132, 
                        0.9945430755615234
                    ], 
                    "center": [
                        -10.476865768432617, 
                        235.4598846435547, 
                        13.83774471282959
                    ]
                }, 
                {
                    "length": 46.092403411865234, 
                    "direction": [
                        -0.12663164734840393, 
                        0.9652241468429565, 
                        0.22870661318302155
                    ], 
                    "center": [
                        -5.48133659362793, 
                        216.00741577148438, 
                        -24.60942840576172
                    ]
                }, 
                {
                    "length": 27.192764282226562, 
                    "direction": [
                        0.05301292613148689, 
                        0.4764769971370697, 
                        -0.8775871992111206
                    ], 
                    "center": [
                        -3.2837421894073486, 
                        187.2843017578125, 
                        -17.9482364654541
                    ]
                }, 
                {
                    "length": 17.970151901245117, 
                    "direction": [
                        0.12255852669477463, 
                        -0.068360835313797, 
                        -0.9901041388511658
                    ], 
                    "center": [
                        -5.105723857879639, 
                        181.420166015625, 
                        2.8799359798431396
                    ]
                }
            ]
        }, 
        {
            "type": 3, 
            "bone": [
                {
                    "length": 59.90050506591797, 
                    "direction": [
                        0.08866479247808456, 
                        -0.08765603601932526, 
                        0.9921970963478088
                    ], 
                    "center": [
                        -26.85112190246582, 
                        234.97071838378906, 
                        15.752738952636719
                    ]
                }, 
                {
                    "length": 42.72557830810547, 
                    "direction": [
                        -0.1710733026266098, 
                        0.9422085881233215, 
                        0.2880570590496063
                    ], 
                    "center": [
                        -25.85205078125, 
                        217.46783447265625, 
                        -20.117517471313477
                    ]
                }, 
                {
                    "length": 26.4904842376709, 
                    "direction": [
                        -0.12568888068199158, 
                        0.5072156190872192, 
                        -0.8526046872138977
                    ], 
                    "center": [
                        -20.532669067382812, 
                        190.62142944335938, 
                        -14.978263854980469
                    ]
                }, 
                {
                    "length": 17.86687469482422, 
                    "direction": [
                        -0.026412487030029297, 
                        -0.03595196455717087, 
                        -0.9990044236183167
                    ], 
                    "center": [
                        -18.631935119628906, 
                        184.22442626953125, 
                        5.2392354011535645
                    ]
                }
            ]
        }, 
        {
            "type": 4, 
            "bone": [
                {
                    "length": 55.44927978515625, 
                    "direction": [
                        0.22609210014343262, 
                        -0.12908360362052917, 
                        0.9655153155326843
                    ], 
                    "center": [
                        -42.10664749145508, 
                        228.87831115722656, 
                        18.873586654663086
                    ]
                }, 
                {
                    "length": 33.812801361083984, 
                    "direction": [
                        -0.24794064462184906, 
                        0.8974416255950928, 
                        0.3648616373538971
                    ], 
                    "center": [
                        -44.18318557739258, 
                        217.28460693359375, 
                        -14.063474655151367
                    ]
                }, 
                {
                    "length": 18.70341682434082, 
                    "direction": [
                        -0.4937591552734375, 
                        0.44941243529319763, 
                        -0.7444664835929871
                    ], 
                    "center": [
                        -35.37390899658203, 
                        197.90931701660156, 
                        -13.269938468933105
                    ]
                }, 
                {
                    "length": 16.48296546936035, 
                    "direction": [
                        -0.3445361852645874, 
                        -0.06562875956296921, 
                        -0.9364762306213379
                    ], 
                    "center": [
                        -27.916929244995117, 
                        194.24742126464844, 
                        1.4100472927093506
                    ]
                }
            ]
        }
    ], 
    "hand": {
        "grab_strength": 1.0, 
        "wrist_position": [
            -21.396469116210938, 
            221.10240173339844, 
            53.89848709106445
        ], 
        "palm_width": 87.01065063476562, 
        "palm_velocity": [
            12.674821853637695, 
            -6.937963008880615, 
            6.76178503036499
        ], 
        "palm_normal": [
            -0.02906033955514431, 
            -0.9720927476882935, 
            -0.2327900379896164
        ], 
        "is_left": true, 
        "palm_position": [
            -12.297749519348145, 
            228.7797393798828, 
            2.9574077129364014
        ], 
        "pinch_strength": 0.3112943768501282, 
        "is_right": false
    }
}