{
    "timestamp": 33140201015, 
    "id": 507114, 
    "fingers": [
        {
            "type": 0, 
            "bone": [
                {
                    "length": 0.0, 
                    "direction": [
                        0.0, 
                        0.0, 
                        0.0
                    ], 
                    "center": [
                        14.051977157592773, 
                        158.30410766601562, 
                        39.23799133300781
                    ]
                }, 
                {
                    "length": 47.73450469970703, 
                    "direction": [
                        -0.6347177028656006, 
                        -0.381779283285141, 
                        0.6718468070030212
                    ], 
                    "center": [
                        29.200942993164062, 
                        167.4161376953125, 
                        23.20285415649414
                    ]
                }, 
                {
                    "length": 32.60446548461914, 
                    "direction": [
                        -0.26878947019577026, 
                        -0.262631893157959, 
                        0.926702082157135
                    ], 
                    "center": [
                        48.731781005859375, 
                        180.80963134765625, 
                        -7.939596176147461
                    ]
                }, 
                {
                    "length": 22.380069732666016, 
                    "direction": [
                        0.5228217244148254, 
                        0.09428784251213074, 
                        0.847211480140686
                    ], 
                    "center": [
                        47.26325225830078, 
                        184.03604125976562, 
                        -32.52723693847656
                    ]
                }
            ]
        }, 
        {
            "type": 1, 
            "bone": [
                {
                    "length": 70.35211181640625, 
                    "direction": [
                        -0.2665993869304657, 
                        -0.2326013743877411, 
                        0.9353188276290894
                    ], 
                    "center": [
                        16.717466354370117, 
                        187.94058227539062, 
                        3.428555488586426
                    ]
                }, 
                {
                    "length": 41.08348846435547, 
                    "direction": [
                        0.003049409482628107, 
                        0.9415425658226013, 
                        0.3368801474571228
                    ], 
                    "center": [
                        26.03274154663086, 
                        176.7816619873047, 
                        -36.39237976074219
                    ]
                }, 
                {
                    "length": 23.11332893371582, 
                    "direction": [
                        0.3229248821735382, 
                        0.5310046076774597, 
                        -0.7834243178367615
                    ], 
                    "center": [
                        22.23816680908203, 
                        151.30409240722656, 
                        -34.25871276855469
                    ]
                }, 
                {
                    "length": 16.33837890625, 
                    "direction": [
                        0.3143688440322876, 
                        0.00936818215996027, 
                        -0.9492546916007996
                    ], 
                    "center": [
                        15.938095092773438, 
                        145.09091186523438, 
                        -17.450298309326172
                    ]
                }
            ]
        }, 
        {
            "type": 2, 
            "bone": [
                {
                    "length": 66.7167739868164, 
                    "direction": [
                        -0.13221178948879242, 
                        -0.24262923002243042, 
                        0.9610677361488342
                    ], 
                    "center": [
                        0.7373296022415161, 
                        190.71421813964844, 
                        1.240182876586914
                    ]
                }, 
                {
                    "length": 46.09239959716797, 
                    "direction": [
                        -0.15173457562923431, 
                        0.9306363463401794, 
                        0.3330053985118866
                    ], 
                    "center": [
                        8.644606590270996, 
                        177.3603057861328, 
                        -38.493995666503906
                    ]
                }, 
                {
                    "length": 27.192773818969727, 
                    "direction": [
                        0.10216940939426422, 
                        0.5638829469680786, 
                        -0.8195104002952576
                    ], 
                    "center": [
                        10.752376556396484, 
                        148.24591064453125, 
                        -35.026123046875
                    ]
                }, 
                {
                    "length": 17.970149993896484, 
                    "direction": [
                        0.18284952640533447, 
                        0.040507204830646515, 
                        -0.9823060631752014
                    ], 
                    "center": [
                        7.720325469970703, 
                        140.21517944335938, 
                        -15.057647705078125
                    ]
                }
            ]
        }, 
        {
            "type": 3, 
            "bone": [
                {
                    "length": 59.900508880615234, 
                    "direction": [
                        0.01854431815445423, 
                        -0.2452201545238495, 
                        0.969290018081665
                    ], 
                    "center": [
                        -15.720895767211914, 
                        189.82298278808594, 
                        1.8362541198730469
                    ]
                }, 
                {
                    "length": 42.725589752197266, 
                    "direction": [
                        -0.204819455742836, 
                        0.8987811803817749, 
                        0.38760995864868164
                    ], 
                    "center": [
                        -11.900786399841309, 
                        177.9669189453125, 
                        -35.47466278076172
                    ]
                }, 
                {
                    "length": 26.49048614501953, 
                    "direction": [
                        -0.0873052328824997, 
                        0.5910411477088928, 
                        -0.8019028306007385
                    ], 
                    "center": [
                        -6.368890762329102, 
                        150.93795776367188, 
                        -33.13369369506836
                    ]
                }, 
                {
                    "length": 17.86687660217285, 
                    "direction": [
                        0.02946869656443596, 
                        0.07302867621183395, 
                        -0.996894359588623
                    ], 
                    "center": [
                        -5.47576904296875, 
                        142.45706176757812, 
                        -13.606602668762207
                    ]
                }
            ]
        }, 
        {
            "type": 4, 
            "bone": [
                {
                    "length": 55.44927978515625, 
                    "direction": [
                        0.15825754404067993, 
                        -0.280979186296463, 
                        0.9465755224227905
                    ], 
                    "center": [
                        -31.04975128173828, 
                        183.214599609375, 
                        2.8077497482299805
                    ]
                }, 
                {
                    "length": 33.812801361083984, 
                    "direction": [
                        -0.30908823013305664, 
                        0.8400542140007019, 
                        0.44584017992019653
                    ], 
                    "center": [
                        -30.211814880371094, 
                        176.8023681640625, 
                        -30.973270416259766
                    ]
                }, 
                {
                    "length": 18.703418731689453, 
                    "direction": [
                        -0.4193594753742218, 
                        0.5235589742660522, 
                        -0.7416357398033142
                    ], 
                    "center": [
                        -21.064517974853516, 
                        157.70388793945312, 
                        -31.575260162353516
                    ]
                }, 
                {
                    "length": 16.482967376708984, 
                    "direction": [
                        -0.23738877475261688, 
                        0.044420260936021805, 
                        -0.9703986048698425
                    ], 
                    "center": [
                        -15.18635368347168, 
                        152.44163513183594, 
                        -16.642173767089844
                    ]
                }
            ]
        }
    ], 
    "hand": {
        "grab_strength": 1.0, 
        "wrist_position": [
            -12.779312133789062, 
            170.04592895507812, 
            37.576942443847656
        ], 
        "palm_width": 87.01065063476562, 
        "palm_velocity": [
            18.25916290283203, 
            19.462587356567383, 
            9.694329261779785
        ], 
        "palm_normal": [
            0.005228622816503048, 
            -0.9222874641418457, 
            -0.3864692151546478
        ], 
        "is_left": true, 
        "palm_position": [
            -0.17514640092849731, 
            185.8558807373047, 
            -10.671393394470215
        ], 
        "pinch_strength": 0.19644315540790558, 
        "is_right": false
    }
}