{
    "timestamp": 33140313729, 
    "id": 507124, 
    "fingers": [
        {
            "type": 0, 
            "bone": [
                {
                    "length": 0.0, 
                    "direction": [
                        0.0, 
                        0.0, 
                        0.0
                    ], 
                    "center": [
                        15.59936809539795, 
                        158.65074157714844, 
                        39.81801223754883
                    ]
                }, 
                {
                    "length": 47.73451232910156, 
                    "direction": [
                        -0.6233101487159729, 
                        -0.27072855830192566, 
                        0.7336145639419556
                    ], 
                    "center": [
                        30.476072311401367, 
                        165.11228942871094, 
                        22.308645248413086
                    ]
                }, 
                {
                    "length": 32.604461669921875, 
                    "direction": [
                        -0.3198776841163635, 
                        -0.19305622577667236, 
                        0.9275815486907959
                    ], 
                    "center": [
                        50.56749725341797, 
                        174.72108459472656, 
                        -10.322370529174805
                    ]
                }, 
                {
                    "length": 22.380069732666016, 
                    "direction": [
                        0.5260880589485168, 
                        0.08459056913852692, 
                        0.84621262550354
                    ], 
                    "center": [
                        49.89527130126953, 
                        176.9217529296875, 
                        -34.913169860839844
                    ]
                }
            ]
        }, 
        {
            "type": 1, 
            "bone": [
                {
                    "length": 70.35211944580078, 
                    "direction": [
                        -0.2710987627506256, 
                        -0.23147286474704742, 
                        0.93430495262146
                    ], 
                    "center": [
                        19.50000762939453, 
                        188.59768676757812, 
                        4.3820648193359375
                    ]
                }, 
                {
                    "length": 41.08348846435547, 
                    "direction": [
                        0.053882941603660583, 
                        0.9356545805931091, 
                        0.3487792909145355
                    ], 
                    "center": [
                        27.929344177246094, 
                        177.52001953125, 
                        -35.64763641357422
                    ]
                }, 
                {
                    "length": 23.11333465576172, 
                    "direction": [
                        0.34074121713638306, 
                        0.522976815700531, 
                        -0.7812750935554504
                    ], 
                    "center": [
                        22.884662628173828, 
                        152.25616455078125, 
                        -33.783233642578125
                    ]
                }, 
                {
                    "length": 16.338380813598633, 
                    "direction": [
                        0.3038194477558136, 
                        0.0038206789176911116, 
                        -0.9527219533920288
                    ], 
                    "center": [
                        16.46487045288086, 
                        146.18109130859375, 
                        -16.971332550048828
                    ]
                }
            ]
        }, 
        {
            "type": 2, 
            "bone": [
                {
                    "length": 66.7167739868164, 
                    "direction": [
                        -0.13720595836639404, 
                        -0.24864818155765533, 
                        0.9588267207145691
                    ], 
                    "center": [
                        3.665520429611206, 
                        192.20718383789062, 
                        2.3603601455688477
                    ]
                }, 
                {
                    "length": 46.09239959716797, 
                    "direction": [
                        -0.09914810210466385, 
                        0.9368858933448792, 
                        0.33528271317481995
                    ], 
                    "center": [
                        10.527477264404297, 
                        178.9100341796875, 
                        -37.35154342651367
                    ]
                }, 
                {
                    "length": 27.19277000427246, 
                    "direction": [
                        0.11966622620820999, 
                        0.5560154318809509, 
                        -0.8225126266479492
                    ], 
                    "center": [
                        11.185436248779297, 
                        149.75857543945312, 
                        -33.89533996582031
                    ]
                }, 
                {
                    "length": 17.970151901245117, 
                    "direction": [
                        0.17072325944900513, 
                        0.031733255833387375, 
                        -0.9848078489303589
                    ], 
                    "center": [
                        8.024446487426758, 
                        141.9136505126953, 
                        -13.863567352294922
                    ]
                }
            ]
        }, 
        {
            "type": 3, 
            "bone": [
                {
                    "length": 59.900508880615234, 
                    "direction": [
                        0.013281003572046757, 
                        -0.2589883506298065, 
                        0.9657890200614929
                    ], 
                    "center": [
                        -12.811836242675781, 
                        192.14328002929688, 
                        3.078314781188965
                    ]
                }, 
                {
                    "length": 42.725582122802734, 
                    "direction": [
                        -0.1563703566789627, 
                        0.9066550731658936, 
                        0.3918224573135376
                    ], 
                    "center": [
                        -9.869097709655762, 
                        180.5313720703125, 
                        -34.217735290527344
                    ]
                }, 
                {
                    "length": 26.49048614501953, 
                    "direction": [
                        -0.060763221234083176, 
                        0.5961520671844482, 
                        -0.8005688786506653
                    ], 
                    "center": [
                        -5.723767280578613, 
                        153.26651000976562, 
                        -31.98442840576172
                    ]
                }, 
                {
                    "length": 17.86687660217285, 
                    "direction": [
                        0.027846073731780052, 
                        0.0757649764418602, 
                        -0.9967367649078369
                    ], 
                    "center": [
                        -5.1677045822143555, 
                        144.6934814453125, 
                        -12.476412773132324
                    ]
                }
            ]
        }, 
        {
            "type": 4, 
            "bone": [
                {
                    "length": 55.44928741455078, 
                    "direction": [
                        0.1508246809244156, 
                        -0.3014713227748871, 
                        0.9414706230163574
                    ], 
                    "center": [
                        -28.448890686035156, 
                        186.3077850341797, 
                        4.087080001831055
                    ]
                }, 
                {
                    "length": 33.812808990478516, 
                    "direction": [
                        -0.26339951157569885, 
                        0.8491007089614868, 
                        0.4578741788864136
                    ], 
                    "center": [
                        -28.17731285095215, 
                        180.31072998046875, 
                        -29.755863189697266
                    ]
                }, 
                {
                    "length": 18.703418731689453, 
                    "direction": [
                        -0.3966122269630432, 
                        0.5525004863739014, 
                        -0.7331042289733887
                    ], 
                    "center": [
                        -20.01517105102539, 
                        160.78866577148438, 
                        -30.641090393066406
                    ]
                }, 
                {
                    "length": 16.48296546936035, 
                    "direction": [
                        -0.2404720038175583, 
                        0.06765425950288773, 
                        -0.9682955145835876
                    ], 
                    "center": [
                        -14.324323654174805, 
                        155.06427001953125, 
                        -15.805122375488281
                    ]
                }
            ]
        }
    ], 
    "hand": {
        "grab_strength": 1.0, 
        "wrist_position": [
            -10.612540245056152, 
            171.7589111328125, 
            38.529998779296875
        ], 
        "palm_width": 87.01065063476562, 
        "palm_velocity": [
            25.443645477294922, 
            14.799542427062988, 
            12.827224731445312
        ], 
        "palm_normal": [
            -0.044498737901449203, 
            -0.9160323143005371, 
            -0.39862850308418274
        ], 
        "is_left": true, 
        "palm_position": [
            2.418813705444336, 
            187.5635986328125, 
            -9.6064453125
        ], 
        "pinch_strength": 0.2657864987850189, 
        "is_right": false
    }
}