{
    "timestamp": 33140289119, 
    "id": 507122, 
    "fingers": [
        {
            "type": 0, 
            "bone": [
                {
                    "length": 0.0, 
                    "direction": [
                        0.0, 
                        0.0, 
                        0.0
                    ], 
                    "center": [
                        15.242445945739746, 
                        158.61251831054688, 
                        39.55375289916992
                    ]
                }, 
                {
                    "length": 47.7345085144043, 
                    "direction": [
                        -0.6275119781494141, 
                        -0.2925814688205719, 
                        0.7215433716773987
                    ], 
                    "center": [
                        30.21943473815918, 
                        165.59564208984375, 
                        22.332494735717773
                    ]
                }, 
                {
                    "length": 32.60446548461914, 
                    "direction": [
                        -0.31470030546188354, 
                        -0.2071363627910614, 
                        0.9263143539428711
                    ], 
                    "center": [
                        50.32674026489258, 
                        175.95553588867188, 
                        -9.989755630493164
                    ]
                }, 
                {
                    "length": 22.380069732666016, 
                    "direction": [
                        0.5155342817306519, 
                        0.0856957659125328, 
                        0.8525729775428772
                    ], 
                    "center": [
                        49.688209533691406, 
                        178.37338256835938, 
                        -34.63106918334961
                    ]
                }
            ]
        }, 
        {
            "type": 1, 
            "bone": [
                {
                    "length": 70.35211181640625, 
                    "direction": [
                        -0.26998308300971985, 
                        -0.23257794976234436, 
                        0.9343535900115967
                    ], 
                    "center": [
                        18.81495475769043, 
                        188.51296997070312, 
                        4.044025421142578
                    ]
                }, 
                {
                    "length": 41.08347702026367, 
                    "direction": [
                        0.040353212505578995, 
                        0.9372345209121704, 
                        0.34635698795318604
                    ], 
                    "center": [
                        27.48297119140625, 
                        177.4417266845703, 
                        -35.9376220703125
                    ]
                }, 
                {
                    "length": 23.11333656311035, 
                    "direction": [
                        0.33610421419143677, 
                        0.5256887674331665, 
                        -0.7814635038375854
                    ], 
                    "center": [
                        22.769800186157227, 
                        152.1140899658203, 
                        -34.02128601074219
                    ]
                }, 
                {
                    "length": 16.338380813598633, 
                    "direction": [
                        0.3067189157009125, 
                        0.005828613415360451, 
                        -0.9517822861671448
                    ], 
                    "center": [
                        16.37990951538086, 
                        145.99127197265625, 
                        -17.21487808227539
                    ]
                }
            ]
        }, 
        {
            "type": 2, 
            "bone": [
                {
                    "length": 66.7167739868164, 
                    "direction": [
                        -0.13592404127120972, 
                        -0.24787239730358124, 
                        0.9592100381851196
                    ], 
                    "center": [
                        2.937532901763916, 
                        191.90228271484375, 
                        1.9783868789672852
                    ]
                }, 
                {
                    "length": 46.09239959716797, 
                    "direction": [
                        -0.113134004175663, 
                        0.9354593753814697, 
                        0.33483779430389404
                    ], 
                    "center": [
                        10.079048156738281, 
                        178.61212158203125, 
                        -37.73604965209961
                    ]
                }, 
                {
                    "length": 27.192768096923828, 
                    "direction": [
                        0.11539315432310104, 
                        0.5581768751144409, 
                        -0.8216586709022522
                    ], 
                    "center": [
                        11.117427825927734, 
                        149.4641571044922, 
                        -34.28120422363281
                    ]
                }, 
                {
                    "length": 17.970151901245117, 
                    "direction": [
                        0.17426973581314087, 
                        0.03415834158658981, 
                        -0.9841053485870361
                    ], 
                    "center": [
                        7.98267126083374, 
                        141.56805419921875, 
                        -14.267354011535645
                    ]
                }
            ]
        }, 
        {
            "type": 3, 
            "bone": [
                {
                    "length": 59.900508880615234, 
                    "direction": [
                        0.014673467725515366, 
                        -0.25615569949150085, 
                        0.966524064540863
                    ], 
                    "center": [
                        -13.538979530334473, 
                        191.6173095703125, 
                        2.6611146926879883
                    ]
                }, 
                {
                    "length": 42.725589752197266, 
                    "direction": [
                        -0.16943034529685974, 
                        0.9050881862640381, 
                        0.39001113176345825
                    ], 
                    "center": [
                        -10.35894775390625, 
                        179.95401000976562, 
                        -34.618255615234375
                    ]
                }, 
                {
                    "length": 26.490488052368164, 
                    "direction": [
                        -0.06742317229509354, 
                        0.5942172408103943, 
                        -0.8014736175537109
                    ], 
                    "center": [
                        -5.846405982971191, 
                        152.74826049804688, 
                        -32.33427047729492
                    ]
                }, 
                {
                    "length": 17.86687660217285, 
                    "direction": [
                        0.02866457775235176, 
                        0.07459581643342972, 
                        -0.9968017935752869
                    ], 
                    "center": [
                        -5.209443092346191, 
                        144.2113037109375, 
                        -12.813690185546875
                    ]
                }
            ]
        }, 
        {
            "type": 4, 
            "bone": [
                {
                    "length": 55.449283599853516, 
                    "direction": [
                        0.15283219516277313, 
                        -0.2968388795852661, 
                        0.9426181316375732
                    ], 
                    "center": [
                        -29.09781265258789, 
                        185.57342529296875, 
                        3.652332305908203
                    ]
                }, 
                {
                    "length": 33.81280517578125, 
                    "direction": [
                        -0.2755838632583618, 
                        0.8464003801345825, 
                        0.45569732785224915
                    ], 
                    "center": [
                        -28.6758975982666, 
                        179.49359130859375, 
                        -30.18562126159668
                    ]
                }, 
                {
                    "length": 18.703413009643555, 
                    "direction": [
                        -0.40259504318237305, 
                        0.5459414124488831, 
                        -0.7347552180290222
                    ], 
                    "center": [
                        -20.251815795898438, 
                        160.07852172851562, 
                        -31.01860809326172
                    ]
                }, 
                {
                    "length": 16.482967376708984, 
                    "direction": [
                        -0.2395409196615219, 
                        0.06266549229621887, 
                        -0.9688618183135986
                    ], 
                    "center": [
                        -14.512691497802734, 
                        154.45657348632812, 
                        -16.162534713745117
                    ]
                }
            ]
        }
    ], 
    "hand": {
        "grab_strength": 1.0, 
        "wrist_position": [
            -11.141549110412598, 
            171.36111450195312, 
            38.173377990722656
        ], 
        "palm_width": 87.01065063476562, 
        "palm_velocity": [
            23.489978790283203, 
            15.122964859008789, 
            8.291637420654297
        ], 
        "palm_normal": [
            -0.031228819862008095, 
            -0.9176321625709534, 
            -0.3962019979953766
        ], 
        "is_left": true, 
        "palm_position": [
            1.7799261808395386, 
            187.20970153808594, 
            -9.978251457214355
        ], 
        "pinch_strength": 0.24793311953544617, 
        "is_right": false
    }
}