{
    "timestamp": 33140302939, 
    "id": 507123, 
    "fingers": [
        {
            "type": 0, 
            "bone": [
                {
                    "length": 0.0, 
                    "direction": [
                        0.0, 
                        0.0, 
                        0.0
                    ], 
                    "center": [
                        15.419046401977539, 
                        158.6455535888672, 
                        39.655826568603516
                    ]
                }, 
                {
                    "length": 47.73451232910156, 
                    "direction": [
                        -0.6251291632652283, 
                        -0.2807396650314331, 
                        0.7282847166061401
                    ], 
                    "center": [
                        30.33916473388672, 
                        165.34603881835938, 
                        22.27366828918457
                    ]
                }, 
                {
                    "length": 32.604469299316406, 
                    "direction": [
                        -0.3175126910209656, 
                        -0.19928240776062012, 
                        0.9270771741867065
                    ], 
                    "center": [
                        50.435447692871094, 
                        175.29527282714844, 
                        -10.221920013427734
                    ]
                }, 
                {
                    "length": 22.380069732666016, 
                    "direction": [
                        0.5228687524795532, 
                        0.08655484020709991, 
                        0.8480075001716614
                    ], 
                    "center": [
                        49.76069641113281, 
                        177.57546997070312, 
                        -34.8245849609375
                    ]
                }
            ]
        }, 
        {
            "type": 1, 
            "bone": [
                {
                    "length": 70.35211181640625, 
                    "direction": [
                        -0.27049151062965393, 
                        -0.23210512101650238, 
                        0.9343240857124329
                    ], 
                    "center": [
                        19.14794921875, 
                        188.57107543945312, 
                        4.183289527893066
                    ]
                }, 
                {
                    "length": 41.08348083496094, 
                    "direction": [
                        0.04688509181141853, 
                        0.9364852905273438, 
                        0.34755879640579224
                    ], 
                    "center": [
                        27.69967269897461, 
                        177.49856567382812, 
                        -35.8220100402832
                    ]
                }, 
                {
                    "length": 23.11333656311035, 
                    "direction": [
                        0.33820340037345886, 
                        0.5243842601776123, 
                        -0.7814343571662903
                    ], 
                    "center": [
                        22.828065872192383, 
                        152.20140075683594, 
                        -33.930694580078125
                    ]
                }, 
                {
                    "length": 16.338380813598633, 
                    "direction": [
                        0.3051699101924896, 
                        0.004831183701753616, 
                        -0.952285647392273
                    ], 
                    "center": [
                        16.426570892333984, 
                        146.101806640625, 
                        -17.120513916015625
                    ]
                }
            ]
        }, 
        {
            "type": 2, 
            "bone": [
                {
                    "length": 66.7167739868164, 
                    "direction": [
                        -0.1365082710981369, 
                        -0.24830511212348938, 
                        0.9590151906013489
                    ], 
                    "center": [
                        3.2907016277313232, 
                        192.06634521484375, 
                        2.139397621154785
                    ]
                }, 
                {
                    "length": 46.0924186706543, 
                    "direction": [
                        -0.10636631399393082, 
                        0.9361959099769592, 
                        0.3349975347518921
                    ], 
                    "center": [
                        10.295737266540527, 
                        178.77365112304688, 
                        -37.57222366333008
                    ]
                }, 
                {
                    "length": 27.192764282226562, 
                    "direction": [
                        0.11723699420690536, 
                        0.5571035742759705, 
                        -0.822126030921936
                    ], 
                    "center": [
                        11.15307903289795, 
                        149.623291015625, 
                        -34.114707946777344
                    ]
                }, 
                {
                    "length": 17.970151901245117, 
                    "direction": [
                        0.17233319580554962, 
                        0.03299759328365326, 
                        -0.9844858646392822
                    ], 
                    "center": [
                        8.010653495788574, 
                        141.752197265625, 
                        -14.091089248657227
                    ]
                }
            ]
        }, 
        {
            "type": 3, 
            "bone": [
                {
                    "length": 59.900508880615234, 
                    "direction": [
                        0.01403994020074606, 
                        -0.2575768530368805, 
                        0.9661557078361511
                    ], 
                    "center": [
                        -13.186576843261719, 
                        191.88751220703125, 
                        2.8394775390625
                    ]
                }, 
                {
                    "length": 42.72557830810547, 
                    "direction": [
                        -0.16315235197544098, 
                        0.9058526754379272, 
                        0.39091211557388306
                    ], 
                    "center": [
                        -10.121686935424805, 
                        180.25045776367188, 
                        -34.44810485839844
                    ]
                }, 
                {
                    "length": 26.490488052368164, 
                    "direction": [
                        -0.06423009186983109, 
                        0.5951906442642212, 
                        -0.8010134100914001
                    ], 
                    "center": [
                        -5.7855544090271, 
                        153.01547241210938, 
                        -32.18946075439453
                    ]
                }, 
                {
                    "length": 17.86687469482422, 
                    "direction": [
                        0.028259558603167534, 
                        0.07521157711744308, 
                        -0.9967671036720276
                    ], 
                    "center": [
                        -5.1872663497924805, 
                        144.46014404296875, 
                        -12.675287246704102
                    ]
                }
            ]
        }, 
        {
            "type": 4, 
            "bone": [
                {
                    "length": 55.449275970458984, 
                    "direction": [
                        0.15190564095973969, 
                        -0.2991240620613098, 
                        0.9420453906059265
                    ], 
                    "center": [
                        -28.783306121826172, 
                        185.94354248046875, 
                        3.8391618728637695
                    ]
                }, 
                {
                    "length": 33.812801361083984, 
                    "direction": [
                        -0.26968178153038025, 
                        0.8476572632789612, 
                        0.4568905532360077
                    ], 
                    "center": [
                        -28.43548583984375, 
                        179.90582275390625, 
                        -30.003080368041992
                    ]
                }, 
                {
                    "length": 18.703414916992188, 
                    "direction": [
                        -0.399814248085022, 
                        0.5492030382156372, 
                        -0.7338423728942871
                    ], 
                    "center": [
                        -20.137191772460938, 
                        160.43899536132812, 
                        -30.864776611328125
                    ]
                }, 
                {
                    "length": 16.482967376708984, 
                    "direction": [
                        -0.2400941103696823, 
                        0.06516125798225403, 
                        -0.9685602188110352
                    ], 
                    "center": [
                        -14.419515609741211, 
                        154.7659912109375, 
                        -16.01972198486328
                    ]
                }
            ]
        }
    ], 
    "hand": {
        "grab_strength": 1.0, 
        "wrist_position": [
            -10.882966995239258, 
            171.5672607421875, 
            38.32133865356445
        ], 
        "palm_width": 87.01065063476562, 
        "palm_velocity": [
            23.075641632080078, 
            14.536038398742676, 
            9.453296661376953
        ], 
        "palm_normal": [
            -0.03761707991361618, 
            -0.9168630838394165, 
            -0.3974255621433258
        ], 
        "is_left": true, 
        "palm_position": [
            2.089843511581421, 
            187.39785766601562, 
            -9.822407722473145
        ], 
        "pinch_strength": 0.25900009274482727, 
        "is_right": false
    }
}