{
    "timestamp": 33129457064, 
    "id": 506211, 
    "fingers": [
        {
            "type": 0, 
            "bone": [
                {
                    "length": 0.0, 
                    "direction": [
                        0.0, 
                        0.0, 
                        0.0
                    ], 
                    "center": [
                        5.456465721130371, 
                        209.31260681152344, 
                        55.54234313964844
                    ]
                }, 
                {
                    "length": 47.7345085144043, 
                    "direction": [
                        -0.5573355555534363, 
                        -0.036061108112335205, 
                        0.8295038938522339
                    ], 
                    "center": [
                        18.758535385131836, 
                        210.17327880859375, 
                        35.74436569213867
                    ]
                }, 
                {
                    "length": 32.60446548461914, 
                    "direction": [
                        -0.25277870893478394, 
                        0.07447328418493271, 
                        0.9646536707878113
                    ], 
                    "center": [
                        36.181461334228516, 
                        209.81988525390625, 
                        0.22037649154663086
                    ]
                }, 
                {
                    "length": 22.380067825317383, 
                    "direction": [
                        0.4236620366573334, 
                        0.25873592495918274, 
                        0.8680819272994995
                    ], 
                    "center": [
                        35.561527252197266, 
                        205.71054077148438, 
                        -25.219497680664062
                    ]
                }
            ]
        }, 
        {
            "type": 1, 
            "bone": [
                {
                    "length": 70.35211181640625, 
                    "direction": [
                        -0.19827565550804138, 
                        -0.07458861917257309, 
                        0.9773041009902954
                    ], 
                    "center": [
                        5.666481971740723, 
                        232.767333984375, 
                        15.323283195495605
                    ]
                }, 
                {
                    "length": 41.08348846435547, 
                    "direction": [
                        0.02642846293747425, 
                        0.9781349301338196, 
                        0.20628488063812256
                    ], 
                    "center": [
                        12.098151206970215, 
                        215.2984619140625, 
                        -23.291873931884766
                    ]
                }, 
                {
                    "length": 23.11333656311035, 
                    "direction": [
                        0.26811540126800537, 
                        0.43115997314453125, 
                        -0.8615190386772156
                    ], 
                    "center": [
                        8.456743240356445, 
                        190.2230987548828, 
                        -17.573036193847656
                    ]
                }, 
                {
                    "length": 16.338380813598633, 
                    "direction": [
                        0.24979740381240845, 
                        -0.11025708168745041, 
                        -0.96200031042099
                    ], 
                    "center": [
                        3.317579984664917, 
                        186.1410369873047, 
                        0.2420186996459961
                    ]
                }
            ]
        }, 
        {
            "type": 2, 
            "bone": [
                {
                    "length": 66.7167739868164, 
                    "direction": [
                        -0.06242264807224274, 
                        -0.08284811675548553, 
                        0.9946051836013794
                    ], 
                    "center": [
                        -10.41268539428711, 
                        235.45004272460938, 
                        13.870623588562012
                    ]
                }, 
                {
                    "length": 46.092403411865234, 
                    "direction": [
                        -0.1258210986852646, 
                        0.9663295149803162, 
                        0.2244465947151184
                    ], 
                    "center": [
                        -5.430667877197266, 
                        215.94351196289062, 
                        -24.480443954467773
                    ]
                }, 
                {
                    "length": 27.192764282226562, 
                    "direction": [
                        0.053984396159648895, 
                        0.47230103611946106, 
                        -0.8797826766967773
                    ], 
                    "center": [
                        -3.2649617195129395, 
                        187.25169372558594, 
                        -17.691225051879883
                    ]
                }, 
                {
                    "length": 17.970151901245117, 
                    "direction": [
                        0.12294674664735794, 
                        -0.07206808775663376, 
                        -0.989793062210083
                    ], 
                    "center": [
                        -5.103640079498291, 
                        181.47764587402344, 
                        3.16400146484375
                    ]
                }
            ]
        }, 
        {
            "type": 3, 
            "bone": [
                {
                    "length": 59.900508880615234, 
                    "direction": [
                        0.08850792795419693, 
                        -0.08688315749168396, 
                        0.9922789931297302
                    ], 
                    "center": [
                        -26.787418365478516, 
                        234.97145080566406, 
                        15.784218788146973
                    ]
                }, 
                {
                    "length": 42.7255973815918, 
                    "direction": [
                        -0.17062132060527802, 
                        0.9425625205039978, 
                        0.2871659994125366
                    ], 
                    "center": [
                        -25.793304443359375, 
                        217.43785095214844, 
                        -20.0694580078125
                    ]
                }, 
                {
                    "length": 26.490482330322266, 
                    "direction": [
                        -0.1251821368932724, 
                        0.5065070986747742, 
                        -0.8531001806259155
                    ], 
                    "center": [
                        -20.49028778076172, 
                        190.59326171875, 
                        -14.904610633850098
                    ]
                }, 
                {
                    "length": 17.86687660217285, 
                    "direction": [
                        -0.026175810024142265, 
                        -0.03682306781411171, 
                        -0.9989789128303528
                    ], 
                    "center": [
                        -18.59838104248047, 
                        184.21340942382812, 
                        5.319222927093506
                    ]
                }
            ]
        }, 
        {
            "type": 4, 
            "bone": [
                {
                    "length": 55.44927978515625, 
                    "direction": [
                        0.22591543197631836, 
                        -0.1284080296754837, 
                        0.9656466841697693
                    ], 
                    "center": [
                        -42.04662322998047, 
                        228.88998413085938, 
                        18.908430099487305
                    ]
                }, 
                {
                    "length": 33.812801361083984, 
                    "direction": [
                        -0.2475234419107437, 
                        0.8979086875915527, 
                        0.36399438977241516
                    ], 
                    "center": [
                        -44.12531661987305, 
                        217.2696533203125, 
                        -14.01761245727539
                    ]
                }, 
                {
                    "length": 18.703420639038086, 
                    "direction": [
                        -0.49347445368766785, 
                        0.4489293694496155, 
                        -0.7449466586112976
                    ], 
                    "center": [
                        -35.32575607299805, 
                        197.8909912109375, 
                        -13.204922676086426
                    ]
                }, 
                {
                    "length": 16.482967376708984, 
                    "direction": [
                        -0.34449321031570435, 
                        -0.06635082513093948, 
                        -0.93644118309021
                    ], 
                    "center": [
                        -27.87179183959961, 
                        194.23956298828125, 
                        1.4792671203613281
                    ]
                }
            ]
        }
    ], 
    "hand": {
        "grab_strength": 1.0, 
        "wrist_position": [
            -21.344552993774414, 
            221.13172912597656, 
            53.94203567504883
        ], 
        "palm_width": 87.01065063476562, 
        "palm_velocity": [
            11.100342750549316, 
            -5.589276313781738, 
            6.083466053009033
        ], 
        "palm_normal": [
            -0.02956775575876236, 
            -0.9722691178321838, 
            -0.23198826611042023
        ], 
        "is_left": true, 
        "palm_position": [
            -12.236038208007812, 
            228.76190185546875, 
            2.995621681213379
        ], 
        "pinch_strength": 0.3109678328037262, 
        "is_right": false
    }
}