{
    "timestamp": 33140243188, 
    "id": 507118, 
    "fingers": [
        {
            "type": 0, 
            "bone": [
                {
                    "length": 0.0, 
                    "direction": [
                        0.0, 
                        0.0, 
                        0.0
                    ], 
                    "center": [
                        14.660776138305664, 
                        158.4721221923828, 
                        39.381431579589844
                    ]
                }, 
                {
                    "length": 47.73451232910156, 
                    "direction": [
                        -0.633209764957428, 
                        -0.3441466689109802, 
                        0.6932592391967773
                    ], 
                    "center": [
                        29.773754119873047, 
                        166.6859588623047, 
                        22.835235595703125
                    ]
                }, 
                {
                    "length": 32.604461669921875, 
                    "direction": [
                        -0.2947176992893219, 
                        -0.2428838610649109, 
                        0.9242017865180969
                    ], 
                    "center": [
                        49.69129180908203, 
                        178.85934448242188, 
                        -8.777511596679688
                    ]
                }, 
                {
                    "length": 22.380067825317383, 
                    "direction": [
                        0.516089141368866, 
                        0.08562691509723663, 
                        0.8522440791130066
                    ], 
                    "center": [
                        48.72079086303711, 
                        181.8607177734375, 
                        -33.38070297241211
                    ]
                }
            ]
        }, 
        {
            "type": 1, 
            "bone": [
                {
                    "length": 70.35211944580078, 
                    "direction": [
                        -0.2676354944705963, 
                        -0.2334691435098648, 
                        0.9348065853118896
                    ], 
                    "center": [
                        17.739845275878906, 
                        188.27349853515625, 
                        3.7424259185791016
                    ]
                }, 
                {
                    "length": 41.08348846435547, 
                    "direction": [
                        0.021276643499732018, 
                        0.9393675923347473, 
                        0.3422510325908661
                    ], 
                    "center": [
                        26.717147827148438, 
                        177.1897735595703, 
                        -36.17081832885742
                    ]
                }, 
                {
                    "length": 23.11333465576172, 
                    "direction": [
                        0.32919272780418396, 
                        0.5290695428848267, 
                        -0.7821236252784729
                    ], 
                    "center": [
                        22.475717544555664, 
                        151.77923583984375, 
                        -34.16250991821289
                    ]
                }, 
                {
                    "length": 16.338380813598633, 
                    "direction": [
                        0.31046804785728455, 
                        0.008343667723238468, 
                        -0.9505471587181091
                    ], 
                    "center": [
                        16.135074615478516, 
                        145.5968017578125, 
                        -17.358566284179688
                    ]
                }
            ]
        }, 
        {
            "type": 2, 
            "bone": [
                {
                    "length": 66.7167739868164, 
                    "direction": [
                        -0.1333652287721634, 
                        -0.2460649013519287, 
                        0.960034191608429
                    ], 
                    "center": [
                        1.8049800395965576, 
                        191.3468780517578, 
                        1.6255435943603516
                    ]
                }, 
                {
                    "length": 46.092403411865234, 
                    "direction": [
                        -0.13298535346984863, 
                        0.9326559901237488, 
                        0.3353618383407593
                    ], 
                    "center": [
                        9.318635940551758, 
                        178.06103515625, 
                        -38.12846755981445
                    ]
                }, 
                {
                    "length": 27.19277000427246, 
                    "direction": [
                        0.10796160250902176, 
                        0.5624706745147705, 
                        -0.8197383880615234
                    ], 
                    "center": [
                        10.915555953979492, 
                        148.91928100585938, 
                        -34.71180725097656
                    ]
                }, 
                {
                    "length": 17.970151901245117, 
                    "direction": [
                        0.17806734144687653, 
                        0.03879962116479874, 
                        -0.9832531213760376
                    ], 
                    "center": [
                        7.847719192504883, 
                        140.923095703125, 
                        -14.73172378540039
                    ]
                }
            ]
        }, 
        {
            "type": 3, 
            "bone": [
                {
                    "length": 59.900508880615234, 
                    "direction": [
                        0.017346376553177834, 
                        -0.2514120042324066, 
                        0.967724621295929
                    ], 
                    "center": [
                        -14.66454029083252, 
                        190.7476806640625, 
                        2.2725744247436523
                    ]
                }, 
                {
                    "length": 42.7255744934082, 
                    "direction": [
                        -0.18739433586597443, 
                        0.9006139039993286, 
                        0.39214515686035156
                    ], 
                    "center": [
                        -11.180803298950195, 
                        179.03790283203125, 
                        -35.088340759277344
                    ]
                }, 
                {
                    "length": 26.490488052368164, 
                    "direction": [
                        -0.0790288895368576, 
                        0.5957338213920593, 
                        -0.7992844581604004
                    ], 
                    "center": [
                        -6.130780220031738, 
                        151.9076385498047, 
                        -32.878936767578125
                    ]
                }, 
                {
                    "length": 17.86687660217285, 
                    "direction": [
                        0.027714019641280174, 
                        0.07690851390361786, 
                        -0.9966528415679932
                    ], 
                    "center": [
                        -5.331604957580566, 
                        143.32994079589844, 
                        -13.388680458068848
                    ]
                }
            ]
        }, 
        {
            "type": 4, 
            "bone": [
                {
                    "length": 55.44927978515625, 
                    "direction": [
                        0.15631811320781708, 
                        -0.28953495621681213, 
                        0.9443167448043823
                    ], 
                    "center": [
                        -30.106403350830078, 
                        184.40980529785156, 
                        3.256685256958008
                    ]
                }, 
                {
                    "length": 33.812801361083984, 
                    "direction": [
                        -0.29258909821510315, 
                        0.8427257537841797, 
                        0.4518904387950897
                    ], 
                    "center": [
                        -29.493637084960938, 
                        178.18960571289062, 
                        -30.563997268676758
                    ]
                }, 
                {
                    "length": 18.703413009643555, 
                    "direction": [
                        -0.41161486506462097, 
                        0.5355379581451416, 
                        -0.7374091744422913
                    ], 
                    "center": [
                        -20.697708129882812, 
                        158.93394470214844, 
                        -31.307804107666016
                    ]
                }, 
                {
                    "length": 16.482969284057617, 
                    "direction": [
                        -0.23890410363674164, 
                        0.05448850244283676, 
                        -0.9695131182670593
                    ], 
                    "center": [
                        -14.879481315612793, 
                        153.4766845703125, 
                        -16.42154312133789
                    ]
                }
            ]
        }
    ], 
    "hand": {
        "grab_strength": 1.0, 
        "wrist_position": [
            -11.960472106933594, 
            170.7036895751953, 
            37.883087158203125
        ], 
        "palm_width": 87.01065063476562, 
        "palm_velocity": [
            20.812822341918945, 
            17.140321731567383, 
            8.282063484191895
        ], 
        "palm_normal": [
            -0.012631881982088089, 
            -0.919861912727356, 
            -0.39203888177871704
        ], 
        "is_left": true, 
        "palm_position": [
            0.7658401131629944, 
            186.57835388183594, 
            -10.311915397644043
        ], 
        "pinch_strength": 0.21275022625923157, 
        "is_right": false
    }
}