{
    "timestamp": 33140323518, 
    "id": 507125, 
    "fingers": [
        {
            "type": 0, 
            "bone": [
                {
                    "length": 0.0, 
                    "direction": [
                        0.0, 
                        0.0, 
                        0.0
                    ], 
                    "center": [
                        15.784683227539062, 
                        158.71719360351562, 
                        40.06947326660156
                    ]
                }, 
                {
                    "length": 47.73450469970703, 
                    "direction": [
                        -0.6210938692092896, 
                        -0.2594238519668579, 
                        0.7395551800727844
                    ], 
                    "center": [
                        30.60848617553711, 
                        164.908935546875, 
                        22.418323516845703
                    ]
                }, 
                {
                    "length": 32.604469299316406, 
                    "direction": [
                        -0.32203423976898193, 
                        -0.18584434688091278, 
                        0.9283080101013184
                    ], 
                    "center": [
                        50.682167053222656, 
                        174.13034057617188, 
                        -10.36631965637207
                    ]
                }, 
                {
                    "length": 22.38007164001465, 
                    "direction": [
                        0.5287429690361023, 
                        0.08193698525428772, 
                        0.8448178768157959
                    ], 
                    "center": [
                        50.0153923034668, 
                        176.24313354492188, 
                        -34.9533576965332
                    ]
                }
            ]
        }, 
        {
            "type": 1, 
            "bone": [
                {
                    "length": 70.35211181640625, 
                    "direction": [
                        -0.27170249819755554, 
                        -0.23006439208984375, 
                        0.9344774484634399
                    ], 
                    "center": [
                        19.885025024414062, 
                        188.6632080078125, 
                        4.655280113220215
                    ]
                }, 
                {
                    "length": 41.08348846435547, 
                    "direction": [
                        0.06222762539982796, 
                        0.9348642230033875, 
                        0.3495088815689087
                    ], 
                    "center": [
                        28.1641845703125, 
                        177.55221557617188, 
                        -35.39547348022461
                    ]
                }, 
                {
                    "length": 23.113338470458984, 
                    "direction": [
                        0.34370332956314087, 
                        0.5206720232963562, 
                        -0.7815169095993042
                    ], 
                    "center": [
                        22.91385269165039, 
                        152.33123779296875, 
                        -33.54326629638672
                    ]
                }, 
                {
                    "length": 16.33837890625, 
                    "direction": [
                        0.30214279890060425, 
                        0.0019014673307538033, 
                        -0.9532607197761536
                    ], 
                    "center": [
                        16.473526000976562, 
                        146.29847717285156, 
                        -16.724163055419922
                    ]
                }
            ]
        }, 
        {
            "type": 2, 
            "bone": [
                {
                    "length": 66.7167739868164, 
                    "direction": [
                        -0.13792315125465393, 
                        -0.24837853014469147, 
                        0.9587936997413635
                    ], 
                    "center": [
                        4.078363418579102, 
                        192.40650939941406, 
                        2.6593122482299805
                    ]
                }, 
                {
                    "length": 46.092411041259766, 
                    "direction": [
                        -0.09059897065162659, 
                        0.937776505947113, 
                        0.33521196246147156
                    ], 
                    "center": [
                        10.767219543457031, 
                        179.079833984375, 
                        -37.049861907958984
                    ]
                }, 
                {
                    "length": 27.19277000427246, 
                    "direction": [
                        0.12253224849700928, 
                        0.5544835329055786, 
                        -0.8231244683265686
                    ], 
                    "center": [
                        11.189187049865723, 
                        149.9286651611328, 
                        -33.583709716796875
                    ]
                }, 
                {
                    "length": 17.970151901245117, 
                    "direction": [
                        0.16882270574569702, 
                        0.029955202713608742, 
                        -0.9851911664009094
                    ], 
                    "center": [
                        8.006306648254395, 
                        142.12054443359375, 
                        -13.540175437927246
                    ]
                }
            ]
        }, 
        {
            "type": 3, 
            "bone": [
                {
                    "length": 59.90050506591797, 
                    "direction": [
                        0.012482010759413242, 
                        -0.25997981429100037, 
                        0.9655333757400513
                    ], 
                    "center": [
                        -12.397923469543457, 
                        192.4793701171875, 
                        3.400568962097168
                    ]
                }, 
                {
                    "length": 42.7255973815918, 
                    "direction": [
                        -0.1482711285352707, 
                        0.9078890085220337, 
                        0.39211374521255493
                    ], 
                    "center": [
                        -9.604276657104492, 
                        180.87078857421875, 
                        -33.894046783447266
                    ]
                }, 
                {
                    "length": 26.490474700927734, 
                    "direction": [
                        -0.056757256388664246, 
                        0.5966067910194397, 
                        -0.800524115562439
                    ], 
                    "center": [
                        -5.685027122497559, 
                        153.57354736328125, 
                        -31.66756248474121
                    ]
                }, 
                {
                    "length": 17.86687660217285, 
                    "direction": [
                        0.02720915526151657, 
                        0.07570178061723709, 
                        -0.9967591762542725
                    ], 
                    "center": [
                        -5.176335334777832, 
                        144.99505615234375, 
                        -12.159943580627441
                    ]
                }
            ]
        }, 
        {
            "type": 4, 
            "bone": [
                {
                    "length": 55.44927978515625, 
                    "direction": [
                        0.14963208138942719, 
                        -0.3035861551761627, 
                        0.9409812688827515
                    ], 
                    "center": [
                        -28.081676483154297, 
                        186.7735595703125, 
                        4.426194190979004
                    ]
                }, 
                {
                    "length": 33.81281280517578, 
                    "direction": [
                        -0.2557643949985504, 
                        0.8509503602981567, 
                        0.4587680399417877
                    ], 
                    "center": [
                        -27.90611457824707, 
                        180.80386352539062, 
                        -29.418292999267578
                    ]
                }, 
                {
                    "length": 18.703413009643555, 
                    "direction": [
                        -0.3929249346256256, 
                        0.5561466217041016, 
                        -0.7323325872421265
                    ], 
                    "center": [
                        -19.90753936767578, 
                        161.2164306640625, 
                        -30.325851440429688
                    ]
                }, 
                {
                    "length": 16.482967376708984, 
                    "direction": [
                        -0.24109557271003723, 
                        0.07018519937992096, 
                        -0.9679602384567261
                    ], 
                    "center": [
                        -14.2460355758667, 
                        155.4370880126953, 
                        -15.49986457824707
                    ]
                }
            ]
        }
    ], 
    "hand": {
        "grab_strength": 1.0, 
        "wrist_position": [
            -10.318757057189941, 
            172.04470825195312, 
            38.830543518066406
        ], 
        "palm_width": 87.01065063476562, 
        "palm_velocity": [
            28.701438903808594, 
            17.088499069213867, 
            17.973825454711914
        ], 
        "palm_normal": [
            -0.052700627595186234, 
            -0.9152616262435913, 
            -0.39939799904823303
        ], 
        "is_left": true, 
        "palm_position": [
            2.776090621948242, 
            187.7845001220703, 
            -9.309932708740234
        ], 
        "pinch_strength": 0.27225229144096375, 
        "is_right": false
    }
}