{
    "timestamp": 33140392384, 
    "id": 507131, 
    "fingers": [
        {
            "type": 0, 
            "bone": [
                {
                    "length": 0.0, 
                    "direction": [
                        0.0, 
                        0.0, 
                        0.0
                    ], 
                    "center": [
                        17.16632652282715, 
                        161.0029754638672, 
                        42.72230911254883
                    ]
                }, 
                {
                    "length": 47.73450469970703, 
                    "direction": [
                        -0.6014357805252075, 
                        -0.17719048261642456, 
                        0.7790241837501526
                    ], 
                    "center": [
                        31.520946502685547, 
                        165.23202514648438, 
                        24.12914276123047
                    ]
                }, 
                {
                    "length": 32.60446548461914, 
                    "direction": [
                        -0.32796192169189453, 
                        -0.12919288873672485, 
                        0.9358152747154236
                    ], 
                    "center": [
                        51.222076416015625, 
                        171.56719970703125, 
                        -9.719902038574219
                    ]
                }, 
                {
                    "length": 22.380069732666016, 
                    "direction": [
                        0.5156350135803223, 
                        0.05484351888298988, 
                        0.8550513386726379
                    ], 
                    "center": [
                        50.798614501953125, 
                        173.05963134765625, 
                        -34.5438346862793
                    ]
                }
            ]
        }, 
        {
            "type": 1, 
            "bone": [
                {
                    "length": 70.35211944580078, 
                    "direction": [
                        -0.26034554839134216, 
                        -0.19494549930095673, 
                        0.9456301331520081
                    ], 
                    "center": [
                        22.36931610107422, 
                        190.00564575195312, 
                        6.67350959777832
                    ]
                }, 
                {
                    "length": 41.083492279052734, 
                    "direction": [
                        0.13923794031143188, 
                        0.9336318373680115, 
                        0.33006712794303894
                    ], 
                    "center": [
                        28.667057037353516, 
                        177.68463134765625, 
                        -33.37018585205078
                    ]
                }, 
                {
                    "length": 23.11332893371582, 
                    "direction": [
                        0.355727881193161, 
                        0.4807852804660797, 
                        -0.8014380931854248
                    ], 
                    "center": [
                        21.695838928222656, 
                        152.94992065429688, 
                        -30.888389587402344
                    ]
                }, 
                {
                    "length": 16.338380813598633, 
                    "direction": [
                        0.2718780040740967, 
                        -0.03678162395954132, 
                        -0.9616285562515259
                    ], 
                    "center": [
                        15.363786697387695, 
                        147.69412231445312, 
                        -13.770711898803711
                    ]
                }
            ]
        }, 
        {
            "type": 2, 
            "bone": [
                {
                    "length": 66.7167739868164, 
                    "direction": [
                        -0.12756815552711487, 
                        -0.22243048250675201, 
                        0.9665666222572327
                    ], 
                    "center": [
                        6.819050312042236, 
                        194.84230041503906, 
                        5.04788875579834
                    ]
                }, 
                {
                    "length": 46.09239959716797, 
                    "direction": [
                        -0.013470149599015713, 
                        0.9470659494400024, 
                        0.32075634598731995
                    ], 
                    "center": [
                        11.384954452514648, 
                        180.43594360351562, 
                        -34.58742904663086
                    ]
                }, 
                {
                    "length": 27.192768096923828, 
                    "direction": [
                        0.13532593846321106, 
                        0.5303053855895996, 
                        -0.8369367122650146
                    ], 
                    "center": [
                        9.855445861816406, 
                        151.39944458007812, 
                        -30.600330352783203
                    ]
                }, 
                {
                    "length": 17.970151901245117, 
                    "direction": [
                        0.13919751346111298, 
                        0.0006682562525384128, 
                        -0.9902644157409668
                    ], 
                    "center": [
                        6.764802932739258, 
                        144.18319702148438, 
                        -10.323416709899902
                    ]
                }
            ]
        }, 
        {
            "type": 3, 
            "bone": [
                {
                    "length": 59.900508880615234, 
                    "direction": [
                        0.021757472306489944, 
                        -0.2446971833705902, 
                        0.9693553447723389
                    ], 
                    "center": [
                        -9.581768989562988, 
                        196.11044311523438, 
                        6.242767333984375
                    ]
                }, 
                {
                    "length": 42.725582122802734, 
                    "direction": [
                        -0.0717429667711258, 
                        0.9222061634063721, 
                        0.37998509407043457
                    ], 
                    "center": [
                        -8.700780868530273, 
                        183.73829650878906, 
                        -30.907215118408203
                    ]
                }, 
                {
                    "length": 26.490488052368164, 
                    "direction": [
                        -0.03698800131678581, 
                        0.5860885381698608, 
                        -0.8094022870063782
                    ], 
                    "center": [
                        -6.67823600769043, 
                        156.27450561523438, 
                        -28.304027557373047
                    ]
                }, 
                {
                    "length": 17.86687660217285, 
                    "direction": [
                        0.0039357286877930164, 
                        0.0569840744137764, 
                        -0.9983673095703125
                    ], 
                    "center": [
                        -6.223480224609375, 
                        148.0025634765625, 
                        -8.664443016052246
                    ]
                }
            ]
        }, 
        {
            "type": 4, 
            "bone": [
                {
                    "length": 55.44927978515625, 
                    "direction": [
                        0.15468065440654755, 
                        -0.29843083024024963, 
                        0.9418136477470398
                    ], 
                    "center": [
                        -25.596532821655273, 
                        191.563232421875, 
                        7.80427360534668
                    ]
                }, 
                {
                    "length": 33.81280517578125, 
                    "direction": [
                        -0.181311696767807, 
                        0.8745904564857483, 
                        0.4496861398220062
                    ], 
                    "center": [
                        -26.819669723510742, 
                        185.0509490966797, 
                        -25.909746170043945
                    ]
                }, 
                {
                    "length": 18.703418731689453, 
                    "direction": [
                        -0.3727528154850006, 
                        0.5701950192451477, 
                        -0.7320743203163147
                    ], 
                    "center": [
                        -20.268465042114258, 
                        164.93246459960938, 
                        -26.666175842285156
                    ]
                }, 
                {
                    "length": 16.482967376708984, 
                    "direction": [
                        -0.262550950050354, 
                        0.0705304965376854, 
                        -0.9623369574546814
                    ], 
                    "center": [
                        -14.618780136108398, 
                        159.01889038085938, 
                        -11.888944625854492
                    ]
                }
            ]
        }
    ], 
    "hand": {
        "grab_strength": 1.0, 
        "wrist_position": [
            -7.944447040557861, 
            176.14967346191406, 
            41.96486282348633
        ], 
        "palm_width": 87.01065063476562, 
        "palm_velocity": [
            23.975053787231445, 
            25.43886375427246, 
            29.641033172607422
        ], 
        "palm_normal": [
            -0.1293785125017166, 
            -0.9153942465782166, 
            -0.38120147585868835
        ], 
        "is_left": true, 
        "palm_position": [
            4.845429420471191, 
            190.1345672607422, 
            -6.795406341552734
        ], 
        "pinch_strength": 0.2664874196052551, 
        "is_right": false
    }
}