{
    "timestamp": 33140381785, 
    "id": 507130, 
    "fingers": [
        {
            "type": 0, 
            "bone": [
                {
                    "length": 0.0, 
                    "direction": [
                        0.0, 
                        0.0, 
                        0.0
                    ], 
                    "center": [
                        17.029130935668945, 
                        160.86477661132812, 
                        42.51580047607422
                    ]
                }, 
                {
                    "length": 47.73451232910156, 
                    "direction": [
                        -0.6046000719070435, 
                        -0.1859523057937622, 
                        0.7745195031166077
                    ], 
                    "center": [
                        31.459274291992188, 
                        165.30294799804688, 
                        24.0301456451416
                    ]
                }, 
                {
                    "length": 32.60446548461914, 
                    "direction": [
                        -0.32632872462272644, 
                        -0.135667622089386, 
                        0.9354698657989502
                    ], 
                    "center": [
                        51.20930480957031, 
                        171.9528045654297, 
                        -9.705757141113281
                    ]
                }, 
                {
                    "length": 22.380069732666016, 
                    "direction": [
                        0.522827684879303, 
                        0.05708187818527222, 
                        0.8505250215530396
                    ], 
                    "center": [
                        50.678733825683594, 
                        173.52574157714844, 
                        -34.473411560058594
                    ]
                }
            ]
        }, 
        {
            "type": 1, 
            "bone": [
                {
                    "length": 70.35211181640625, 
                    "direction": [
                        -0.2621408700942993, 
                        -0.19805768132209778, 
                        0.9444867372512817
                    ], 
                    "center": [
                        22.18621063232422, 
                        189.96070861816406, 
                        6.535627365112305
                    ]
                }, 
                {
                    "length": 41.08348846435547, 
                    "direction": [
                        0.13328787684440613, 
                        0.9337518811225891, 
                        0.33217722177505493
                    ], 
                    "center": [
                        28.669326782226562, 
                        177.7467041015625, 
                        -33.511192321777344
                    ]
                }, 
                {
                    "length": 23.113330841064453, 
                    "direction": [
                        0.35563895106315613, 
                        0.48417985439300537, 
                        -0.7994315028190613
                    ], 
                    "center": [
                        21.821361541748047, 
                        152.97030639648438, 
                        -31.095932006835938
                    ]
                }, 
                {
                    "length": 16.338380813598633, 
                    "direction": [
                        0.27503931522369385, 
                        -0.03348860889673233, 
                        -0.9608496427536011
                    ], 
                    "center": [
                        15.46451187133789, 
                        147.64837646484375, 
                        -14.007804870605469
                    ]
                }
            ]
        }, 
        {
            "type": 2, 
            "bone": [
                {
                    "length": 66.7167739868164, 
                    "direction": [
                        -0.1292828917503357, 
                        -0.2248767614364624, 
                        0.9657723903656006
                    ], 
                    "center": [
                        6.615446090698242, 
                        194.71788024902344, 
                        4.8720550537109375
                    ]
                }, 
                {
                    "length": 46.092403411865234, 
                    "direction": [
                        -0.019454604014754295, 
                        0.9464213252067566, 
                        0.32234811782836914
                    ], 
                    "center": [
                        11.376469612121582, 
                        180.40798950195312, 
                        -34.77345275878906
                    ]
                }, 
                {
                    "length": 27.192771911621094, 
                    "direction": [
                        0.13513144850730896, 
                        0.5325627326965332, 
                        -0.835533618927002
                    ], 
                    "center": [
                        9.98752498626709, 
                        151.35565185546875, 
                        -30.842117309570312
                    ]
                }, 
                {
                    "length": 17.97015380859375, 
                    "direction": [
                        0.14227983355522156, 
                        0.0033166566863656044, 
                        -0.9898208975791931
                    ], 
                    "center": [
                        6.871830463409424, 
                        144.0849151611328, 
                        -10.588263511657715
                    ]
                }
            ]
        }, 
        {
            "type": 3, 
            "bone": [
                {
                    "length": 59.900508880615234, 
                    "direction": [
                        0.02014973945915699, 
                        -0.2463567852973938, 
                        0.9689696431159973
                    ], 
                    "center": [
                        -9.795377731323242, 
                        195.8968963623047, 
                        6.019916534423828
                    ]
                }, 
                {
                    "length": 42.72559356689453, 
                    "direction": [
                        -0.0777701735496521, 
                        0.9212934374809265, 
                        0.38101211190223694
                    ], 
                    "center": [
                        -8.737479209899902, 
                        183.59393310546875, 
                        -31.140457153320312
                    ]
                }, 
                {
                    "length": 26.490482330322266, 
                    "direction": [
                        -0.03772978484630585, 
                        0.5871180295944214, 
                        -0.8086215257644653
                    ], 
                    "center": [
                        -6.576350688934326, 
                        156.13601684570312, 
                        -28.56955337524414
                    ]
                }, 
                {
                    "length": 17.86687660217285, 
                    "direction": [
                        0.006546087563037872, 
                        0.058760449290275574, 
                        -0.9982506036758423
                    ], 
                    "center": [
                        -6.135089874267578, 
                        147.83456420898438, 
                        -8.941356658935547
                    ]
                }
            ]
        }, 
        {
            "type": 4, 
            "bone": [
                {
                    "length": 55.449283599853516, 
                    "direction": [
                        0.1534380465745926, 
                        -0.2993347942829132, 
                        0.9417299628257751
                    ], 
                    "center": [
                        -25.790401458740234, 
                        191.2620086669922, 
                        7.524982452392578
                    ]
                }, 
                {
                    "length": 33.812808990478516, 
                    "direction": [
                        -0.18726412951946259, 
                        0.8727704286575317, 
                        0.45078158378601074
                    ], 
                    "center": [
                        -26.87845230102539, 
                        184.8055419921875, 
                        -26.20524024963379
                    ]
                }, 
                {
                    "length": 18.70341682434082, 
                    "direction": [
                        -0.3736698627471924, 
                        0.5696966052055359, 
                        -0.7319949865341187
                    ], 
                    "center": [
                        -20.21803855895996, 
                        164.72250366210938, 
                        -26.980932235717773
                    ]
                }, 
                {
                    "length": 16.482967376708984, 
                    "direction": [
                        -0.2601865231990814, 
                        0.0711294487118721, 
                        -0.9629349112510681
                    ], 
                    "center": [
                        -14.579263687133789, 
                        158.80865478515625, 
                        -12.199516296386719
                    ]
                }
            ]
        }
    ], 
    "hand": {
        "grab_strength": 1.0, 
        "wrist_position": [
            -8.159261703491211, 
            175.87954711914062, 
            41.71040344238281
        ], 
        "palm_width": 87.01065063476562, 
        "palm_velocity": [
            28.78721809387207, 
            32.22437286376953, 
            35.0118522644043
        ], 
        "palm_normal": [
            -0.12337713688611984, 
            -0.915365993976593, 
            -0.38325342535972595
        ], 
        "is_left": true, 
        "palm_position": [
            4.702336311340332, 
            190.021484375, 
            -6.985665321350098
        ], 
        "pinch_strength": 0.26927003264427185, 
        "is_right": false
    }
}