{
    "timestamp": 33140484192, 
    "id": 507139, 
    "fingers": [
        {
            "type": 0, 
            "bone": [
                {
                    "length": 0.0, 
                    "direction": [
                        0.0, 
                        0.0, 
                        0.0
                    ], 
                    "center": [
                        17.351245880126953, 
                        159.52420043945312, 
                        44.4091796875
                    ]
                }, 
                {
                    "length": 47.73451232910156, 
                    "direction": [
                        -0.5957820415496826, 
                        -0.11001432687044144, 
                        0.7955756187438965
                    ], 
                    "center": [
                        31.5709285736084, 
                        162.14993286132812, 
                        25.42097282409668
                    ]
                }, 
                {
                    "length": 32.60446548461914, 
                    "direction": [
                        -0.353040486574173, 
                        -0.08718735724687576, 
                        0.9315367937088013
                    ], 
                    "center": [
                        51.54595947265625, 
                        166.197021484375, 
                        -8.753363609313965
                    ]
                }, 
                {
                    "length": 22.380069732666016, 
                    "direction": [
                        0.45213720202445984, 
                        0.011986089870333672, 
                        0.8918679356575012
                    ], 
                    "center": [
                        52.24187469482422, 
                        167.4842529296875, 
                        -33.919525146484375
                    ]
                }
            ]
        }, 
        {
            "type": 1, 
            "bone": [
                {
                    "length": 70.35211181640625, 
                    "direction": [
                        -0.26400208473205566, 
                        -0.18940848112106323, 
                        0.9457417130470276
                    ], 
                    "center": [
                        24.163776397705078, 
                        188.58346557617188, 
                        8.67557430267334
                    ]
                }, 
                {
                    "length": 41.08348846435547, 
                    "direction": [
                        0.20519907772541046, 
                        0.9176501631736755, 
                        0.3403109312057495
                    ], 
                    "center": [
                        29.23518180847168, 
                        176.39596557617188, 
                        -31.582469940185547
                    ]
                }, 
                {
                    "length": 23.11333465576172, 
                    "direction": [
                        0.3795982897281647, 
                        0.46573060750961304, 
                        -0.7993748784065247
                    ], 
                    "center": [
                        20.63314437866211, 
                        152.16354370117188, 
                        -29.334941864013672
                    ]
                }, 
                {
                    "length": 16.33837890625, 
                    "direction": [
                        0.25921332836151123, 
                        -0.04317246004939079, 
                        -0.9648547172546387
                    ], 
                    "center": [
                        14.12868881225586, 
                        147.13394165039062, 
                        -12.214751243591309
                    ]
                }
            ]
        }, 
        {
            "type": 2, 
            "bone": [
                {
                    "length": 66.7167739868164, 
                    "direction": [
                        -0.13319632411003113, 
                        -0.22606948018074036, 
                        0.9649618864059448
                    ], 
                    "center": [
                        8.961647033691406, 
                        194.48004150390625, 
                        7.271161079406738
                    ]
                }, 
                {
                    "length": 46.09241485595703, 
                    "direction": [
                        0.05256479233503342, 
                        0.939046323299408, 
                        0.33974844217300415
                    ], 
                    "center": [
                        12.193442344665527, 
                        180.37991333007812, 
                        -32.748321533203125
                    ]
                }, 
                {
                    "length": 27.19276237487793, 
                    "direction": [
                        0.16240566968917847, 
                        0.5359230041503906, 
                        -0.8284991979598999
                    ], 
                    "center": [
                        8.773893356323242, 
                        151.45184326171875, 
                        -29.313644409179688
                    ]
                }, 
                {
                    "length": 17.970151901245117, 
                    "direction": [
                        0.12912802398204803, 
                        0.006899937056005001, 
                        -0.9916039109230042
                    ], 
                    "center": [
                        5.405539512634277, 
                        144.1032257080078, 
                        -9.139416694641113
                    ]
                }
            ]
        }, 
        {
            "type": 3, 
            "bone": [
                {
                    "length": 59.900508880615234, 
                    "direction": [
                        0.014300773851573467, 
                        -0.25840169191360474, 
                        0.9659316539764404
                    ], 
                    "center": [
                        -7.303821563720703, 
                        196.83670043945312, 
                        8.650846481323242
                    ]
                }, 
                {
                    "length": 42.7255744934082, 
                    "direction": [
                        -0.005754155572503805, 
                        0.9212027192115784, 
                        0.38904041051864624
                    ], 
                    "center": [
                        -7.609208583831787, 
                        184.8964385986328, 
                        -28.59004020690918
                    ]
                }, 
                {
                    "length": 26.490488052368164, 
                    "direction": [
                        -0.003970995545387268, 
                        0.5922316908836365, 
                        -0.8057578802108765
                    ], 
                    "center": [
                        -7.433687210083008, 
                        157.3727264404297, 
                        -26.22856903076172
                    ]
                }, 
                {
                    "length": 17.86687469482422, 
                    "direction": [
                        -0.0006536240689456463, 
                        0.06243448331952095, 
                        -0.9980489015579224
                    ], 
                    "center": [
                        -7.375250816345215, 
                        148.97071838378906, 
                        -6.640101432800293
                    ]
                }
            ]
        }, 
        {
            "type": 4, 
            "bone": [
                {
                    "length": 55.44927978515625, 
                    "direction": [
                        0.14301899075508118, 
                        -0.3206186890602112, 
                        0.9363489151000977
                    ], 
                    "center": [
                        -23.57404327392578, 
                        193.36085510253906, 
                        10.320131301879883
                    ]
                }, 
                {
                    "length": 33.812808990478516, 
                    "direction": [
                        -0.11935722082853317, 
                        0.8796482682228088, 
                        0.46040505170822144
                    ], 
                    "center": [
                        -25.52129364013672, 
                        187.37820434570312, 
                        -23.423599243164062
                    ]
                }, 
                {
                    "length": 18.703413009643555, 
                    "direction": [
                        -0.3327898681163788, 
                        0.5972979068756104, 
                        -0.729716420173645
                    ], 
                    "center": [
                        -20.391239166259766, 
                        166.92076110839844, 
                        -24.38330078125
                    ]
                }, 
                {
                    "length": 16.482967376708984, 
                    "direction": [
                        -0.256014883518219, 
                        0.0898810476064682, 
                        -0.9624852538108826
                    ], 
                    "center": [
                        -15.169142723083496, 
                        160.59425354003906, 
                        -9.626899719238281
                    ]
                }
            ]
        }
    ], 
    "hand": {
        "grab_strength": 1.0, 
        "wrist_position": [
            -6.683477401733398, 
            176.34039306640625, 
            44.10078811645508
        ], 
        "palm_width": 87.01065063476562, 
        "palm_velocity": [
            23.471132278442383, 
            -9.673979759216309, 
            25.754043579101562
        ], 
        "palm_normal": [
            -0.19459280371665955, 
            -0.8994505405426025, 
            -0.3913085162639618
        ], 
        "is_left": true, 
        "palm_position": [
            6.562446594238281, 
            190.0732879638672, 
            -4.609325885772705
        ], 
        "pinch_strength": 0.24993306398391724, 
        "is_right": false
    }
}