{
    "timestamp": 33129468531, 
    "id": 506212, 
    "fingers": [
        {
            "type": 0, 
            "bone": [
                {
                    "length": 0.0, 
                    "direction": [
                        0.0, 
                        0.0, 
                        0.0
                    ], 
                    "center": [
                        5.551441192626953, 
                        209.33505249023438, 
                        55.694358825683594
                    ]
                }, 
                {
                    "length": 47.7345085144043, 
                    "direction": [
                        -0.5575039386749268, 
                        -0.03567176312208176, 
                        0.8294075727462769
                    ], 
                    "center": [
                        18.857528686523438, 
                        210.18643188476562, 
                        35.898677825927734
                    ]
                }, 
                {
                    "length": 32.60446548461914, 
                    "direction": [
                        -0.25191593170166016, 
                        0.07514017820358276, 
                        0.9648275375366211
                    ], 
                    "center": [
                        36.270408630371094, 
                        209.8128662109375, 
                        0.37415075302124023
                    ]
                }, 
                {
                    "length": 22.380069732666016, 
                    "direction": [
                        0.42590469121932983, 
                        0.25931474566459656, 
                        0.8668109178543091
                    ], 
                    "center": [
                        35.61131286621094, 
                        205.68618774414062, 
                        -25.054338455200195
                    ]
                }
            ]
        }, 
        {
            "type": 1, 
            "bone": [
                {
                    "length": 70.35211181640625, 
                    "direction": [
                        -0.19804812967777252, 
                        -0.07367919385433197, 
                        0.9774191379547119
                    ], 
                    "center": [
                        5.7650580406188965, 
                        232.75741577148438, 
                        15.456457138061523
                    ]
                }, 
                {
                    "length": 41.08348846435547, 
                    "direction": [
                        0.028127335011959076, 
                        0.978975772857666, 
                        0.20202770829200745
                    ], 
                    "center": [
                        12.153825759887695, 
                        215.23928833007812, 
                        -23.075298309326172
                    ]
                }, 
                {
                    "length": 23.11332893371582, 
                    "direction": [
                        0.2681041359901428, 
                        0.4268452227115631, 
                        -0.8636684417724609
                    ], 
                    "center": [
                        8.477651596069336, 
                        190.19651794433594, 
                        -17.244173049926758
                    ]
                }, 
                {
                    "length": 16.338380813598633, 
                    "direction": [
                        0.24895788729190826, 
                        -0.11381252855062485, 
                        -0.9618038535118103
                    ], 
                    "center": [
                        3.34547758102417, 
                        186.193359375, 
                        0.5941126346588135
                    ]
                }
            ]
        }, 
        {
            "type": 2, 
            "bone": [
                {
                    "length": 66.7167739868164, 
                    "direction": [
                        -0.062195535749197006, 
                        -0.08201126754283905, 
                        0.9946888089179993
                    ], 
                    "center": [
                        -10.312807083129883, 
                        235.44920349121094, 
                        14.00616455078125
                    ]
                }, 
                {
                    "length": 46.0923957824707, 
                    "direction": [
                        -0.12504929304122925, 
                        0.9668603539466858, 
                        0.22258415818214417
                    ], 
                    "center": [
                        -5.356153964996338, 
                        215.9025115966797, 
                        -24.304767608642578
                    ]
                }, 
                {
                    "length": 27.192766189575195, 
                    "direction": [
                        0.054288726300001144, 
                        0.47034600377082825, 
                        -0.8808106184005737
                    ], 
                    "center": [
                        -3.212373733520508, 
                        187.2250518798828, 
                        -17.458646774291992
                    ]
                }, 
                {
                    "length": 17.970151901245117, 
                    "direction": [
                        0.12277872860431671, 
                        -0.07402105629444122, 
                        -0.9896697402000427
                    ], 
                    "center": [
                        -5.053680419921875, 
                        181.49513244628906, 
                        3.409449338912964
                    ]
                }
            ]
        }, 
        {
            "type": 3, 
            "bone": [
                {
                    "length": 59.9005126953125, 
                    "direction": [
                        0.08873174339532852, 
                        -0.08614442497491837, 
                        0.9923234581947327
                    ], 
                    "center": [
                        -26.687301635742188, 
                        234.9825439453125, 
                        15.9247407913208
                    ]
                }, 
                {
                    "length": 42.725582122802734, 
                    "direction": [
                        -0.1704692840576172, 
                        0.9441235065460205, 
                        0.2820833623409271
                    ], 
                    "center": [
                        -25.703140258789062, 
                        217.3934783935547, 
                        -19.821685791015625
                    ]
                }, 
                {
                    "length": 26.4904842376709, 
                    "direction": [
                        -0.1236957460641861, 
                        0.5019007325172424, 
                        -0.8560345768928528
                    ], 
                    "center": [
                        -20.42306137084961, 
                        190.57656860351562, 
                        -14.509389877319336
                    ]
                }, 
                {
                    "length": 17.86687660217285, 
                    "direction": [
                        -0.0250555407255888, 
                        -0.040882255882024765, 
                        -0.9988497495651245
                    ], 
                    "center": [
                        -18.560848236083984, 
                        184.2939910888672, 
                        5.7521562576293945
                    ]
                }
            ]
        }, 
        {
            "type": 4, 
            "bone": [
                {
                    "length": 55.44927978515625, 
                    "direction": [
                        0.22610530257225037, 
                        -0.12777812778949738, 
                        0.9656858444213867
                    ], 
                    "center": [
                        -41.949493408203125, 
                        228.91329956054688, 
                        19.058109283447266
                    ]
                }, 
                {
                    "length": 33.812801361083984, 
                    "direction": [
                        -0.24695731699466705, 
                        0.8984353542327881, 
                        0.363078236579895
                    ], 
                    "center": [
                        -44.04302215576172, 
                        217.2666015625, 
                        -13.853530883789062
                    ]
                }, 
                {
                    "length": 18.703420639038086, 
                    "direction": [
                        -0.49347466230392456, 
                        0.4483060836791992, 
                        -0.7453216910362244
                    ], 
                    "center": [
                        -35.253028869628906, 
                        197.88485717773438, 
                        -13.021843910217285
                    ]
                }, 
                {
                    "length": 16.482967376708984, 
                    "direction": [
                        -0.3448265790939331, 
                        -0.06719694286584854, 
                        -0.9362581372261047
                    ], 
                    "center": [
                        -27.796316146850586, 
                        194.24623107910156, 
                        1.6643450260162354
                    ]
                }
            ]
        }
    ], 
    "hand": {
        "grab_strength": 1.0, 
        "wrist_position": [
            -21.242504119873047, 
            221.16993713378906, 
            54.092105865478516
        ], 
        "palm_width": 87.01065063476562, 
        "palm_velocity": [
            10.083898544311523, 
            -3.958925247192383, 
            8.181129455566406
        ], 
        "palm_normal": [
            -0.030251257121562958, 
            -0.9724356532096863, 
            -0.23120075464248657
        ], 
        "is_left": true, 
        "palm_position": [
            -12.143472671508789, 
            228.75350952148438, 
            3.1370370388031006
        ], 
        "pinch_strength": 0.30855411291122437, 
        "is_right": false
    }
}