{
    "timestamp": 33140438283, 
    "id": 507135, 
    "fingers": [
        {
            "type": 0, 
            "bone": [
                {
                    "length": 0.0, 
                    "direction": [
                        0.0, 
                        0.0, 
                        0.0
                    ], 
                    "center": [
                        17.176393508911133, 
                        160.9621124267578, 
                        43.63214111328125
                    ]
                }, 
                {
                    "length": 47.73451232910156, 
                    "direction": [
                        -0.5980492234230042, 
                        -0.1406383365392685, 
                        0.7890233993530273
                    ], 
                    "center": [
                        31.45018768310547, 
                        164.31875610351562, 
                        24.800317764282227
                    ]
                }, 
                {
                    "length": 32.60446548461914, 
                    "direction": [
                        -0.34085968136787415, 
                        -0.10566668212413788, 
                        0.9341569542884827
                    ], 
                    "center": [
                        51.28075408935547, 
                        169.39801025390625, 
                        -9.260350227355957
                    ]
                }, 
                {
                    "length": 22.380069732666016, 
                    "direction": [
                        0.48450902104377747, 
                        0.03425239771604538, 
                        0.8741154670715332
                    ], 
                    "center": [
                        51.415855407714844, 
                        170.73733520507812, 
                        -34.27057647705078
                    ]
                }
            ]
        }, 
        {
            "type": 1, 
            "bone": [
                {
                    "length": 70.35211944580078, 
                    "direction": [
                        -0.26036468148231506, 
                        -0.18750979006290436, 
                        0.9471273422241211
                    ], 
                    "center": [
                        23.135543823242188, 
                        189.8328094482422, 
                        7.594480514526367
                    ]
                }, 
                {
                    "length": 41.08347702026367, 
                    "direction": [
                        0.1740315705537796, 
                        0.9275919795036316, 
                        0.3305845260620117
                    ], 
                    "center": [
                        28.719236373901367, 
                        177.3743133544922, 
                        -32.51250457763672
                    ]
                }, 
                {
                    "length": 23.113340377807617, 
                    "direction": [
                        0.36659204959869385, 
                        0.4693211615085602, 
                        -0.803335428237915
                    ], 
                    "center": [
                        20.90774154663086, 
                        152.89617919921875, 
                        -30.019405364990234
                    ]
                }, 
                {
                    "length": 16.33837890625, 
                    "direction": [
                        0.2635250687599182, 
                        -0.04487593472003937, 
                        -0.9636081457138062
                    ], 
                    "center": [
                        14.51837158203125, 
                        147.8389892578125, 
                        -12.86362361907959
                    ]
                }
            ]
        }, 
        {
            "type": 2, 
            "bone": [
                {
                    "length": 66.7167739868164, 
                    "direction": [
                        -0.1284835934638977, 
                        -0.21964707970619202, 
                        0.9670817852020264
                    ], 
                    "center": [
                        7.7524590492248535, 
                        195.2117919921875, 
                        6.086467742919922
                    ]
                }, 
                {
                    "length": 46.0924186706543, 
                    "direction": [
                        0.021476097404956818, 
                        0.9455228447914124, 
                        0.3248465061187744
                    ], 
                    "center": [
                        11.543521881103516, 
                        180.74813842773438, 
                        -33.660301208496094
                    ]
                }, 
                {
                    "length": 27.192758560180664, 
                    "direction": [
                        0.14744964241981506, 
                        0.5286698937416077, 
                        -0.8359227776527405
                    ], 
                    "center": [
                        9.043798446655273, 
                        151.76943969726562, 
                        -29.781259536743164
                    ]
                }, 
                {
                    "length": 17.970151901245117, 
                    "direction": [
                        0.13185499608516693, 
                        -0.0012847163015976548, 
                        -0.9912681579589844
                    ], 
                    "center": [
                        5.854289531707764, 
                        144.59298706054688, 
                        -9.509117126464844
                    ]
                }
            ]
        }, 
        {
            "type": 3, 
            "bone": [
                {
                    "length": 59.90050506591797, 
                    "direction": [
                        0.019990310072898865, 
                        -0.24711209535598755, 
                        0.9687806963920593
                    ], 
                    "center": [
                        -8.585381507873535, 
                        197.048828125, 
                        7.399110794067383
                    ]
                }, 
                {
                    "length": 42.7255859375, 
                    "direction": [
                        -0.036986030638217926, 
                        0.9243006706237793, 
                        0.3798687160015106
                    ], 
                    "center": [
                        -8.39397144317627, 
                        184.70425415039062, 
                        -29.731172561645508
                    ]
                }, 
                {
                    "length": 26.490488052368164, 
                    "direction": [
                        -0.0215094406157732, 
                        0.5857665538787842, 
                        -0.8101943731307983
                    ], 
                    "center": [
                        -7.318948745727539, 
                        157.1999969482422, 
                        -27.115007400512695
                    ]
                }, 
                {
                    "length": 17.86687469482422, 
                    "direction": [
                        -0.00034724196302704513, 
                        0.05555102601647377, 
                        -0.998455822467804
                    ], 
                    "center": [
                        -7.030948638916016, 
                        148.9451141357422, 
                        -7.4641432762146
                    ]
                }
            ]
        }, 
        {
            "type": 4, 
            "bone": [
                {
                    "length": 55.44927978515625, 
                    "direction": [
                        0.15076230466365814, 
                        -0.3053968548774719, 
                        0.9402146339416504
                    ], 
                    "center": [
                        -24.737699508666992, 
                        193.05990600585938, 
                        9.066239356994629
                    ]
                }, 
                {
                    "length": 33.812801361083984, 
                    "direction": [
                        -0.1480582356452942, 
                        0.8797120451927185, 
                        0.4518689513206482
                    ], 
                    "center": [
                        -26.414398193359375, 
                        186.6541748046875, 
                        -24.640350341796875
                    ]
                }, 
                {
                    "length": 18.703420639038086, 
                    "direction": [
                        -0.3555091321468353, 
                        0.5821705460548401, 
                        -0.7312254905700684
                    ], 
                    "center": [
                        -20.586647033691406, 
                        166.3371124267578, 
                        -25.441617965698242
                    ]
                }, 
                {
                    "length": 16.482967376708984, 
                    "direction": [
                        -0.2634434700012207, 
                        0.07784191519021988, 
                        -0.9615290760993958
                    ], 
                    "center": [
                        -15.090864181518555, 
                        160.25128173828125, 
                        -10.678982734680176
                    ]
                }
            ]
        }
    ], 
    "hand": {
        "grab_strength": 1.0, 
        "wrist_position": [
            -7.395436763763428, 
            176.97659301757812, 
            43.0764274597168
        ], 
        "palm_width": 87.01065063476562, 
        "palm_velocity": [
            17.488405227661133, 
            11.634700775146484, 
            25.757366180419922
        ], 
        "palm_normal": [
            -0.1638944298028946, 
            -0.9096145033836365, 
            -0.3817591667175293
        ], 
        "is_left": true, 
        "palm_position": [
            5.533010959625244, 
            190.59779357910156, 
            -5.750203609466553
        ], 
        "pinch_strength": 0.25553736090660095, 
        "is_right": false
    }
}