{
    "timestamp": 33140449790, 
    "id": 507136, 
    "fingers": [
        {
            "type": 0, 
            "bone": [
                {
                    "length": 0.0, 
                    "direction": [
                        0.0, 
                        0.0, 
                        0.0
                    ], 
                    "center": [
                        17.200010299682617, 
                        160.73731994628906, 
                        43.85984802246094
                    ]
                }, 
                {
                    "length": 47.7345085144043, 
                    "direction": [
                        -0.5966162085533142, 
                        -0.13018612563610077, 
                        0.7918968796730042
                    ], 
                    "center": [
                        31.43960189819336, 
                        163.84451293945312, 
                        24.959444046020508
                    ]
                }, 
                {
                    "length": 32.60446548461914, 
                    "direction": [
                        -0.344214528799057, 
                        -0.09851381182670593, 
                        0.9337083697319031
                    ], 
                    "center": [
                        51.29065704345703, 
                        168.55767822265625, 
                        -9.162491798400879
                    ]
                }, 
                {
                    "length": 22.380069732666016, 
                    "direction": [
                        0.4764341115951538, 
                        0.02979409135878086, 
                        0.8787052035331726
                    ], 
                    "center": [
                        51.57080841064453, 
                        169.83029174804688, 
                        -34.216766357421875
                    ]
                }
            ]
        }, 
        {
            "type": 1, 
            "bone": [
                {
                    "length": 70.35211944580078, 
                    "direction": [
                        -0.26077061891555786, 
                        -0.18693199753761292, 
                        0.9471299648284912
                    ], 
                    "center": [
                        23.359989166259766, 
                        189.6188507080078, 
                        7.864652633666992
                    ]
                }, 
                {
                    "length": 41.08349609375, 
                    "direction": [
                        0.1823466569185257, 
                        0.9254978895187378, 
                        0.33196860551834106
                    ], 
                    "center": [
                        28.787151336669922, 
                        177.18304443359375, 
                        -32.27085876464844
                    ]
                }, 
                {
                    "length": 23.11333656311035, 
                    "direction": [
                        0.36952444911003113, 
                        0.46750378608703613, 
                        -0.8030516505241394
                    ], 
                    "center": [
                        20.77096176147461, 
                        152.76890563964844, 
                        -29.80947494506836
                    ]
                }, 
                {
                    "length": 16.338380813598633, 
                    "direction": [
                        0.2618476152420044, 
                        -0.04556983709335327, 
                        -0.964032769203186
                    ], 
                    "center": [
                        14.361407279968262, 
                        147.73838806152344, 
                        -12.6535062789917
                    ]
                }
            ]
        }, 
        {
            "type": 2, 
            "bone": [
                {
                    "length": 66.7167739868164, 
                    "direction": [
                        -0.12914341688156128, 
                        -0.22022616863250732, 
                        0.9668620824813843
                    ], 
                    "center": [
                        8.021432876586914, 
                        195.1313018798828, 
                        6.385371208190918
                    ]
                }, 
                {
                    "length": 46.092403411865234, 
                    "direction": [
                        0.02964773029088974, 
                        0.9440443515777588, 
                        0.32848304510116577
                    ], 
                    "center": [
                        11.646181106567383, 
                        180.72105407714844, 
                        -33.4378776550293
                    ]
                }, 
                {
                    "length": 27.192768096923828, 
                    "direction": [
                        0.1506330817937851, 
                        0.5303783416748047, 
                        -0.8342711925506592
                    ], 
                    "center": [
                        8.914848327636719, 
                        151.75318908691406, 
                        -29.66509246826172
                    ]
                }, 
                {
                    "length": 17.970149993896484, 
                    "direction": [
                        0.13039524853229523, 
                        0.00020718494488392025, 
                        -0.9914621114730835
                    ], 
                    "center": [
                        5.695172309875488, 
                        144.54010009765625, 
                        -9.413658142089844
                    ]
                }
            ]
        }, 
        {
            "type": 3, 
            "bone": [
                {
                    "length": 59.900508880615234, 
                    "direction": [
                        0.019093049690127373, 
                        -0.24895814061164856, 
                        0.9683259725570679
                    ], 
                    "center": [
                        -8.298507690429688, 
                        197.10519409179688, 
                        7.721824645996094
                    ]
                }, 
                {
                    "length": 42.725589752197266, 
                    "direction": [
                        -0.02864379622042179, 
                        0.9239106178283691, 
                        0.38153472542762756
                    ], 
                    "center": [
                        -8.258438110351562, 
                        184.82424926757812, 
                        -29.43043327331543
                    ]
                }, 
                {
                    "length": 26.490480422973633, 
                    "direction": [
                        -0.01744879223406315, 
                        0.5870569944381714, 
                        -0.8093575239181519
                    ], 
                    "center": [
                        -7.4154133796691895, 
                        157.31121826171875, 
                        -26.860946655273438
                    ]
                }, 
                {
                    "length": 17.86687660217285, 
                    "direction": [
                        -0.0010300095891579986, 
                        0.056775692850351334, 
                        -0.9983864426612854
                    ], 
                    "center": [
                        -7.175098419189453, 
                        149.02830505371094, 
                        -7.22178840637207
                    ]
                }
            ]
        }, 
        {
            "type": 4, 
            "bone": [
                {
                    "length": 55.449275970458984, 
                    "direction": [
                        0.1493278443813324, 
                        -0.3083050549030304, 
                        0.9394941329956055
                    ], 
                    "center": [
                        -24.482139587402344, 
                        193.25112915039062, 
                        9.402457237243652
                    ]
                }, 
                {
                    "length": 33.812801361083984, 
                    "direction": [
                        -0.14050020277500153, 
                        0.8804476261138916, 
                        0.45284828543663025
                    ], 
                    "center": [
                        -26.24684715270996, 
                        186.91357421875, 
                        -24.30071258544922
                    ]
                }, 
                {
                    "length": 18.703418731689453, 
                    "direction": [
                        -0.3498360812664032, 
                        0.5849493145942688, 
                        -0.7317438125610352
                    ], 
                    "center": [
                        -20.599929809570312, 
                        166.55810546875, 
                        -25.113691329956055
                    ]
                }, 
                {
                    "length": 16.482967376708984, 
                    "direction": [
                        -0.26174435019493103, 
                        0.07943695038557053, 
                        -0.9618626236915588
                    ], 
                    "center": [
                        -15.171201705932617, 
                        160.4331512451172, 
                        -10.343460083007812
                    ]
                }
            ]
        }
    ], 
    "hand": {
        "grab_strength": 1.0, 
        "wrist_position": [
            -7.2351250648498535, 
            176.96151733398438, 
            43.362857818603516
        ], 
        "palm_width": 87.01065063476562, 
        "palm_velocity": [
            17.889766693115234, 
            6.524199485778809, 
            25.68040657043457
        ], 
        "palm_normal": [
            -0.17211668193340302, 
            -0.9075197577476501, 
            -0.3831236660480499
        ], 
        "is_left": true, 
        "palm_position": [
            5.747969627380371, 
            190.55699157714844, 
            -5.456444263458252
        ], 
        "pinch_strength": 0.25507235527038574, 
        "is_right": false
    }
}