{
    "timestamp": 33140502714, 
    "id": 507140, 
    "fingers": [
        {
            "type": 0, 
            "bone": [
                {
                    "length": 0.0, 
                    "direction": [
                        0.0, 
                        0.0, 
                        0.0
                    ], 
                    "center": [
                        17.44347381591797, 
                        158.79478454589844, 
                        44.62361526489258
                    ]
                }, 
                {
                    "length": 47.7345085144043, 
                    "direction": [
                        -0.5958616733551025, 
                        -0.10232620686292648, 
                        0.7965413928031921
                    ], 
                    "center": [
                        31.665056228637695, 
                        161.23703002929688, 
                        25.61236000061035
                    ]
                }, 
                {
                    "length": 32.60446548461914, 
                    "direction": [
                        -0.3561110198497772, 
                        -0.08336101472377777, 
                        0.9307178854942322
                    ], 
                    "center": [
                        51.69204330444336, 
                        165.03823852539062, 
                        -8.571675300598145
                    ]
                }, 
                {
                    "length": 22.380069732666016, 
                    "direction": [
                        0.4420107305049896, 
                        0.0032344714272767305, 
                        0.8970039486885071
                    ], 
                    "center": [
                        52.55133056640625, 
                        166.36102294921875, 
                        -33.781959533691406
                    ]
                }
            ]
        }, 
        {
            "type": 1, 
            "bone": [
                {
                    "length": 70.35211181640625, 
                    "direction": [
                        -0.2663170397281647, 
                        -0.19133360683918, 
                        0.944704532623291
                    ], 
                    "center": [
                        24.592710494995117, 
                        187.96102905273438, 
                        9.043288230895996
                    ]
                }, 
                {
                    "length": 41.08348083496094, 
                    "direction": [
                        0.21555888652801514, 
                        0.9134653210639954, 
                        0.3451310694217682
                    ], 
                    "center": [
                        29.532737731933594, 
                        175.92721557617188, 
                        -31.277286529541016
                    ]
                }, 
                {
                    "length": 23.113338470458984, 
                    "direction": [
                        0.38497114181518555, 
                        0.4654908776283264, 
                        -0.7969412207603455
                    ], 
                    "center": [
                        20.655799865722656, 
                        151.78353881835938, 
                        -29.156890869140625
                    ]
                }, 
                {
                    "length": 16.338380813598633, 
                    "direction": [
                        0.25880861282348633, 
                        -0.041187871247529984, 
                        -0.9650501012802124
                    ], 
                    "center": [
                        14.092558860778809, 
                        146.740478515625, 
                        -12.063226699829102
                    ]
                }
            ]
        }, 
        {
            "type": 2, 
            "bone": [
                {
                    "length": 66.7167739868164, 
                    "direction": [
                        -0.13594020903110504, 
                        -0.22957995533943176, 
                        0.9637495875358582
                    ], 
                    "center": [
                        9.458873748779297, 
                        194.037353515625, 
                        7.667750358581543
                    ]
                }, 
                {
                    "length": 46.09241485595703, 
                    "direction": [
                        0.06308627128601074, 
                        0.9364402890205383, 
                        0.34510818123817444
                    ], 
                    "center": [
                        12.53972053527832, 
                        180.1143798828125, 
                        -32.434818267822266
                    ]
                }, 
                {
                    "length": 27.192764282226562, 
                    "direction": [
                        0.16874712705612183, 
                        0.5385087132453918, 
                        -0.8255500197410583
                    ], 
                    "center": [
                        8.791470527648926, 
                        151.21121215820312, 
                        -29.163759231567383
                    ]
                }, 
                {
                    "length": 17.970151901245117, 
                    "direction": [
                        0.12947428226470947, 
                        0.01049425546079874, 
                        -0.991527259349823
                    ], 
                    "center": [
                        5.333784103393555, 
                        143.79513549804688, 
                        -9.030318260192871
                    ]
                }
            ]
        }, 
        {
            "type": 3, 
            "bone": [
                {
                    "length": 59.90050506591797, 
                    "direction": [
                        0.011179540306329727, 
                        -0.2635917067527771, 
                        0.9645695090293884
                    ], 
                    "center": [
                        -6.779007911682129, 
                        196.57156372070312, 
                        9.057634353637695
                    ]
                }, 
                {
                    "length": 42.72557830810547, 
                    "direction": [
                        0.004603143315762281, 
                        0.9195316433906555, 
                        0.39298903942108154
                    ], 
                    "center": [
                        -7.2121734619140625, 
                        184.82244873046875, 
                        -28.226808547973633
                    ]
                }, 
                {
                    "length": 26.490482330322266, 
                    "direction": [
                        0.0032170352060347795, 
                        0.5948256254196167, 
                        -0.8038483262062073
                    ], 
                    "center": [
                        -7.353119850158691, 
                        157.30007934570312, 
                        -25.974985122680664
                    ]
                }, 
                {
                    "length": 17.86687469482422, 
                    "direction": [
                        0.0005600280710496008, 
                        0.0655149593949318, 
                        -0.9978514909744263
                    ], 
                    "center": [
                        -7.400733470916748, 
                        148.836181640625, 
                        -6.413577079772949
                    ]
                }
            ]
        }, 
        {
            "type": 4, 
            "bone": [
                {
                    "length": 55.449283599853516, 
                    "direction": [
                        0.13918764889240265, 
                        -0.32711273431777954, 
                        0.9346784949302673
                    ], 
                    "center": [
                        -23.0880126953125, 
                        193.27227783203125, 
                        10.706624031066895
                    ]
                }, 
                {
                    "length": 33.81280517578125, 
                    "direction": [
                        -0.10974207520484924, 
                        0.8786333799362183, 
                        0.4647149443626404
                    ], 
                    "center": [
                        -25.091598510742188, 
                        187.48681640625, 
                        -23.06365966796875
                    ]
                }, 
                {
                    "length": 18.703413009643555, 
                    "direction": [
                        -0.32441189885139465, 
                        0.6038114428520203, 
                        -0.7281268835067749
                    ], 
                    "center": [
                        -20.202449798583984, 
                        166.98562622070312, 
                        -24.1110897064209
                    ]
                }, 
                {
                    "length": 16.482967376708984, 
                    "direction": [
                        -0.25289347767829895, 
                        0.09594643115997314, 
                        -0.9627248644828796
                    ], 
                    "center": [
                        -15.084426879882812, 
                        160.5482177734375, 
                        -9.367579460144043
                    ]
                }
            ]
        }
    ], 
    "hand": {
        "grab_strength": 1.0, 
        "wrist_position": [
            -6.398436546325684, 
            175.8845672607422, 
            44.400028228759766
        ], 
        "palm_width": 87.01065063476562, 
        "palm_velocity": [
            23.857114791870117, 
            -14.21075439453125, 
            23.049560546875
        ], 
        "palm_normal": [
            -0.20473313331604004, 
            -0.8951225876808167, 
            -0.39603015780448914
        ], 
        "is_left": true, 
        "palm_position": [
            7.011965751647949, 
            189.72030639648438, 
            -4.2359185218811035
        ], 
        "pinch_strength": 0.24841207265853882, 
        "is_right": false
    }
}