{
    "timestamp": 33140531187, 
    "id": 507143, 
    "fingers": [
        {
            "type": 0, 
            "bone": [
                {
                    "length": 0.0, 
                    "direction": [
                        0.0, 
                        0.0, 
                        0.0
                    ], 
                    "center": [
                        17.902631759643555, 
                        156.94338989257812, 
                        45.189056396484375
                    ]
                }, 
                {
                    "length": 47.73451232910156, 
                    "direction": [
                        -0.5972291827201843, 
                        -0.08365935832262039, 
                        0.7976955771446228
                    ], 
                    "center": [
                        32.15685272216797, 
                        158.9401092529297, 
                        26.150251388549805
                    ]
                }, 
                {
                    "length": 32.60446548461914, 
                    "direction": [
                        -0.361560583114624, 
                        -0.07181599736213684, 
                        0.9295786023139954
                    ], 
                    "center": [
                        52.305320739746094, 
                        162.1075897216797, 
                        -8.042760848999023
                    ]
                }, 
                {
                    "length": 22.380069732666016, 
                    "direction": [
                        0.42699795961380005, 
                        -0.010068860836327076, 
                        0.904196560382843
                    ], 
                    "center": [
                        53.421443939208984, 
                        163.39102172851562, 
                        -33.31495666503906
                    ]
                }
            ]
        }, 
        {
            "type": 1, 
            "bone": [
                {
                    "length": 70.35211181640625, 
                    "direction": [
                        -0.2725253105163574, 
                        -0.19183029234409332, 
                        0.9428314566612244
                    ], 
                    "center": [
                        25.805023193359375, 
                        186.189697265625, 
                        9.83446216583252
                    ]
                }, 
                {
                    "length": 41.08348846435547, 
                    "direction": [
                        0.23597627878189087, 
                        0.9052696228027344, 
                        0.35327330231666565
                    ], 
                    "center": [
                        30.544023513793945, 
                        174.34170532226562, 
                        -30.587478637695312
                    ]
                }, 
                {
                    "length": 23.11333465576172, 
                    "direction": [
                        0.39748039841651917, 
                        0.46253931522369385, 
                        -0.7925065755844116
                    ], 
                    "center": [
                        21.103111267089844, 
                        150.40048217773438, 
                        -28.68559455871582
                    ]
                }, 
                {
                    "length": 16.338380813598633, 
                    "direction": [
                        0.2595924735069275, 
                        -0.04036041721701622, 
                        -0.9648745059967041
                    ], 
                    "center": [
                        14.388900756835938, 
                        145.38478088378906, 
                        -11.64461612701416
                    ]
                }
            ]
        }, 
        {
            "type": 2, 
            "bone": [
                {
                    "length": 66.7167739868164, 
                    "direction": [
                        -0.14312373101711273, 
                        -0.23328275978565216, 
                        0.9618184566497803
                    ], 
                    "center": [
                        10.821475982666016, 
                        192.6316680908203, 
                        8.477578163146973
                    ]
                }, 
                {
                    "length": 46.09241485595703, 
                    "direction": [
                        0.08420512825250626, 
                        0.9316331744194031, 
                        0.35350966453552246
                    ], 
                    "center": [
                        13.655243873596191, 
                        178.9429931640625, 
                        -31.754192352294922
                    ]
                }, 
                {
                    "length": 27.19276237487793, 
                    "direction": [
                        0.18350166082382202, 
                        0.5408267378807068, 
                        -0.8208736181259155
                    ], 
                    "center": [
                        9.21967601776123, 
                        150.1190948486328, 
                        -28.740337371826172
                    ]
                }, 
                {
                    "length": 17.97015380859375, 
                    "direction": [
                        0.1320338100194931, 
                        0.014266039244830608, 
                        -0.9911425709724426
                    ], 
                    "center": [
                        5.538383483886719, 
                        142.63763427734375, 
                        -8.673935890197754
                    ]
                }
            ]
        }, 
        {
            "type": 3, 
            "bone": [
                {
                    "length": 59.90050506591797, 
                    "direction": [
                        0.0031501157209277153, 
                        -0.27076607942581177, 
                        0.9626400470733643
                    ], 
                    "center": [
                        -5.354609489440918, 
                        195.5386505126953, 
                        9.858343124389648
                    ]
                }, 
                {
                    "length": 42.7255859375, 
                    "direction": [
                        0.02547914907336235, 
                        0.9164897799491882, 
                        0.39924588799476624
                    ], 
                    "center": [
                        -5.993261814117432, 
                        184.0693817138672, 
                        -27.501976013183594
                    ]
                }, 
                {
                    "length": 26.490478515625, 
                    "direction": [
                        0.019444992765784264, 
                        0.5985588431358337, 
                        -0.8008428812026978
                    ], 
                    "center": [
                        -6.795121192932129, 
                        156.5625457763672, 
                        -25.423627853393555
                    ]
                }, 
                {
                    "length": 17.86687660217285, 
                    "direction": [
                        0.004657247569411993, 
                        0.06983717530965805, 
                        -0.997547447681427
                    ], 
                    "center": [
                        -7.094280242919922, 
                        148.01060485839844, 
                        -5.904744625091553
                    ]
                }
            ]
        }, 
        {
            "type": 4, 
            "bone": [
                {
                    "length": 55.449275970458984, 
                    "direction": [
                        0.12967829406261444, 
                        -0.33707505464553833, 
                        0.9325041770935059
                    ], 
                    "center": [
                        -21.74002456665039, 
                        192.61370849609375, 
                        11.455562591552734
                    ]
                }, 
                {
                    "length": 33.812801361083984, 
                    "direction": [
                        -0.09074972569942474, 
                        0.8780843019485474, 
                        0.4698214828968048
                    ], 
                    "center": [
                        -23.801055908203125, 
                        187.11375427246094, 
                        -22.34076690673828
                    ]
                }, 
                {
                    "length": 18.703414916992188, 
                    "direction": [
                        -0.3050825297832489, 
                        0.6137489676475525, 
                        -0.7281736135482788
                    ], 
                    "center": [
                        -19.41376304626465, 
                        166.52890014648438, 
                        -23.474090576171875
                    ]
                }, 
                {
                    "length": 16.482967376708984, 
                    "direction": [
                        -0.24403175711631775, 
                        0.10417525470256805, 
                        -0.9641556739807129
                    ], 
                    "center": [
                        -14.54953670501709, 
                        159.93075561523438, 
                        -8.718351364135742
                    ]
                }
            ]
        }
    ], 
    "hand": {
        "grab_strength": 1.0, 
        "wrist_position": [
            -5.528646469116211, 
            174.59283447265625, 
            45.04959487915039
        ], 
        "palm_width": 87.01065063476562, 
        "palm_velocity": [
            37.25918197631836, 
            -33.900455474853516, 
            24.720802307128906
        ], 
        "palm_normal": [
            -0.22507140040397644, 
            -0.8871422410011292, 
            -0.40289148688316345
        ], 
        "is_left": true, 
        "palm_position": [
            8.295561790466309, 
            188.4600067138672, 
            -3.461378812789917
        ], 
        "pinch_strength": 0.2502848207950592, 
        "is_right": false
    }
}