{
    "timestamp": 33140518614, 
    "id": 507142, 
    "fingers": [
        {
            "type": 0, 
            "bone": [
                {
                    "length": 0.0, 
                    "direction": [
                        0.0, 
                        0.0, 
                        0.0
                    ], 
                    "center": [
                        17.690784454345703, 
                        157.63894653320312, 
                        44.94071960449219
                    ]
                }, 
                {
                    "length": 47.7345085144043, 
                    "direction": [
                        -0.5961872935295105, 
                        -0.09142773598432541, 
                        0.797622561454773
                    ], 
                    "center": [
                        31.920137405395508, 
                        159.82107543945312, 
                        25.90365982055664
                    ]
                }, 
                {
                    "length": 32.60446548461914, 
                    "direction": [
                        -0.35946547985076904, 
                        -0.07743008434772491, 
                        0.929940402507782
                    ], 
                    "center": [
                        52.00958251953125, 
                        163.26548767089844, 
                        -8.293506622314453
                    ]
                }, 
                {
                    "length": 22.380069732666016, 
                    "direction": [
                        0.43242767453193665, 
                        -0.007211425807327032, 
                        0.9016398787498474
                    ], 
                    "center": [
                        53.030792236328125, 
                        164.60845947265625, 
                        -33.542991638183594
                    ]
                }
            ]
        }, 
        {
            "type": 1, 
            "bone": [
                {
                    "length": 70.35210418701172, 
                    "direction": [
                        -0.2696383595466614, 
                        -0.19354267418384552, 
                        0.9433114528656006
                    ], 
                    "center": [
                        25.303268432617188, 
                        186.92962646484375, 
                        9.559264183044434
                    ]
                }, 
                {
                    "length": 41.083473205566406, 
                    "direction": [
                        0.22934234142303467, 
                        0.9076343774795532, 
                        0.351570725440979
                    ], 
                    "center": [
                        30.07699203491211, 
                        175.09332275390625, 
                        -30.844581604003906
                    ]
                }, 
                {
                    "length": 23.113332748413086, 
                    "direction": [
                        0.39241814613342285, 
                        0.4648763835430145, 
                        -0.7936610579490662
                    ], 
                    "center": [
                        20.830856323242188, 
                        151.07650756835938, 
                        -28.894378662109375
                    ]
                }, 
                {
                    "length": 16.338380813598633, 
                    "direction": [
                        0.25848957896232605, 
                        -0.03884278982877731, 
                        -0.965232789516449
                    ], 
                    "center": [
                        14.184160232543945, 
                        146.02139282226562, 
                        -11.837133407592773
                    ]
                }
            ]
        }, 
        {
            "type": 2, 
            "bone": [
                {
                    "length": 66.7167739868164, 
                    "direction": [
                        -0.13987353444099426, 
                        -0.2339169681072235, 
                        0.9621424674987793
                    ], 
                    "center": [
                        10.265295028686523, 
                        193.24716186523438, 
                        8.219534873962402
                    ]
                }, 
                {
                    "length": 46.09239959716797, 
                    "direction": [
                        0.07712572067975998, 
                        0.9326726198196411, 
                        0.3523824214935303
                    ], 
                    "center": [
                        13.15379524230957, 
                        179.55569458007812, 
                        -31.99706268310547
                    ]
                }, 
                {
                    "length": 27.192771911621094, 
                    "direction": [
                        0.17769087851047516, 
                        0.5417613983154297, 
                        -0.8215354681015015
                    ], 
                    "center": [
                        8.960387229919434, 
                        150.6951446533203, 
                        -28.948223114013672
                    ]
                }, 
                {
                    "length": 17.970151901245117, 
                    "direction": [
                        0.1303531676530838, 
                        0.015026001259684563, 
                        -0.9913537502288818
                    ], 
                    "center": [
                        5.373200416564941, 
                        143.1941375732422, 
                        -8.870922088623047
                    ]
                }
            ]
        }, 
        {
            "type": 3, 
            "bone": [
                {
                    "length": 59.9005126953125, 
                    "direction": [
                        0.006705204490572214, 
                        -0.2701936662197113, 
                        0.962782621383667
                    ], 
                    "center": [
                        -5.932281494140625, 
                        196.02154541015625, 
                        9.6210298538208
                    ]
                }, 
                {
                    "length": 42.7255859375, 
                    "direction": [
                        0.018508438020944595, 
                        0.9169965386390686, 
                        0.39846548438072205
                    ], 
                    "center": [
                        -6.528496265411377, 
                        184.5242919921875, 
                        -27.726890563964844
                    ]
                }, 
                {
                    "length": 26.4904842376709, 
                    "direction": [
                        0.013201074674725533, 
                        0.5984020233154297, 
                        -0.8010872006416321
                    ], 
                    "center": [
                        -7.0987396240234375, 
                        157.0087127685547, 
                        -25.628633499145508
                    ]
                }, 
                {
                    "length": 17.86687660217285, 
                    "direction": [
                        0.0024964800104498863, 
                        0.0697876438498497, 
                        -0.9975587725639343
                    ], 
                    "center": [
                        -7.29589319229126, 
                        148.45928955078125, 
                        -6.106410026550293
                    ]
                }
            ]
        }, 
        {
            "type": 4, 
            "bone": [
                {
                    "length": 55.449275970458984, 
                    "direction": [
                        0.13373395800590515, 
                        -0.33547458052635193, 
                        0.9325085282325745
                    ], 
                    "center": [
                        -22.29082489013672, 
                        192.96258544921875, 
                        11.242456436157227
                    ]
                }, 
                {
                    "length": 33.81279373168945, 
                    "direction": [
                        -0.09698960930109024, 
                        0.8773791790008545, 
                        0.4698922634124756
                    ], 
                    "center": [
                        -24.358806610107422, 
                        187.43017578125, 
                        -22.55518913269043
                    ]
                }, 
                {
                    "length": 18.703418731689453, 
                    "direction": [
                        -0.3124805986881256, 
                        0.6118643283843994, 
                        -0.7266208529472351
                    ], 
                    "center": [
                        -19.796833038330078, 
                        166.8748779296875, 
                        -23.704227447509766
                    ]
                }, 
                {
                    "length": 16.482967376708984, 
                    "direction": [
                        -0.24797461926937103, 
                        0.10336801409721375, 
                        -0.9632359743118286
                    ], 
                    "center": [
                        -14.830926895141602, 
                        160.30099487304688, 
                        -8.970586776733398
                    ]
                }
            ]
        }
    ], 
    "hand": {
        "grab_strength": 1.0, 
        "wrist_position": [
            -5.885308265686035, 
            175.0946502685547, 
            44.823936462402344
        ], 
        "palm_width": 87.01065063476562, 
        "palm_velocity": [
            34.12322235107422, 
            -26.612152099609375, 
            27.356021881103516
        ], 
        "palm_normal": [
            -0.21830713748931885, 
            -0.8891914486885071, 
            -0.4020952880382538
        ], 
        "is_left": true, 
        "palm_position": [
            7.7574262619018555, 
            189.0481719970703, 
            -3.7136425971984863
        ], 
        "pinch_strength": 0.24898451566696167, 
        "is_right": false
    }
}