{
    "timestamp": 33140553049, 
    "id": 507145, 
    "fingers": [
        {
            "type": 0, 
            "bone": [
                {
                    "length": 0.0, 
                    "direction": [
                        0.0, 
                        0.0, 
                        0.0
                    ], 
                    "center": [
                        18.31743812561035, 
                        155.87136840820312, 
                        45.53256607055664
                    ]
                }, 
                {
                    "length": 47.73451232910156, 
                    "direction": [
                        -0.597298800945282, 
                        -0.07106349617242813, 
                        0.7988641858100891
                    ], 
                    "center": [
                        32.57332229614258, 
                        157.5674591064453, 
                        26.465869903564453
                    ]
                }, 
                {
                    "length": 32.60446548461914, 
                    "direction": [
                        -0.3630984425544739, 
                        -0.06243593245744705, 
                        0.9296565055847168
                    ], 
                    "center": [
                        52.74851989746094, 
                        160.28140258789062, 
                        -7.7563018798828125
                    ]
                }, 
                {
                    "length": 22.380069732666016, 
                    "direction": [
                        0.4245925545692444, 
                        -0.013306058943271637, 
                        0.9052868485450745
                    ], 
                    "center": [
                        53.916629791259766, 
                        161.44813537597656, 
                        -33.041969299316406
                    ]
                }
            ]
        }, 
        {
            "type": 1, 
            "bone": [
                {
                    "length": 70.35211944580078, 
                    "direction": [
                        -0.27513065934181213, 
                        -0.18955811858177185, 
                        0.9425342082977295
                    ], 
                    "center": [
                        26.584529876708984, 
                        185.0588836669922, 
                        10.212803840637207
                    ]
                }, 
                {
                    "length": 41.08348083496094, 
                    "direction": [
                        0.24620503187179565, 
                        0.9015412330627441, 
                        0.3558181822299957
                    ], 
                    "center": [
                        31.205062866210938, 
                        173.2075653076172, 
                        -30.250961303710938
                    ]
                }, 
                {
                    "length": 23.11333656311035, 
                    "direction": [
                        0.403563916683197, 
                        0.45936450362205505, 
                        -0.7912775874137878
                    ], 
                    "center": [
                        21.483728408813477, 
                        149.37960815429688, 
                        -28.415552139282227
                    ]
                }, 
                {
                    "length": 16.33837890625, 
                    "direction": [
                        0.2595652937889099, 
                        -0.042297374457120895, 
                        -0.9647988080978394
                    ], 
                    "center": [
                        14.69943618774414, 
                        144.4164276123047, 
                        -11.38939380645752
                    ]
                }
            ]
        }, 
        {
            "type": 2, 
            "bone": [
                {
                    "length": 66.7167739868164, 
                    "direction": [
                        -0.14624622464179993, 
                        -0.2325943410396576, 
                        0.9615154266357422
                    ], 
                    "center": [
                        11.680465698242188, 
                        191.6831817626953, 
                        8.858414649963379
                    ]
                }, 
                {
                    "length": 46.092403411865234, 
                    "direction": [
                        0.09517636895179749, 
                        0.9298990368843079, 
                        0.35528749227523804
                    ], 
                    "center": [
                        14.36555004119873, 
                        178.01150512695312, 
                        -31.404216766357422
                    ]
                }, 
                {
                    "length": 27.192768096923828, 
                    "direction": [
                        0.19069144129753113, 
                        0.5395988821983337, 
                        -0.820042610168457
                    ], 
                    "center": [
                        9.579381942749023, 
                        149.24427795410156, 
                        -28.442628860473633
                    ]
                }, 
                {
                    "length": 17.970151901245117, 
                    "direction": [
                        0.13287054002285004, 
                        0.013414374552667141, 
                        -0.9910426139831543
                    ], 
                    "center": [
                        5.792816162109375, 
                        141.7871551513672, 
                        -8.388421058654785
                    ]
                }
            ]
        }, 
        {
            "type": 3, 
            "bone": [
                {
                    "length": 59.900508880615234, 
                    "direction": [
                        -0.0004369032976683229, 
                        -0.27184587717056274, 
                        0.9623407125473022
                    ], 
                    "center": [
                        -4.459705829620361, 
                        194.78414916992188, 
                        10.237393379211426
                    ]
                }, 
                {
                    "length": 42.7255744934082, 
                    "direction": [
                        0.03635981306433678, 
                        0.9160221219062805, 
                        0.39947646856307983
                    ], 
                    "center": [
                        -5.223367691040039, 
                        183.3572235107422, 
                        -27.118885040283203
                    ]
                }, 
                {
                    "length": 26.490493774414062, 
                    "direction": [
                        0.02752215415239334, 
                        0.5972342491149902, 
                        -0.8015944957733154
                    ], 
                    "center": [
                        -6.364652156829834, 
                        155.8779296875, 
                        -25.035499572753906
                    ]
                }, 
                {
                    "length": 17.86687469482422, 
                    "direction": [
                        0.006396019831299782, 
                        0.06813596189022064, 
                        -0.9976556301116943
                    ], 
                    "center": [
                        -6.786328315734863, 
                        147.3587188720703, 
                        -5.50568962097168
                    ]
                }
            ]
        }, 
        {
            "type": 4, 
            "bone": [
                {
                    "length": 55.44927978515625, 
                    "direction": [
                        0.12528939545154572, 
                        -0.33964771032333374, 
                        0.932170569896698
                    ], 
                    "center": [
                        -20.879825592041016, 
                        192.0559539794922, 
                        11.826308250427246
                    ]
                }, 
                {
                    "length": 33.812808990478516, 
                    "direction": [
                        -0.08055517822504044, 
                        0.8785502910614014, 
                        0.47080808877944946
                    ], 
                    "center": [
                        -22.991531372070312, 
                        186.61944580078125, 
                        -21.977458953857422
                    ]
                }, 
                {
                    "length": 18.703418731689453, 
                    "direction": [
                        -0.29539114236831665, 
                        0.6171206831932068, 
                        -0.7293189764022827
                    ], 
                    "center": [
                        -18.86722183227539, 
                        165.99517822265625, 
                        -23.116750717163086
                    ]
                }, 
                {
                    "length": 16.482967376708984, 
                    "direction": [
                        -0.23989437520503998, 
                        0.10589896887540817, 
                        -0.9650057554244995
                    ], 
                    "center": [
                        -14.127723693847656, 
                        159.35128784179688, 
                        -8.343292236328125
                    ]
                }
            ]
        }
    ], 
    "hand": {
        "grab_strength": 1.0, 
        "wrist_position": [
            -4.898524284362793, 
            173.80319213867188, 
            45.405391693115234
        ], 
        "palm_width": 87.01065063476562, 
        "palm_velocity": [
            37.365787506103516, 
            -38.528785705566406, 
            20.773828506469727
        ], 
        "palm_normal": [
            -0.23565919697284698, 
            -0.8839090466499329, 
            -0.4039424955844879
        ], 
        "is_left": true, 
        "palm_position": [
            9.108112335205078, 
            187.55555725097656, 
            -3.0859315395355225
        ], 
        "pinch_strength": 0.25499871373176575, 
        "is_right": false
    }
}