{
    "timestamp": 33140576206, 
    "id": 507147, 
    "fingers": [
        {
            "type": 0, 
            "bone": [
                {
                    "length": 0.0, 
                    "direction": [
                        0.0, 
                        0.0, 
                        0.0
                    ], 
                    "center": [
                        18.832534790039062, 
                        154.83103942871094, 
                        45.8671760559082
                    ]
                }, 
                {
                    "length": 47.73450469970703, 
                    "direction": [
                        -0.596958339214325, 
                        -0.05827169492840767, 
                        0.8001533150672913
                    ], 
                    "center": [
                        33.080291748046875, 
                        156.22183227539062, 
                        26.769716262817383
                    ]
                }, 
                {
                    "length": 32.60446548461914, 
                    "direction": [
                        -0.36358901858329773, 
                        -0.052255596965551376, 
                        0.9300926327705383
                    ], 
                    "center": [
                        53.25535583496094, 
                        158.46449279785156, 
                        -7.49033260345459
                    ]
                }, 
                {
                    "length": 22.38007164001465, 
                    "direction": [
                        0.42370176315307617, 
                        -0.014437850564718246, 
                        0.9056867361068726
                    ], 
                    "center": [
                        54.44143295288086, 
                        159.47793579101562, 
                        -32.7875862121582
                    ]
                }
            ]
        }, 
        {
            "type": 1, 
            "bone": [
                {
                    "length": 70.35211181640625, 
                    "direction": [
                        -0.27775874733924866, 
                        -0.18716689944267273, 
                        0.9422412514686584
                    ], 
                    "center": [
                        27.420673370361328, 
                        183.94842529296875, 
                        10.566126823425293
                    ]
                }, 
                {
                    "length": 41.08348846435547, 
                    "direction": [
                        0.2544881999492645, 
                        0.8985170125961304, 
                        0.357634961605072
                    ], 
                    "center": [
                        31.9635009765625, 
                        172.07510375976562, 
                        -29.924652099609375
                    ]
                }, 
                {
                    "length": 23.11333465576172, 
                    "direction": [
                        0.4090127944946289, 
                        0.45627495646476746, 
                        -0.7902668118476868
                    ], 
                    "center": [
                        22.009044647216797, 
                        148.344970703125, 
                        -28.138248443603516
                    ]
                }, 
                {
                    "length": 16.33837890625, 
                    "direction": [
                        0.2600204050540924, 
                        -0.04439496621489525, 
                        -0.9645819664001465
                    ], 
                    "center": [
                        15.158062934875488, 
                        143.43463134765625, 
                        -11.125544548034668
                    ]
                }
            ]
        }, 
        {
            "type": 2, 
            "bone": [
                {
                    "length": 66.7167739868164, 
                    "direction": [
                        -0.14932912588119507, 
                        -0.2315072864294052, 
                        0.9613038897514343
                    ], 
                    "center": [
                        12.585151672363281, 
                        190.72308349609375, 
                        9.203009605407715
                    ]
                }, 
                {
                    "length": 46.092403411865234, 
                    "direction": [
                        0.10416696220636368, 
                        0.9286473393440247, 
                        0.35603857040405273
                    ], 
                    "center": [
                        15.165877342224121, 
                        177.0439910888672, 
                        -31.069873809814453
                    ]
                }, 
                {
                    "length": 27.19277000427246, 
                    "direction": [
                        0.19708873331546783, 
                        0.537922203540802, 
                        -0.8196315169334412
                    ], 
                    "center": [
                        10.085530281066895, 
                        148.32839965820312, 
                        -28.131187438964844
                    ]
                }, 
                {
                    "length": 17.970151901245117, 
                    "direction": [
                        0.1340746134519577, 
                        0.012167018838226795, 
                        -0.9908965826034546
                    ], 
                    "center": [
                        6.201165199279785, 
                        140.9052734375, 
                        -8.083880424499512
                    ]
                }
            ]
        }, 
        {
            "type": 3, 
            "bone": [
                {
                    "length": 59.900508880615234, 
                    "direction": [
                        -0.0039232815615832806, 
                        -0.27222567796707153, 
                        0.9622253775596619
                    ], 
                    "center": [
                        -3.5240306854248047, 
                        193.9859161376953, 
                        10.570817947387695
                    ]
                }, 
                {
                    "length": 42.725582122802734, 
                    "direction": [
                        0.045191939920186996, 
                        0.9152020215988159, 
                        0.4004535675048828
                    ], 
                    "center": [
                        -4.37195348739624, 
                        182.58787536621094, 
                        -26.80288314819336
                    ]
                }, 
                {
                    "length": 26.490474700927734, 
                    "direction": [
                        0.034597720950841904, 
                        0.5966476798057556, 
                        -0.8017571568489075
                    ], 
                    "center": [
                        -5.7956342697143555, 
                        155.1338653564453, 
                        -24.738224029541016
                    ]
                }, 
                {
                    "length": 17.86687660217285, 
                    "direction": [
                        0.008267858996987343, 
                        0.06693519651889801, 
                        -0.9977230429649353
                    ], 
                    "center": [
                        -6.327750205993652, 
                        146.63316345214844, 
                        -5.205663681030273
                    ]
                }
            ]
        }, 
        {
            "type": 4, 
            "bone": [
                {
                    "length": 55.44927978515625, 
                    "direction": [
                        0.12113706022500992, 
                        -0.34127846360206604, 
                        0.9321238398551941
                    ], 
                    "center": [
                        -19.972030639648438, 
                        191.42259216308594, 
                        12.14588737487793
                    ]
                }, 
                {
                    "length": 33.81279754638672, 
                    "direction": [
                        -0.0730489045381546, 
                        0.8792234063148499, 
                        0.4707760214805603
                    ], 
                    "center": [
                        -22.09552001953125, 
                        186.01991271972656, 
                        -21.656038284301758
                    ]
                }, 
                {
                    "length": 18.703418731689453, 
                    "direction": [
                        -0.28275883197784424, 
                        0.6188983917236328, 
                        -0.7328111529350281
                    ], 
                    "center": [
                        -18.21624755859375, 
                        165.36764526367188, 
                        -22.762128829956055
                    ]
                }, 
                {
                    "length": 16.482967376708984, 
                    "direction": [
                        -0.23129862546920776, 
                        0.10556940734386444, 
                        -0.9671381115913391
                    ], 
                    "center": [
                        -13.66572380065918, 
                        158.7098388671875, 
                        -7.938438892364502
                    ]
                }
            ]
        }
    ], 
    "hand": {
        "grab_strength": 1.0, 
        "wrist_position": [
            -4.201510429382324, 
            172.99588012695312, 
            45.7296142578125
        ], 
        "palm_width": 87.01065063476562, 
        "palm_velocity": [
            37.63970947265625, 
            -39.24446105957031, 
            17.160045623779297
        ], 
        "palm_normal": [
            -0.24423709511756897, 
            -0.881322979927063, 
            -0.4044972360134125
        ], 
        "is_left": true, 
        "palm_position": [
            9.980634689331055, 
            186.62652587890625, 
            -2.7450613975524902
        ], 
        "pinch_strength": 0.2614648640155792, 
        "is_right": false
    }
}