{
    "timestamp": 33140507206, 
    "id": 507141, 
    "fingers": [
        {
            "type": 0, 
            "bone": [
                {
                    "length": 0.0, 
                    "direction": [
                        0.0, 
                        0.0, 
                        0.0
                    ], 
                    "center": [
                        17.49747085571289, 
                        158.51437377929688, 
                        44.70745086669922
                    ]
                }, 
                {
                    "length": 47.7345085144043, 
                    "direction": [
                        -0.5958858132362366, 
                        -0.09995049238204956, 
                        0.7968249320983887
                    ], 
                    "center": [
                        31.719629287719727, 
                        160.89991760253906, 
                        25.689428329467773
                    ]
                }, 
                {
                    "length": 32.604469299316406, 
                    "direction": [
                        -0.35686489939689636, 
                        -0.08220037072896957, 
                        0.9305323362350464
                    ], 
                    "center": [
                        51.759483337402344, 
                        164.62551879882812, 
                        -8.498351097106934
                    ]
                }, 
                {
                    "length": 22.380067825317383, 
                    "direction": [
                        0.4392508566379547, 
                        0.0004540805530268699, 
                        0.8983643651008606
                    ], 
                    "center": [
                        52.661949157714844, 
                        165.96047973632812, 
                        -33.7208366394043
                    ]
                }
            ]
        }, 
        {
            "type": 1, 
            "bone": [
                {
                    "length": 70.35211944580078, 
                    "direction": [
                        -0.26707419753074646, 
                        -0.1920517235994339, 
                        0.9443449378013611
                    ], 
                    "center": [
                        24.755306243896484, 
                        187.71798706054688, 
                        9.17979907989502
                    ]
                }, 
                {
                    "length": 41.0834846496582, 
                    "direction": [
                        0.21884514391422272, 
                        0.9120386838912964, 
                        0.3468318283557892
                    ], 
                    "center": [
                        29.654464721679688, 
                        175.73875427246094, 
                        -31.163063049316406
                    ]
                }, 
                {
                    "length": 23.11334228515625, 
                    "direction": [
                        0.3867143988609314, 
                        0.4655165374279022, 
                        -0.7960817217826843
                    ], 
                    "center": [
                        20.68987274169922, 
                        151.6240692138672, 
                        -29.087539672851562
                    ]
                }, 
                {
                    "length": 16.33837890625, 
                    "direction": [
                        0.2587038576602936, 
                        -0.040436066687107086, 
                        -0.9651099443435669
                    ], 
                    "center": [
                        14.107339859008789, 
                        146.5745849609375, 
                        -12.003316879272461
                    ]
                }
            ]
        }, 
        {
            "type": 2, 
            "bone": [
                {
                    "length": 66.7167739868164, 
                    "direction": [
                        -0.13683895766735077, 
                        -0.23080675303936005, 
                        0.9633291959762573
                    ], 
                    "center": [
                        9.643814086914062, 
                        193.85189819335938, 
                        7.8142547607421875
                    ]
                }, 
                {
                    "length": 46.09239959716797, 
                    "direction": [
                        0.06645135581493378, 
                        0.935539186000824, 
                        0.3469158709049225
                    ], 
                    "center": [
                        12.67708969116211, 
                        179.99061584472656, 
                        -32.315948486328125
                    ]
                }, 
                {
                    "length": 27.19277000427246, 
                    "direction": [
                        0.17079931497573853, 
                        0.5394120216369629, 
                        -0.8245376348495483
                    ], 
                    "center": [
                        8.823385238647461, 
                        151.095947265625, 
                        -29.10030746459961
                    ]
                }, 
                {
                    "length": 17.970151901245117, 
                    "direction": [
                        0.12960948050022125, 
                        0.011769631877541542, 
                        -0.9914951920509338
                    ], 
                    "center": [
                        5.336581230163574, 
                        143.6561279296875, 
                        -8.980917930603027
                    ]
                }
            ]
        }, 
        {
            "type": 3, 
            "bone": [
                {
                    "length": 59.900508880615234, 
                    "direction": [
                        0.010155764408409595, 
                        -0.26535674929618835, 
                        0.9640967845916748
                    ], 
                    "center": [
                        -6.584810733795166, 
                        196.44281005859375, 
                        9.207723617553711
                    ]
                }, 
                {
                    "length": 42.72559356689453, 
                    "direction": [
                        0.00791624654084444, 
                        0.9189320802688599, 
                        0.394336462020874
                    ], 
                    "center": [
                        -7.058091640472412, 
                        184.75933837890625, 
                        -28.091350555419922
                    ]
                }, 
                {
                    "length": 26.490478515625, 
                    "direction": [
                        0.005535423289984465, 
                        0.5956891775131226, 
                        -0.8031960129737854
                    ], 
                    "center": [
                        -7.300522804260254, 
                        157.23834228515625, 
                        -25.876956939697266
                    ]
                }, 
                {
                    "length": 17.86687660217285, 
                    "direction": [
                        0.0009647565893828869, 
                        0.0665602758526802, 
                        -0.9977818727493286
                    ], 
                    "center": [
                        -7.38245964050293, 
                        148.75369262695312, 
                        -6.324809551239014
                    ]
                }
            ]
        }, 
        {
            "type": 4, 
            "bone": [
                {
                    "length": 55.44927978515625, 
                    "direction": [
                        0.1379333734512329, 
                        -0.3292900323867798, 
                        0.9340997934341431
                    ], 
                    "center": [
                        -22.905845642089844, 
                        193.20004272460938, 
                        10.849851608276367
                    ]
                }, 
                {
                    "length": 33.81279373168945, 
                    "direction": [
                        -0.10668908804655075, 
                        0.8782474398612976, 
                        0.4661533534526825
                    ], 
                    "center": [
                        -24.92626953125, 
                        187.48150634765625, 
                        -22.928701400756836
                    ]
                }, 
                {
                    "length": 18.703420639038086, 
                    "direction": [
                        -0.32165202498435974, 
                        0.6059462428092957, 
                        -0.7275775671005249
                    ], 
                    "center": [
                        -20.114543914794922, 
                        166.96685791015625, 
                        -24.00558090209961
                    ]
                }, 
                {
                    "length": 16.482967376708984, 
                    "direction": [
                        -0.25181737542152405, 
                        0.09799600392580032, 
                        -0.9628005027770996
                    ], 
                    "center": [
                        -15.03119945526123, 
                        160.4925994873047, 
                        -9.266582489013672
                    ]
                }
            ]
        }
    ], 
    "hand": {
        "grab_strength": 1.0, 
        "wrist_position": [
            -6.2819600105285645, 
            175.69134521484375, 
            44.513057708740234
        ], 
        "palm_width": 87.01065063476562, 
        "palm_velocity": [
            25.927623748779297, 
            -17.221683502197266, 
            24.206830978393555
        ], 
        "palm_normal": [
            -0.20796948671340942, 
            -0.8936600685119629, 
            -0.3976435959339142
        ], 
        "is_left": true, 
        "palm_position": [
            7.181956768035889, 
            189.5651092529297, 
            -4.097265243530273
        ], 
        "pinch_strength": 0.2483002245426178, 
        "is_right": false
    }
}