{
    "timestamp": 33140667746, 
    "id": 507155, 
    "fingers": [
        {
            "type": 0, 
            "bone": [
                {
                    "length": 0.0, 
                    "direction": [
                        0.0, 
                        0.0, 
                        0.0
                    ], 
                    "center": [
                        20.006916046142578, 
                        151.8492431640625, 
                        47.26502227783203
                    ]
                }, 
                {
                    "length": 47.73451232910156, 
                    "direction": [
                        -0.6063885688781738, 
                        -0.016318297013640404, 
                        0.7950009703636169
                    ], 
                    "center": [
                        34.4797477722168, 
                        152.23870849609375, 
                        28.290531158447266
                    ]
                }, 
                {
                    "length": 32.60446548461914, 
                    "direction": [
                        -0.37312012910842896, 
                        -0.017340220510959625, 
                        0.9276210069656372
                    ], 
                    "center": [
                        55.03527069091797, 
                        152.91087341308594, 
                        -5.806251525878906
                    ]
                }, 
                {
                    "length": 22.380069732666016, 
                    "direction": [
                        0.41318294405937195, 
                        -0.013057882897555828, 
                        0.9105544090270996
                    ], 
                    "center": [
                        56.49443054199219, 
                        153.3396759033203, 
                        -31.117679595947266
                    ]
                }
            ]
        }, 
        {
            "type": 1, 
            "bone": [
                {
                    "length": 70.35211944580078, 
                    "direction": [
                        -0.2973960041999817, 
                        -0.16940172016620636, 
                        0.9396055340766907
                    ], 
                    "center": [
                        30.072322845458984, 
                        180.3485107421875, 
                        11.850045204162598
                    ]
                }, 
                {
                    "length": 41.08348846435547, 
                    "direction": [
                        0.27740478515625, 
                        0.8915426731109619, 
                        0.35804760456085205
                    ], 
                    "center": [
                        34.83516311645508, 
                        167.99356079101562, 
                        -28.556495666503906
                    ]
                }, 
                {
                    "length": 23.11332893371582, 
                    "direction": [
                        0.43608590960502625, 
                        0.4372369945049286, 
                        -0.7865448594093323
                    ], 
                    "center": [
                        24.097087860107422, 
                        144.626708984375, 
                        -26.821582794189453
                    ]
                }, 
                {
                    "length": 16.338380813598633, 
                    "direction": [
                        0.2724195122718811, 
                        -0.06189294531941414, 
                        -0.9601858258247375
                    ], 
                    "center": [
                        16.831941604614258, 
                        140.07933044433594, 
                        -9.887807846069336
                    ]
                }
            ]
        }, 
        {
            "type": 2, 
            "bone": [
                {
                    "length": 66.7167739868164, 
                    "direction": [
                        -0.1708110123872757, 
                        -0.21783111989498138, 
                        0.9609230756759644
                    ], 
                    "center": [
                        15.493163108825684, 
                        187.60202026367188, 
                        10.212431907653809
                    ]
                }, 
                {
                    "length": 46.09242248535156, 
                    "direction": [
                        0.12924295663833618, 
                        0.9268593192100525, 
                        0.35245993733406067
                    ], 
                    "center": [
                        18.212581634521484, 
                        173.50791931152344, 
                        -29.96527862548828
                    ]
                }, 
                {
                    "length": 27.19276237487793, 
                    "direction": [
                        0.2286432385444641, 
                        0.5237682461738586, 
                        -0.8206028342247009
                    ], 
                    "center": [
                        12.125301361083984, 
                        145.02597045898438, 
                        -26.93091583251953
                    ]
                }, 
                {
                    "length": 17.970151901245117, 
                    "direction": [
                        0.1502404808998108, 
                        -0.0031239071395248175, 
                        -0.9886445999145508
                    ], 
                    "center": [
                        7.666658401489258, 
                        137.93267822265625, 
                        -6.890640735626221
                    ]
                }
            ]
        }, 
        {
            "type": 3, 
            "bone": [
                {
                    "length": 59.900508880615234, 
                    "direction": [
                        -0.026878811419010162, 
                        -0.26336878538131714, 
                        0.9643206000328064
                    ], 
                    "center": [
                        -0.5157090425491333, 
                        191.41259765625, 
                        11.316211700439453
                    ]
                }, 
                {
                    "length": 42.7255744934082, 
                    "direction": [
                        0.06948228180408478, 
                        0.9150464534759521, 
                        0.39731886982917786
                    ], 
                    "center": [
                        -1.1950169801712036, 
                        179.7526092529297, 
                        -26.05327606201172
                    ]
                }, 
                {
                    "length": 26.490489959716797, 
                    "direction": [
                        0.06825074553489685, 
                        0.5855332016944885, 
                        -0.8077701330184937
                    ], 
                    "center": [
                        -3.58335018157959, 
                        152.44912719726562, 
                        -23.84200096130371
                    ]
                }, 
                {
                    "length": 17.86687660217285, 
                    "direction": [
                        0.02666071057319641, 
                        0.05015784129500389, 
                        -0.9983853697776794
                    ], 
                    "center": [
                        -4.725520133972168, 
                        144.24551391601562, 
                        -4.223872184753418
                    ]
                }
            ]
        }, 
        {
            "type": 4, 
            "bone": [
                {
                    "length": 55.449283599853516, 
                    "direction": [
                        0.09621869027614594, 
                        -0.3368209898471832, 
                        0.9366394877433777
                    ], 
                    "center": [
                        -17.0612850189209, 
                        189.4136199951172, 
                        12.671272277832031
                    ]
                }, 
                {
                    "length": 33.812808990478516, 
                    "direction": [
                        -0.05258965492248535, 
                        0.8837692737579346, 
                        0.4649583399295807
                    ], 
                    "center": [
                        -18.839813232421875, 
                        183.8105010986328, 
                        -21.157495498657227
                    ]
                }, 
                {
                    "length": 18.703413009643555, 
                    "direction": [
                        -0.23104673624038696, 
                        0.6169577240943909, 
                        -0.7523168921470642
                    ], 
                    "center": [
                        -15.790029525756836, 
                        163.0995330810547, 
                        -21.98282241821289
                    ]
                }, 
                {
                    "length": 16.482967376708984, 
                    "direction": [
                        -0.1905767172574997, 
                        0.0919889360666275, 
                        -0.9773527979850769
                    ], 
                    "center": [
                        -12.05871295928955, 
                        156.57180786132812, 
                        -6.892538070678711
                    ]
                }
            ]
        }
    ], 
    "hand": {
        "grab_strength": 1.0, 
        "wrist_position": [
            -2.40146541595459, 
            170.7705841064453, 
            46.63665008544922
        ], 
        "palm_width": 87.01065063476562, 
        "palm_velocity": [
            28.64358901977539, 
            -31.716825485229492, 
            13.25507640838623
        ], 
        "palm_normal": [
            -0.26777383685112, 
            -0.8762480616569519, 
            -0.400607705116272
        ], 
        "is_left": true, 
        "palm_position": [
            12.925037384033203, 
            183.4884796142578, 
            -1.7376786470413208
        ], 
        "pinch_strength": 0.2792258560657501, 
        "is_right": false
    }
}