{
    "timestamp": 33140656284, 
    "id": 507154, 
    "fingers": [
        {
            "type": 0, 
            "bone": [
                {
                    "length": 0.0, 
                    "direction": [
                        0.0, 
                        0.0, 
                        0.0
                    ], 
                    "center": [
                        19.851764678955078, 
                        152.04586791992188, 
                        47.0076904296875
                    ]
                }, 
                {
                    "length": 47.7345085144043, 
                    "direction": [
                        -0.6056427955627441, 
                        -0.020273445174098015, 
                        0.795478343963623
                    ], 
                    "center": [
                        34.306793212890625, 
                        152.5297393798828, 
                        28.021806716918945
                    ]
                }, 
                {
                    "length": 32.60446548461914, 
                    "direction": [
                        -0.373368501663208, 
                        -0.021329427137970924, 
                        0.9274379014968872
                    ], 
                    "center": [
                        54.84856414794922, 
                        153.361328125, 
                        -6.083385467529297
                    ]
                }, 
                {
                    "length": 22.380067825317383, 
                    "direction": [
                        0.4146004319190979, 
                        -0.015509646385908127, 
                        0.9098713994026184
                    ], 
                    "center": [
                        56.29591369628906, 
                        153.88259887695312, 
                        -31.384185791015625
                    ]
                }
            ]
        }, 
        {
            "type": 1, 
            "bone": [
                {
                    "length": 70.35211181640625, 
                    "direction": [
                        -0.29593268036842346, 
                        -0.17233216762542725, 
                        0.9395346641540527
                    ], 
                    "center": [
                        29.833965301513672, 
                        180.65403747558594, 
                        11.65701961517334
                    ]
                }, 
                {
                    "length": 41.08348083496094, 
                    "direction": [
                        0.2768750488758087, 
                        0.8909987807273865, 
                        0.35980749130249023
                    ], 
                    "center": [
                        34.55621337890625, 
                        168.413330078125, 
                        -28.783180236816406
                    ]
                }, 
                {
                    "length": 23.11333465576172, 
                    "direction": [
                        0.4344797730445862, 
                        0.4399119019508362, 
                        -0.785942018032074
                    ], 
                    "center": [
                        23.847579956054688, 
                        145.02676391601562, 
                        -27.091381072998047
                    ]
                }, 
                {
                    "length": 16.338380813598633, 
                    "direction": [
                        0.27130672335624695, 
                        -0.05872974544763565, 
                        -0.9606994986534119
                    ], 
                    "center": [
                        16.61008644104004, 
                        140.422607421875, 
                        -10.16037368774414
                    ]
                }
            ]
        }, 
        {
            "type": 2, 
            "bone": [
                {
                    "length": 66.7167739868164, 
                    "direction": [
                        -0.16925819218158722, 
                        -0.22065797448158264, 
                        0.9605528116226196
                    ], 
                    "center": [
                        15.243453025817871, 
                        187.89340209960938, 
                        10.058445930480957
                    ]
                }, 
                {
                    "length": 46.0924072265625, 
                    "direction": [
                        0.1286553293466568, 
                        0.9262024760246277, 
                        0.3543962836265564
                    ], 
                    "center": [
                        17.92461585998535, 
                        173.90875244140625, 
                        -30.151535034179688
                    ]
                }, 
                {
                    "length": 27.19276237487793, 
                    "direction": [
                        0.2266494333744049, 
                        0.5263320803642273, 
                        -0.819514811038971
                    ], 
                    "center": [
                        11.877986907958984, 
                        145.40707397460938, 
                        -27.176586151123047
                    ]
                }, 
                {
                    "length": 17.970151901245117, 
                    "direction": [
                        0.14874887466430664, 
                        0.00014180279686115682, 
                        -0.9888750314712524
                    ], 
                    "center": [
                        7.459855079650879, 
                        138.24960327148438, 
                        -7.149033546447754
                    ]
                }
            ]
        }, 
        {
            "type": 3, 
            "bone": [
                {
                    "length": 59.900508880615234, 
                    "direction": [
                        -0.025263935327529907, 
                        -0.26602184772491455, 
                        0.9636358022689819
                    ], 
                    "center": [
                        -0.7687608003616333, 
                        191.6805877685547, 
                        11.193784713745117
                    ]
                }, 
                {
                    "length": 42.7255744934082, 
                    "direction": [
                        0.06894069910049438, 
                        0.9143335819244385, 
                        0.39905035495758057
                    ], 
                    "center": [
                        -1.4848650693893433, 
                        180.11529541015625, 
                        -26.192182540893555
                    ]
                }, 
                {
                    "length": 26.490488052368164, 
                    "direction": [
                        0.06609635055065155, 
                        0.5881437659263611, 
                        -0.8060509562492371
                    ], 
                    "center": [
                        -3.8330929279327393, 
                        152.79248046875, 
                        -24.040668487548828
                    ]
                }, 
                {
                    "length": 17.86687660217285, 
                    "direction": [
                        0.024986764416098595, 
                        0.05403256043791771, 
                        -0.998226523399353
                    ], 
                    "center": [
                        -4.9317731857299805, 
                        144.51966857910156, 
                        -4.446731090545654
                    ]
                }
            ]
        }, 
        {
            "type": 4, 
            "bone": [
                {
                    "length": 55.44927215576172, 
                    "direction": [
                        0.09788980334997177, 
                        -0.33924156427383423, 
                        0.9355921745300293
                    ], 
                    "center": [
                        -17.309974670410156, 
                        189.6569061279297, 
                        12.565321922302246
                    ]
                }, 
                {
                    "length": 33.81280517578125, 
                    "direction": [
                        -0.052984241396188736, 
                        0.8827977180480957, 
                        0.46675553917884827
                    ], 
                    "center": [
                        -19.12816047668457, 
                        184.1373291015625, 
                        -21.264789581298828
                    ]
                }, 
                {
                    "length": 18.703413009643555, 
                    "direction": [
                        -0.23475632071495056, 
                        0.618821918964386, 
                        -0.7496325969696045
                    ], 
                    "center": [
                        -16.037015914916992, 
                        163.42535400390625, 
                        -22.14560317993164
                    ]
                }, 
                {
                    "length": 16.482967376708984, 
                    "direction": [
                        -0.19415605068206787, 
                        0.09540858119726181, 
                        -0.9763199090957642
                    ], 
                    "center": [
                        -12.241509437561035, 
                        156.85198974609375, 
                        -7.088933944702148
                    ]
                }
            ]
        }
    ], 
    "hand": {
        "grab_strength": 1.0, 
        "wrist_position": [
            -2.5814177989959717, 
            170.94032287597656, 
            46.46044158935547
        ], 
        "palm_width": 87.01065063476562, 
        "palm_velocity": [
            31.6378116607666, 
            -33.60856246948242, 
            12.823979377746582
        ], 
        "palm_normal": [
            -0.2671937942504883, 
            -0.8754963278770447, 
            -0.40263333916664124
        ], 
        "is_left": true, 
        "palm_position": [
            12.664678573608398, 
            183.80908203125, 
            -1.8993922472000122
        ], 
        "pinch_strength": 0.2776564061641693, 
        "is_right": false
    }
}