{
    "timestamp": 33140621868, 
    "id": 507151, 
    "fingers": [
        {
            "type": 0, 
            "bone": [
                {
                    "length": 0.0, 
                    "direction": [
                        0.0, 
                        0.0, 
                        0.0
                    ], 
                    "center": [
                        19.43958282470703, 
                        152.99021911621094, 
                        46.351646423339844
                    ]
                }, 
                {
                    "length": 47.7345085144043, 
                    "direction": [
                        -0.6031327843666077, 
                        -0.0371626541018486, 
                        0.7967746257781982
                    ], 
                    "center": [
                        33.8347053527832, 
                        153.877197265625, 
                        27.334823608398438
                    ]
                }, 
                {
                    "length": 32.60446548461914, 
                    "direction": [
                        -0.3713509738445282, 
                        -0.03562486171722412, 
                        0.9278088808059692
                    ], 
                    "center": [
                        54.28367614746094, 
                        155.3449249267578, 
                        -6.807353973388672
                    ]
                }, 
                {
                    "length": 22.380067825317383, 
                    "direction": [
                        0.41711270809173584, 
                        -0.016845980659127235, 
                        0.9086986184120178
                    ], 
                    "center": [
                        55.670021057128906, 
                        156.11419677734375, 
                        -32.101078033447266
                    ]
                }
            ]
        }, 
        {
            "type": 1, 
            "bone": [
                {
                    "length": 70.35211944580078, 
                    "direction": [
                        -0.28967997431755066, 
                        -0.18161772191524506, 
                        0.9397342801094055
                    ], 
                    "center": [
                        28.879871368408203, 
                        181.92929077148438, 
                        11.121647834777832
                    ]
                }, 
                {
                    "length": 41.08349609375, 
                    "direction": [
                        0.2666967809200287, 
                        0.8932399153709412, 
                        0.36193257570266724
                    ], 
                    "center": [
                        33.59125518798828, 
                        169.96917724609375, 
                        -29.36922836303711
                    ]
                }, 
                {
                    "length": 23.113332748413086, 
                    "direction": [
                        0.4248751997947693, 
                        0.44953131675720215, 
                        -0.7857497334480286
                    ], 
                    "center": [
                        23.202693939208984, 
                        146.42538452148438, 
                        -27.723308563232422
                    ]
                }, 
                {
                    "length": 16.338380813598633, 
                    "direction": [
                        0.26814547181129456, 
                        -0.049433477222919464, 
                        -0.962109386920929
                    ], 
                    "center": [
                        16.102022171020508, 
                        141.63412475585938, 
                        -10.783005714416504
                    ]
                }
            ]
        }, 
        {
            "type": 2, 
            "bone": [
                {
                    "length": 66.71676635742188, 
                    "direction": [
                        -0.1622629016637802, 
                        -0.22829508781433105, 
                        0.9599750638008118
                    ], 
                    "center": [
                        14.183982849121094, 
                        188.9740447998047, 
                        9.621932029724121
                    ]
                }, 
                {
                    "length": 46.092403411865234, 
                    "direction": [
                        0.11753246188163757, 
                        0.9262787103652954, 
                        0.3580417335033417
                    ], 
                    "center": [
                        16.888134002685547, 
                        175.24240112304688, 
                        -30.652786254882812
                    ]
                }, 
                {
                    "length": 27.192766189575195, 
                    "direction": [
                        0.21536019444465637, 
                        0.5339297652244568, 
                        -0.817642331123352
                    ], 
                    "center": [
                        11.251338005065918, 
                        146.63568115234375, 
                        -27.787311553955078
                    ]
                }, 
                {
                    "length": 17.970151901245117, 
                    "direction": [
                        0.14417101442813873, 
                        0.008399480022490025, 
                        -0.989517092704773
                    ], 
                    "center": [
                        7.027831077575684, 
                        139.30068969726562, 
                        -7.779445171356201
                    ]
                }
            ]
        }, 
        {
            "type": 3, 
            "bone": [
                {
                    "length": 59.90050506591797, 
                    "direction": [
                        -0.017642086371779442, 
                        -0.2716711461544037, 
                        0.9622284770011902
                    ], 
                    "center": [
                        -1.874439001083374, 
                        192.53213500976562, 
                        10.842474937438965
                    ]
                }, 
                {
                    "length": 42.7255744934082, 
                    "direction": [
                        0.058135565370321274, 
                        0.9138979315757751, 
                        0.40175971388816833
                    ], 
                    "center": [
                        -2.587991714477539, 
                        181.14535522460938, 
                        -26.559219360351562
                    ]
                }, 
                {
                    "length": 26.49048614501953, 
                    "direction": [
                        0.05365139618515968, 
                        0.5943555235862732, 
                        -0.8024108409881592
                    ], 
                    "center": [
                        -4.540555477142334, 
                        153.74957275390625, 
                        -24.5137996673584
                    ]
                }, 
                {
                    "length": 17.86687660217285, 
                    "direction": [
                        0.019298788160085678, 
                        0.06324494630098343, 
                        -0.9978113174438477
                    ], 
                    "center": [
                        -5.423585891723633, 
                        145.31219482421875, 
                        -4.97178840637207
                    ]
                }
            ]
        }, 
        {
            "type": 4, 
            "bone": [
                {
                    "length": 55.449283599853516, 
                    "direction": [
                        0.10639964044094086, 
                        -0.3430173099040985, 
                        0.9332835078239441
                    ], 
                    "center": [
                        -18.38027000427246, 
                        190.2713623046875, 
                        12.26887321472168
                    ]
                }, 
                {
                    "length": 33.812801361083984, 
                    "direction": [
                        -0.062446754425764084, 
                        0.8798063397407532, 
                        0.4712124168872833
                    ], 
                    "center": [
                        -20.274412155151367, 
                        184.90704345703125, 
                        -21.572586059570312
                    ]
                }, 
                {
                    "length": 18.703418731689453, 
                    "direction": [
                        -0.2535346746444702, 
                        0.6219813823699951, 
                        -0.7408503890037537
                    ], 
                    "center": [
                        -16.847679138183594, 
                        164.21609497070312, 
                        -22.61087417602539
                    ]
                }, 
                {
                    "length": 16.48296546936035, 
                    "direction": [
                        -0.20783664286136627, 
                        0.10379479080438614, 
                        -0.972641110420227
                    ], 
                    "center": [
                        -12.763814926147461, 
                        157.54408264160156, 
                        -7.666650295257568
                    ]
                }
            ]
        }
    ], 
    "hand": {
        "grab_strength": 1.0, 
        "wrist_position": [
            -3.2554757595062256, 
            171.5740203857422, 
            45.99971389770508
        ], 
        "palm_width": 87.01065063476562, 
        "palm_velocity": [
            36.22697448730469, 
            -37.6178092956543, 
            10.284736633300781
        ], 
        "palm_normal": [
            -0.25666871666908264, 
            -0.8768832087516785, 
            -0.40644440054893494
        ], 
        "is_left": true, 
        "palm_position": [
            11.613336563110352, 
            184.92047119140625, 
            -2.3481149673461914
        ], 
        "pinch_strength": 0.2716566026210785, 
        "is_right": false
    }
}