{
    "timestamp": 33140587441, 
    "id": 507148, 
    "fingers": [
        {
            "type": 0, 
            "bone": [
                {
                    "length": 0.0, 
                    "direction": [
                        0.0, 
                        0.0, 
                        0.0
                    ], 
                    "center": [
                        19.01198959350586, 
                        154.34616088867188, 
                        45.98658752441406
                    ]
                }, 
                {
                    "length": 47.7345085144043, 
                    "direction": [
                        -0.5982224941253662, 
                        -0.05307146906852722, 
                        0.7995707392692566
                    ], 
                    "center": [
                        33.2899169921875, 
                        155.61282348632812, 
                        26.903030395507812
                    ]
                }, 
                {
                    "length": 32.60446548461914, 
                    "direction": [
                        -0.3653876483440399, 
                        -0.04817887768149376, 
                        0.9296078085899353
                    ], 
                    "center": [
                        53.524478912353516, 
                        157.6649169921875, 
                        -7.335209846496582
                    ]
                }, 
                {
                    "length": 22.380067825317383, 
                    "direction": [
                        0.4225001335144043, 
                        -0.015066474676132202, 
                        0.9062376618385315
                    ], 
                    "center": [
                        54.75332260131836, 
                        158.6189422607422, 
                        -32.63072204589844
                    ]
                }
            ]
        }, 
        {
            "type": 1, 
            "bone": [
                {
                    "length": 70.35211181640625, 
                    "direction": [
                        -0.2803187668323517, 
                        -0.18629130721092224, 
                        0.9416564106941223
                    ], 
                    "center": [
                        27.790428161621094, 
                        183.4382781982422, 
                        10.711539268493652
                    ]
                }, 
                {
                    "length": 41.08348083496094, 
                    "direction": [
                        0.2574253976345062, 
                        0.8971496820449829, 
                        0.35896337032318115
                    ], 
                    "center": [
                        32.36296844482422, 
                        171.562255859375, 
                        -29.785953521728516
                    ]
                }, 
                {
                    "length": 23.113332748413086, 
                    "direction": [
                        0.41253647208213806, 
                        0.45508140325546265, 
                        -0.7891226410865784
                    ], 
                    "center": [
                        22.307456970214844, 
                        147.8740234375, 
                        -28.04006004333496
                    ]
                }, 
                {
                    "length": 16.338380813598633, 
                    "direction": [
                        0.26169782876968384, 
                        -0.04513463005423546, 
                        -0.9640939831733704
                    ], 
                    "center": [
                        15.40205192565918, 
                        142.98350524902344, 
                        -11.04456615447998
                    ]
                }
            ]
        }, 
        {
            "type": 2, 
            "bone": [
                {
                    "length": 66.71676635742188, 
                    "direction": [
                        -0.152115598320961, 
                        -0.23118574917316437, 
                        0.9609443545341492
                    ], 
                    "center": [
                        12.986538887023926, 
                        190.27667236328125, 
                        9.322969436645508
                    ]
                }, 
                {
                    "length": 46.092403411865234, 
                    "direction": [
                        0.1074572503566742, 
                        0.9281017780303955, 
                        0.35648271441459656
                    ], 
                    "center": [
                        15.58438777923584, 
                        176.59942626953125, 
                        -30.94815444946289
                    ]
                }, 
                {
                    "length": 27.192766189575195, 
                    "direction": [
                        0.2010601907968521, 
                        0.5371350049972534, 
                        -0.8191829919815063
                    ], 
                    "center": [
                        10.374215126037598, 
                        147.9071044921875, 
                        -28.025800704956055
                    ]
                }, 
                {
                    "length": 17.970151901245117, 
                    "direction": [
                        0.13609984517097473, 
                        0.01163292396813631, 
                        -0.9906267523765564
                    ], 
                    "center": [
                        6.417655944824219, 
                        140.49949645996094, 
                        -7.9870171546936035
                    ]
                }
            ]
        }, 
        {
            "type": 3, 
            "bone": [
                {
                    "length": 59.900508880615234, 
                    "direction": [
                        -0.006886851042509079, 
                        -0.27252525091171265, 
                        0.9621239304542542
                    ], 
                    "center": [
                        -3.111100673675537, 
                        193.60780334472656, 
                        10.6617431640625
                    ]
                }, 
                {
                    "length": 42.72557830810547, 
                    "direction": [
                        0.04829561337828636, 
                        0.914665699005127, 
                        0.4013156294822693
                    ], 
                    "center": [
                        -3.9365665912628174, 
                        182.23019409179688, 
                        -26.72733497619629
                    ]
                }, 
                {
                    "length": 26.490489959716797, 
                    "direction": [
                        0.038899991661310196, 
                        0.5965718626976013, 
                        -0.801616370677948
                    ], 
                    "center": [
                        -5.4835357666015625, 
                        154.78863525390625, 
                        -24.682950973510742
                    ]
                }, 
                {
                    "length": 17.86687660217285, 
                    "direction": [
                        0.010658119805157185, 
                        0.06650647521018982, 
                        -0.9977290630340576
                    ], 
                    "center": [
                        -6.093989372253418, 
                        146.2927703857422, 
                        -5.152196407318115
                    ]
                }
            ]
        }, 
        {
            "type": 4, 
            "bone": [
                {
                    "length": 55.44928741455078, 
                    "direction": [
                        0.11793369054794312, 
                        -0.34210121631622314, 
                        0.9322329759597778
                    ], 
                    "center": [
                        -19.57281494140625, 
                        191.1142120361328, 
                        12.205171585083008
                    ]
                }, 
                {
                    "length": 33.812808990478516, 
                    "direction": [
                        -0.07045688480138779, 
                        0.8791654109954834, 
                        0.4712790846824646
                    ], 
                    "center": [
                        -21.651309967041016, 
                        185.73532104492188, 
                        -21.608291625976562
                    ]
                }, 
                {
                    "length": 18.703420639038086, 
                    "direction": [
                        -0.2761346995830536, 
                        0.6200608611106873, 
                        -0.7343528866767883
                    ], 
                    "center": [
                        -17.8778076171875, 
                        165.0731658935547, 
                        -22.70846939086914
                    ]
                }, 
                {
                    "length": 16.482967376708984, 
                    "direction": [
                        -0.2260623425245285, 
                        0.10572493076324463, 
                        -0.9683583974838257
                    ], 
                    "center": [
                        -13.43238639831543, 
                        158.4031982421875, 
                        -7.860304832458496
                    ]
                }
            ]
        }
    ], 
    "hand": {
        "grab_strength": 1.0, 
        "wrist_position": [
            -3.944002628326416, 
            172.6092071533203, 
            45.81209182739258
        ], 
        "palm_width": 87.01065063476562, 
        "palm_velocity": [
            37.152320861816406, 
            -38.96179962158203, 
            14.836282730102539
        ], 
        "palm_normal": [
            -0.24723944067955017, 
            -0.8801382184028625, 
            -0.40525224804878235
        ], 
        "is_left": true, 
        "palm_position": [
            10.386932373046875, 
            186.19522094726562, 
            -2.6313421726226807
        ], 
        "pinch_strength": 0.2642374336719513, 
        "is_right": false
    }
}