{
    "timestamp": 33140702203, 
    "id": 507158, 
    "fingers": [
        {
            "type": 0, 
            "bone": [
                {
                    "length": 0.0, 
                    "direction": [
                        0.0, 
                        0.0, 
                        0.0
                    ], 
                    "center": [
                        20.368741989135742, 
                        151.63209533691406, 
                        47.80244064331055
                    ]
                }, 
                {
                    "length": 47.7345085144043, 
                    "direction": [
                        -0.6084035634994507, 
                        -0.008908910676836967, 
                        0.7935777902603149
                    ], 
                    "center": [
                        34.88966369628906, 
                        151.8447265625, 
                        28.86191749572754
                    ]
                }, 
                {
                    "length": 32.60446548461914, 
                    "direction": [
                        -0.37208595871925354, 
                        -0.009293482638895512, 
                        0.9281517863273621
                    ], 
                    "center": [
                        55.476417541503906, 
                        152.2088623046875, 
                        -5.209553241729736
                    ]
                }, 
                {
                    "length": 22.380067825317383, 
                    "direction": [
                        0.4096735715866089, 
                        -0.006563032045960426, 
                        0.912208616733551
                    ], 
                    "center": [
                        56.95799255371094, 
                        152.43380737304688, 
                        -30.548145294189453
                    ]
                }
            ]
        }, 
        {
            "type": 1, 
            "bone": [
                {
                    "length": 70.35211181640625, 
                    "direction": [
                        -0.2998664379119873, 
                        -0.16202090680599213, 
                        0.9401220083236694
                    ], 
                    "center": [
                        30.558425903320312, 
                        179.8541259765625, 
                        12.201481819152832
                    ]
                }, 
                {
                    "length": 41.0834846496582, 
                    "direction": [
                        0.27712297439575195, 
                        0.8933734893798828, 
                        0.3536759614944458
                    ], 
                    "center": [
                        35.41395568847656, 
                        167.20193481445312, 
                        -28.1334228515625
                    ]
                }, 
                {
                    "length": 23.11332893371582, 
                    "direction": [
                        0.4386581778526306, 
                        0.4310280680656433, 
                        -0.7885390520095825
                    ], 
                    "center": [
                        24.651941299438477, 
                        143.86924743652344, 
                        -26.285663604736328
                    ]
                }, 
                {
                    "length": 16.338380813598633, 
                    "direction": [
                        0.2742878794670105, 
                        -0.07025155425071716, 
                        -0.9590781331062317
                    ], 
                    "center": [
                        17.341806411743164, 
                        139.46189880371094, 
                        -9.337889671325684
                    ]
                }
            ]
        }, 
        {
            "type": 2, 
            "bone": [
                {
                    "length": 66.7167739868164, 
                    "direction": [
                        -0.17340080440044403, 
                        -0.2104668915271759, 
                        0.9620996713638306
                    ], 
                    "center": [
                        15.99343490600586, 
                        187.11557006835938, 
                        10.475399017333984
                    ]
                }, 
                {
                    "length": 46.0924072265625, 
                    "direction": [
                        0.12936604022979736, 
                        0.9288803339004517, 
                        0.34705284237861633
                    ], 
                    "center": [
                        18.796409606933594, 
                        172.729248046875, 
                        -29.616945266723633
                    ]
                }, 
                {
                    "length": 27.19276237487793, 
                    "direction": [
                        0.23198629915714264, 
                        0.5171115398406982, 
                        -0.8238797783851624
                    ], 
                    "center": [
                        12.660839080810547, 
                        144.29122924804688, 
                        -26.41341209411621
                    ]
                }, 
                {
                    "length": 17.970151901245117, 
                    "direction": [
                        0.15305103361606598, 
                        -0.011942002922296524, 
                        -0.988146185874939
                    ], 
                    "center": [
                        8.131488800048828, 
                        137.36769104003906, 
                        -6.333059787750244
                    ]
                }
            ]
        }, 
        {
            "type": 3, 
            "bone": [
                {
                    "length": 59.900508880615234, 
                    "direction": [
                        -0.0295413751155138, 
                        -0.256178617477417, 
                        0.9661778807640076
                    ], 
                    "center": [
                        -0.012630641460418701, 
                        190.95648193359375, 
                        11.512714385986328
                    ]
                }, 
                {
                    "length": 42.7255859375, 
                    "direction": [
                        0.06957919150590897, 
                        0.9171618819236755, 
                        0.3923936188220978
                    ], 
                    "center": [
                        -0.614264726638794, 
                        179.0359649658203, 
                        -25.80718421936035
                    ]
                }, 
                {
                    "length": 26.490478515625, 
                    "direction": [
                        0.07185427099466324, 
                        0.5782245397567749, 
                        -0.8127075433731079
                    ], 
                    "center": [
                        -3.0523977279663086, 
                        151.7841033935547, 
                        -23.425302505493164
                    ]
                }, 
                {
                    "length": 17.86687469482422, 
                    "direction": [
                        0.029787039384245872, 
                        0.03921007737517357, 
                        -0.998786985874176
                    ], 
                    "center": [
                        -4.270225524902344, 
                        143.7751007080078, 
                        -3.7381951808929443
                    ]
                }
            ]
        }, 
        {
            "type": 4, 
            "bone": [
                {
                    "length": 55.44927978515625, 
                    "direction": [
                        0.09351795166730881, 
                        -0.3300049602985382, 
                        0.9393354654312134
                    ], 
                    "center": [
                        -16.56418228149414, 
                        188.99066162109375, 
                        12.843050003051758
                    ]
                }, 
                {
                    "length": 33.812808990478516, 
                    "direction": [
                        -0.05288112163543701, 
                        0.886527419090271, 
                        0.4596441090106964
                    ], 
                    "center": [
                        -18.262903213500977, 
                        183.1519317626953, 
                        -20.970617294311523
                    ]
                }, 
                {
                    "length": 18.703418731689453, 
                    "direction": [
                        -0.22315993905067444, 
                        0.6107898354530334, 
                        -0.7596942186355591
                    ], 
                    "center": [
                        -15.281946182250977, 
                        162.45201110839844, 
                        -21.637107849121094
                    ]
                }, 
                {
                    "length": 16.482967376708984, 
                    "direction": [
                        -0.18220192193984985, 
                        0.08167444169521332, 
                        -0.979863166809082
                    ], 
                    "center": [
                        -11.693405151367188, 
                        156.06695556640625, 
                        -6.457140922546387
                    ]
                }
            ]
        }
    ], 
    "hand": {
        "grab_strength": 1.0, 
        "wrist_position": [
            -2.011399269104004, 
            170.5794219970703, 
            46.98046112060547
        ], 
        "palm_width": 87.01065063476562, 
        "palm_velocity": [
            18.481311798095703, 
            -19.8908634185791, 
            9.35642147064209
        ], 
        "palm_normal": [
            -0.2680554986000061, 
            -0.878818929195404, 
            -0.394744873046875
        ], 
        "is_left": true, 
        "palm_position": [
            13.447919845581055, 
            182.91717529296875, 
            -1.4500133991241455
        ], 
        "pinch_strength": 0.28212282061576843, 
        "is_right": false
    }
}