{
    "timestamp": 33140679432, 
    "id": 507156, 
    "fingers": [
        {
            "type": 0, 
            "bone": [
                {
                    "length": 0.0, 
                    "direction": [
                        0.0, 
                        0.0, 
                        0.0
                    ], 
                    "center": [
                        20.158639907836914, 
                        151.72434997558594, 
                        47.500946044921875
                    ]
                }, 
                {
                    "length": 47.73450469970703, 
                    "direction": [
                        -0.6073034405708313, 
                        -0.012921597808599472, 
                        0.7943649888038635
                    ], 
                    "center": [
                        34.65330505371094, 
                        152.03274536132812, 
                        28.541637420654297
                    ]
                }, 
                {
                    "length": 32.60446548461914, 
                    "direction": [
                        -0.3728610873222351, 
                        -0.013699673116207123, 
                        0.9277860522270203
                    ], 
                    "center": [
                        55.226436614990234, 
                        152.56448364257812, 
                        -5.542656421661377
                    ]
                }, 
                {
                    "length": 22.380067825317383, 
                    "direction": [
                        0.4119376540184021, 
                        -0.010234539397060871, 
                        0.911154568195343
                    ], 
                    "center": [
                        56.695308685302734, 
                        152.90234375, 
                        -30.86349105834961
                    ]
                }
            ]
        }, 
        {
            "type": 1, 
            "bone": [
                {
                    "length": 70.35211181640625, 
                    "direction": [
                        -0.2985875904560089, 
                        -0.1662314385175705, 
                        0.9397938847541809
                    ], 
                    "center": [
                        30.284154891967773, 
                        180.10479736328125, 
                        12.007769584655762
                    ]
                }, 
                {
                    "length": 41.08347702026367, 
                    "direction": [
                        0.2773343622684479, 
                        0.8923118114471436, 
                        0.3561815619468689
                    ], 
                    "center": [
                        35.09035873413086, 
                        167.62252807617188, 
                        -28.367061614990234
                    ]
                }, 
                {
                    "length": 23.113338470458984, 
                    "direction": [
                        0.4373372495174408, 
                        0.4346317648887634, 
                        -0.7872936725616455
                    ], 
                    "center": [
                        24.33926773071289, 
                        144.26998901367188, 
                        -26.585159301757812
                    ]
                }, 
                {
                    "length": 16.338380813598633, 
                    "direction": [
                        0.2733984887599945, 
                        -0.06532511115074158, 
                        -0.9596801400184631
                    ], 
                    "center": [
                        17.051660537719727, 
                        139.78076171875, 
                        -9.646856307983398
                    ]
                }
            ]
        }, 
        {
            "type": 2, 
            "bone": [
                {
                    "length": 66.7167739868164, 
                    "direction": [
                        -0.17206040024757385, 
                        -0.21467995643615723, 
                        0.9614092111587524
                    ], 
                    "center": [
                        15.711867332458496, 
                        187.36305236816406, 
                        10.33055305480957
                    ]
                }, 
                {
                    "length": 46.0924186706543, 
                    "direction": [
                        0.12935557961463928, 
                        0.9277402758598328, 
                        0.3500930368900299
                    ], 
                    "center": [
                        18.470369338989258, 
                        173.14352416992188, 
                        -29.808826446533203
                    ]
                }, 
                {
                    "length": 27.192764282226562, 
                    "direction": [
                        0.23017019033432007, 
                        0.5209721326828003, 
                        -0.8219548463821411
                    ], 
                    "center": [
                        12.359731674194336, 
                        144.67929077148438, 
                        -26.7015323638916
                    ]
                }, 
                {
                    "length": 17.970151901245117, 
                    "direction": [
                        0.1515391618013382, 
                        -0.006738604512065649, 
                        -0.9884282946586609
                    ], 
                    "center": [
                        7.868658542633057, 
                        137.65650939941406, 
                        -6.644818305969238
                    ]
                }
            ]
        }, 
        {
            "type": 3, 
            "bone": [
                {
                    "length": 59.900508880615234, 
                    "direction": [
                        -0.028163501992821693, 
                        -0.2603050768375397, 
                        0.9651155471801758
                    ], 
                    "center": [
                        -0.29563605785369873, 
                        191.1880340576172, 
                        11.403942108154297
                    ]
                }, 
                {
                    "length": 42.725589752197266, 
                    "direction": [
                        0.06958626210689545, 
                        0.9161043763160706, 
                        0.3948553204536438
                    ], 
                    "center": [
                        -0.9386889934539795, 
                        179.4136962890625, 
                        -25.93672752380371
                    ]
                }, 
                {
                    "length": 26.490480422973633, 
                    "direction": [
                        0.06986711919307709, 
                        0.5824005603790283, 
                        -0.8098939061164856
                    ], 
                    "center": [
                        -3.3506526947021484, 
                        152.1291046142578, 
                        -23.64470100402832
                    ]
                }, 
                {
                    "length": 17.86687469482422, 
                    "direction": [
                        0.02807583659887314, 
                        0.04577498137950897, 
                        -0.9985571503639221
                    ], 
                    "center": [
                        -4.526873588562012, 
                        144.00613403320312, 
                        -3.996913433074951
                    ]
                }
            ]
        }, 
        {
            "type": 4, 
            "bone": [
                {
                    "length": 55.44927978515625, 
                    "direction": [
                        0.09491512924432755, 
                        -0.33392828702926636, 
                        0.937807559967041
                    ], 
                    "center": [
                        -16.84412384033203, 
                        189.2046661376953, 
                        12.746330261230469
                    ]
                }, 
                {
                    "length": 33.81281280517578, 
                    "direction": [
                        -0.052621182054281235, 
                        0.8849275708198547, 
                        0.46274638175964355
                    ], 
                    "center": [
                        -18.585975646972656, 
                        183.50177001953125, 
                        -21.07742691040039
                    ]
                }, 
                {
                    "length": 18.70341682434082, 
                    "direction": [
                        -0.22794143855571747, 
                        0.6146357655525208, 
                        -0.755159318447113
                    ], 
                    "center": [
                        -15.564699172973633, 
                        162.7929229736328, 
                        -21.838775634765625
                    ]
                }, 
                {
                    "length": 16.482967376708984, 
                    "direction": [
                        -0.18735846877098083, 
                        0.08810272067785263, 
                        -0.9783325791358948
                    ], 
                    "center": [
                        -11.888944625854492, 
                        156.31893920898438, 
                        -6.713832378387451
                    ]
                }
            ]
        }
    ], 
    "hand": {
        "grab_strength": 1.0, 
        "wrist_position": [
            -2.2360010147094727, 
            170.65892028808594, 
            46.78716278076172
        ], 
        "palm_width": 87.01065063476562, 
        "palm_velocity": [
            25.575986862182617, 
            -28.92452049255371, 
            12.477094650268555
        ], 
        "palm_normal": [
            -0.26791712641716003, 
            -0.8773250579833984, 
            -0.3981471061706543
        ], 
        "is_left": true, 
        "palm_position": [
            13.154595375061035, 
            183.21356201171875, 
            -1.6094526052474976
        ], 
        "pinch_strength": 0.2806524336338043, 
        "is_right": false
    }
}