{
    "timestamp": 33140725246, 
    "id": 507160, 
    "fingers": [
        {
            "type": 0, 
            "bone": [
                {
                    "length": 0.0, 
                    "direction": [
                        0.0, 
                        0.0, 
                        0.0
                    ], 
                    "center": [
                        20.489238739013672, 
                        151.64720153808594, 
                        48.070980072021484
                    ]
                }, 
                {
                    "length": 47.7345085144043, 
                    "direction": [
                        -0.6097398996353149, 
                        -0.005296757910400629, 
                        0.7925839424133301
                    ], 
                    "center": [
                        35.04205322265625, 
                        151.77362060546875, 
                        29.154178619384766
                    ]
                }, 
                {
                    "length": 32.604461669921875, 
                    "direction": [
                        -0.3717471659183502, 
                        -0.0052925776690244675, 
                        0.928318977355957
                    ], 
                    "center": [
                        55.655181884765625, 
                        151.986328125, 
                        -4.896295070648193
                    ]
                }, 
                {
                    "length": 22.380069732666016, 
                    "direction": [
                        0.4069809317588806, 
                        -0.0031512915156781673, 
                        0.9134312868118286
                    ], 
                    "center": [
                        57.16135787963867, 
                        152.1078643798828, 
                        -30.251293182373047
                    ]
                }
            ]
        }, 
        {
            "type": 1, 
            "bone": [
                {
                    "length": 70.35211181640625, 
                    "direction": [
                        -0.3013516068458557, 
                        -0.15805959701538086, 
                        0.9403213262557983
                    ], 
                    "center": [
                        30.74935531616211, 
                        179.71978759765625, 
                        12.372225761413574
                    ]
                }, 
                {
                    "length": 41.0834846496582, 
                    "direction": [
                        0.2768835723400116, 
                        0.8944461345672607, 
                        0.35114333033561707
                    ], 
                    "center": [
                        35.662044525146484, 
                        166.90621948242188, 
                        -27.917667388916016
                    ]
                }, 
                {
                    "length": 23.11333465576172, 
                    "direction": [
                        0.4401527941226959, 
                        0.4273105263710022, 
                        -0.789728581905365
                    ], 
                    "center": [
                        24.887676239013672, 
                        143.59445190429688, 
                        -26.004133224487305
                    ]
                }, 
                {
                    "length": 16.338380813598633, 
                    "direction": [
                        0.2753961384296417, 
                        -0.07519480586051941, 
                        -0.9583854079246521
                    ], 
                    "center": [
                        17.551212310791016, 
                        139.27044677734375, 
                        -9.048269271850586
                    ]
                }
            ]
        }, 
        {
            "type": 2, 
            "bone": [
                {
                    "length": 66.7167739868164, 
                    "direction": [
                        -0.17494961619377136, 
                        -0.20649786293506622, 
                        0.9626792073249817
                    ], 
                    "center": [
                        16.19158363342285, 
                        186.9835205078125, 
                        10.595612525939941
                    ]
                }, 
                {
                    "length": 46.092411041259766, 
                    "direction": [
                        0.12917934358119965, 
                        0.9298542141914368, 
                        0.34450504183769226
                    ], 
                    "center": [
                        19.050525665283203, 
                        172.44235229492188, 
                        -29.457347869873047
                    ]
                }, 
                {
                    "length": 27.192764282226562, 
                    "direction": [
                        0.23388946056365967, 
                        0.5133535861968994, 
                        -0.825689971446991
                    ], 
                    "center": [
                        12.893383026123047, 
                        144.03298950195312, 
                        -26.170486450195312
                    ]
                }, 
                {
                    "length": 17.97015380859375, 
                    "direction": [
                        0.15465615689754486, 
                        -0.017276164144277573, 
                        -0.9878172874450684
                    ], 
                    "center": [
                        8.323734283447266, 
                        137.20846557617188, 
                        -6.06847620010376
                    ]
                }
            ]
        }, 
        {
            "type": 3, 
            "bone": [
                {
                    "length": 59.9005126953125, 
                    "direction": [
                        -0.031125739216804504, 
                        -0.2522844672203064, 
                        0.9671523571014404
                    ], 
                    "center": [
                        0.1864810585975647, 
                        190.83876037597656, 
                        11.59395980834961
                    ]
                }, 
                {
                    "length": 42.72559356689453, 
                    "direction": [
                        0.069483682513237, 
                        0.9185917377471924, 
                        0.3890519440174103
                    ], 
                    "center": [
                        -0.36566078662872314, 
                        178.77105712890625, 
                        -25.683738708496094
                    ]
                }, 
                {
                    "length": 26.490478515625, 
                    "direction": [
                        0.07386845350265503, 
                        0.5725104808807373, 
                        -0.816563069820404
                    ], 
                    "center": [
                        -2.8284318447113037, 
                        151.5643310546875, 
                        -23.17940330505371
                    ]
                }, 
                {
                    "length": 17.86687660217285, 
                    "direction": [
                        0.03153909742832184, 
                        0.030822675675153732, 
                        -0.9990271329879761
                    ], 
                    "center": [
                        -4.088589668273926, 
                        143.7059326171875, 
                        -3.43908429145813
                    ]
                }
            ]
        }, 
        {
            "type": 4, 
            "bone": [
                {
                    "length": 55.44927978515625, 
                    "direction": [
                        0.09192545711994171, 
                        -0.32629576325416565, 
                        0.9407873153686523
                    ], 
                    "center": [
                        -16.368267059326172, 
                        188.8887939453125, 
                        12.907796859741211
                    ]
                }, 
                {
                    "length": 33.812801361083984, 
                    "direction": [
                        -0.05313993617892265, 
                        0.8876057267189026, 
                        0.45752838253974915
                    ], 
                    "center": [
                        -18.018461227416992, 
                        182.92901611328125, 
                        -20.910350799560547
                    ]
                }, 
                {
                    "length": 18.70341682434082, 
                    "direction": [
                        -0.21815358102321625, 
                        0.6075649857521057, 
                        -0.7637237310409546
                    ], 
                    "center": [
                        -15.079947471618652, 
                        162.24102783203125, 
                        -21.503387451171875
                    ]
                }, 
                {
                    "length": 16.482967376708984, 
                    "direction": [
                        -0.17675642669200897, 
                        0.07561738789081573, 
                        -0.9813455939292908
                    ], 
                    "center": [
                        -11.58310317993164, 
                        155.93605041503906, 
                        -6.273523330688477
                    ]
                }
            ]
        }
    ], 
    "hand": {
        "grab_strength": 1.0, 
        "wrist_position": [
            -1.877495288848877, 
            170.60531616210938, 
            47.14011764526367
        ], 
        "palm_width": 87.01065063476562, 
        "palm_velocity": [
            13.176573753356934, 
            -12.89855670928955, 
            7.336212158203125
        ], 
        "palm_normal": [
            -0.2680395245552063, 
            -0.8802236914634705, 
            -0.3916133940219879
        ], 
        "is_left": true, 
        "palm_position": [
            13.660900115966797, 
            182.7389678955078, 
            -1.3166096210479736
        ], 
        "pinch_strength": 0.28299492597579956, 
        "is_right": false
    }
}